
E:/wibot/project/wibotlib4arm_template/cmake-build-debug/Wibotlib4arm_project_template:     file format elf32-littlearm


Disassembly of section .text:

080000bc <__udivsi3>:
 80000bc:	2200      	movs	r2, #0
 80000be:	0843      	lsrs	r3, r0, #1
 80000c0:	428b      	cmp	r3, r1
 80000c2:	d374      	bcc.n	80001ae <__udivsi3+0xf2>
 80000c4:	0903      	lsrs	r3, r0, #4
 80000c6:	428b      	cmp	r3, r1
 80000c8:	d35f      	bcc.n	800018a <__udivsi3+0xce>
 80000ca:	0a03      	lsrs	r3, r0, #8
 80000cc:	428b      	cmp	r3, r1
 80000ce:	d344      	bcc.n	800015a <__udivsi3+0x9e>
 80000d0:	0b03      	lsrs	r3, r0, #12
 80000d2:	428b      	cmp	r3, r1
 80000d4:	d328      	bcc.n	8000128 <__udivsi3+0x6c>
 80000d6:	0c03      	lsrs	r3, r0, #16
 80000d8:	428b      	cmp	r3, r1
 80000da:	d30d      	bcc.n	80000f8 <__udivsi3+0x3c>
 80000dc:	22ff      	movs	r2, #255	; 0xff
 80000de:	0209      	lsls	r1, r1, #8
 80000e0:	ba12      	rev	r2, r2
 80000e2:	0c03      	lsrs	r3, r0, #16
 80000e4:	428b      	cmp	r3, r1
 80000e6:	d302      	bcc.n	80000ee <__udivsi3+0x32>
 80000e8:	1212      	asrs	r2, r2, #8
 80000ea:	0209      	lsls	r1, r1, #8
 80000ec:	d065      	beq.n	80001ba <__udivsi3+0xfe>
 80000ee:	0b03      	lsrs	r3, r0, #12
 80000f0:	428b      	cmp	r3, r1
 80000f2:	d319      	bcc.n	8000128 <__udivsi3+0x6c>
 80000f4:	e000      	b.n	80000f8 <__udivsi3+0x3c>
 80000f6:	0a09      	lsrs	r1, r1, #8
 80000f8:	0bc3      	lsrs	r3, r0, #15
 80000fa:	428b      	cmp	r3, r1
 80000fc:	d301      	bcc.n	8000102 <__udivsi3+0x46>
 80000fe:	03cb      	lsls	r3, r1, #15
 8000100:	1ac0      	subs	r0, r0, r3
 8000102:	4152      	adcs	r2, r2
 8000104:	0b83      	lsrs	r3, r0, #14
 8000106:	428b      	cmp	r3, r1
 8000108:	d301      	bcc.n	800010e <__udivsi3+0x52>
 800010a:	038b      	lsls	r3, r1, #14
 800010c:	1ac0      	subs	r0, r0, r3
 800010e:	4152      	adcs	r2, r2
 8000110:	0b43      	lsrs	r3, r0, #13
 8000112:	428b      	cmp	r3, r1
 8000114:	d301      	bcc.n	800011a <__udivsi3+0x5e>
 8000116:	034b      	lsls	r3, r1, #13
 8000118:	1ac0      	subs	r0, r0, r3
 800011a:	4152      	adcs	r2, r2
 800011c:	0b03      	lsrs	r3, r0, #12
 800011e:	428b      	cmp	r3, r1
 8000120:	d301      	bcc.n	8000126 <__udivsi3+0x6a>
 8000122:	030b      	lsls	r3, r1, #12
 8000124:	1ac0      	subs	r0, r0, r3
 8000126:	4152      	adcs	r2, r2
 8000128:	0ac3      	lsrs	r3, r0, #11
 800012a:	428b      	cmp	r3, r1
 800012c:	d301      	bcc.n	8000132 <__udivsi3+0x76>
 800012e:	02cb      	lsls	r3, r1, #11
 8000130:	1ac0      	subs	r0, r0, r3
 8000132:	4152      	adcs	r2, r2
 8000134:	0a83      	lsrs	r3, r0, #10
 8000136:	428b      	cmp	r3, r1
 8000138:	d301      	bcc.n	800013e <__udivsi3+0x82>
 800013a:	028b      	lsls	r3, r1, #10
 800013c:	1ac0      	subs	r0, r0, r3
 800013e:	4152      	adcs	r2, r2
 8000140:	0a43      	lsrs	r3, r0, #9
 8000142:	428b      	cmp	r3, r1
 8000144:	d301      	bcc.n	800014a <__udivsi3+0x8e>
 8000146:	024b      	lsls	r3, r1, #9
 8000148:	1ac0      	subs	r0, r0, r3
 800014a:	4152      	adcs	r2, r2
 800014c:	0a03      	lsrs	r3, r0, #8
 800014e:	428b      	cmp	r3, r1
 8000150:	d301      	bcc.n	8000156 <__udivsi3+0x9a>
 8000152:	020b      	lsls	r3, r1, #8
 8000154:	1ac0      	subs	r0, r0, r3
 8000156:	4152      	adcs	r2, r2
 8000158:	d2cd      	bcs.n	80000f6 <__udivsi3+0x3a>
 800015a:	09c3      	lsrs	r3, r0, #7
 800015c:	428b      	cmp	r3, r1
 800015e:	d301      	bcc.n	8000164 <__udivsi3+0xa8>
 8000160:	01cb      	lsls	r3, r1, #7
 8000162:	1ac0      	subs	r0, r0, r3
 8000164:	4152      	adcs	r2, r2
 8000166:	0983      	lsrs	r3, r0, #6
 8000168:	428b      	cmp	r3, r1
 800016a:	d301      	bcc.n	8000170 <__udivsi3+0xb4>
 800016c:	018b      	lsls	r3, r1, #6
 800016e:	1ac0      	subs	r0, r0, r3
 8000170:	4152      	adcs	r2, r2
 8000172:	0943      	lsrs	r3, r0, #5
 8000174:	428b      	cmp	r3, r1
 8000176:	d301      	bcc.n	800017c <__udivsi3+0xc0>
 8000178:	014b      	lsls	r3, r1, #5
 800017a:	1ac0      	subs	r0, r0, r3
 800017c:	4152      	adcs	r2, r2
 800017e:	0903      	lsrs	r3, r0, #4
 8000180:	428b      	cmp	r3, r1
 8000182:	d301      	bcc.n	8000188 <__udivsi3+0xcc>
 8000184:	010b      	lsls	r3, r1, #4
 8000186:	1ac0      	subs	r0, r0, r3
 8000188:	4152      	adcs	r2, r2
 800018a:	08c3      	lsrs	r3, r0, #3
 800018c:	428b      	cmp	r3, r1
 800018e:	d301      	bcc.n	8000194 <__udivsi3+0xd8>
 8000190:	00cb      	lsls	r3, r1, #3
 8000192:	1ac0      	subs	r0, r0, r3
 8000194:	4152      	adcs	r2, r2
 8000196:	0883      	lsrs	r3, r0, #2
 8000198:	428b      	cmp	r3, r1
 800019a:	d301      	bcc.n	80001a0 <__udivsi3+0xe4>
 800019c:	008b      	lsls	r3, r1, #2
 800019e:	1ac0      	subs	r0, r0, r3
 80001a0:	4152      	adcs	r2, r2
 80001a2:	0843      	lsrs	r3, r0, #1
 80001a4:	428b      	cmp	r3, r1
 80001a6:	d301      	bcc.n	80001ac <__udivsi3+0xf0>
 80001a8:	004b      	lsls	r3, r1, #1
 80001aa:	1ac0      	subs	r0, r0, r3
 80001ac:	4152      	adcs	r2, r2
 80001ae:	1a41      	subs	r1, r0, r1
 80001b0:	d200      	bcs.n	80001b4 <__udivsi3+0xf8>
 80001b2:	4601      	mov	r1, r0
 80001b4:	4152      	adcs	r2, r2
 80001b6:	4610      	mov	r0, r2
 80001b8:	4770      	bx	lr
 80001ba:	e7ff      	b.n	80001bc <__udivsi3+0x100>
 80001bc:	b501      	push	{r0, lr}
 80001be:	2000      	movs	r0, #0
 80001c0:	f000 f806 	bl	80001d0 <__aeabi_idiv0>
 80001c4:	bd02      	pop	{r1, pc}
 80001c6:	46c0      	nop			; (mov r8, r8)

080001c8 <__aeabi_uidivmod>:
 80001c8:	2900      	cmp	r1, #0
 80001ca:	d0f7      	beq.n	80001bc <__udivsi3+0x100>
 80001cc:	e776      	b.n	80000bc <__udivsi3>
 80001ce:	4770      	bx	lr

080001d0 <__aeabi_idiv0>:
 80001d0:	4770      	bx	lr
 80001d2:	46c0      	nop			; (mov r8, r8)

080001d4 <__gnu_thumb1_case_shi>:
 80001d4:	b403      	push	{r0, r1}
 80001d6:	4671      	mov	r1, lr
 80001d8:	0849      	lsrs	r1, r1, #1
 80001da:	0040      	lsls	r0, r0, #1
 80001dc:	0049      	lsls	r1, r1, #1
 80001de:	5e09      	ldrsh	r1, [r1, r0]
 80001e0:	0049      	lsls	r1, r1, #1
 80001e2:	448e      	add	lr, r1
 80001e4:	bc03      	pop	{r0, r1}
 80001e6:	4770      	bx	lr

080001e8 <deregister_tm_clones>:
 80001e8:	4804      	ldr	r0, [pc, #16]	; (80001fc <deregister_tm_clones+0x14>)
 80001ea:	4b05      	ldr	r3, [pc, #20]	; (8000200 <deregister_tm_clones+0x18>)
 80001ec:	b510      	push	{r4, lr}
 80001ee:	4283      	cmp	r3, r0
 80001f0:	d003      	beq.n	80001fa <deregister_tm_clones+0x12>
 80001f2:	4b04      	ldr	r3, [pc, #16]	; (8000204 <deregister_tm_clones+0x1c>)
 80001f4:	2b00      	cmp	r3, #0
 80001f6:	d000      	beq.n	80001fa <deregister_tm_clones+0x12>
 80001f8:	4798      	blx	r3
 80001fa:	bd10      	pop	{r4, pc}
 80001fc:	2000006c 	.word	0x2000006c
 8000200:	2000006c 	.word	0x2000006c
 8000204:	00000000 	.word	0x00000000

08000208 <register_tm_clones>:
 8000208:	4806      	ldr	r0, [pc, #24]	; (8000224 <register_tm_clones+0x1c>)
 800020a:	4907      	ldr	r1, [pc, #28]	; (8000228 <register_tm_clones+0x20>)
 800020c:	1a09      	subs	r1, r1, r0
 800020e:	108b      	asrs	r3, r1, #2
 8000210:	0fc9      	lsrs	r1, r1, #31
 8000212:	18c9      	adds	r1, r1, r3
 8000214:	b510      	push	{r4, lr}
 8000216:	1049      	asrs	r1, r1, #1
 8000218:	d003      	beq.n	8000222 <register_tm_clones+0x1a>
 800021a:	4b04      	ldr	r3, [pc, #16]	; (800022c <register_tm_clones+0x24>)
 800021c:	2b00      	cmp	r3, #0
 800021e:	d000      	beq.n	8000222 <register_tm_clones+0x1a>
 8000220:	4798      	blx	r3
 8000222:	bd10      	pop	{r4, pc}
 8000224:	2000006c 	.word	0x2000006c
 8000228:	2000006c 	.word	0x2000006c
 800022c:	00000000 	.word	0x00000000

08000230 <__do_global_dtors_aux>:
 8000230:	b510      	push	{r4, lr}
 8000232:	4c07      	ldr	r4, [pc, #28]	; (8000250 <__do_global_dtors_aux+0x20>)
 8000234:	7823      	ldrb	r3, [r4, #0]
 8000236:	2b00      	cmp	r3, #0
 8000238:	d109      	bne.n	800024e <__do_global_dtors_aux+0x1e>
 800023a:	f7ff ffd5 	bl	80001e8 <deregister_tm_clones>
 800023e:	4b05      	ldr	r3, [pc, #20]	; (8000254 <__do_global_dtors_aux+0x24>)
 8000240:	2b00      	cmp	r3, #0
 8000242:	d002      	beq.n	800024a <__do_global_dtors_aux+0x1a>
 8000244:	4804      	ldr	r0, [pc, #16]	; (8000258 <__do_global_dtors_aux+0x28>)
 8000246:	e000      	b.n	800024a <__do_global_dtors_aux+0x1a>
 8000248:	bf00      	nop
 800024a:	2301      	movs	r3, #1
 800024c:	7023      	strb	r3, [r4, #0]
 800024e:	bd10      	pop	{r4, pc}
 8000250:	2000006c 	.word	0x2000006c
 8000254:	00000000 	.word	0x00000000
 8000258:	080051d0 	.word	0x080051d0

0800025c <frame_dummy>:
 800025c:	4b05      	ldr	r3, [pc, #20]	; (8000274 <frame_dummy+0x18>)
 800025e:	b510      	push	{r4, lr}
 8000260:	2b00      	cmp	r3, #0
 8000262:	d003      	beq.n	800026c <frame_dummy+0x10>
 8000264:	4904      	ldr	r1, [pc, #16]	; (8000278 <frame_dummy+0x1c>)
 8000266:	4805      	ldr	r0, [pc, #20]	; (800027c <frame_dummy+0x20>)
 8000268:	e000      	b.n	800026c <frame_dummy+0x10>
 800026a:	bf00      	nop
 800026c:	f7ff ffcc 	bl	8000208 <register_tm_clones>
 8000270:	bd10      	pop	{r4, pc}
 8000272:	46c0      	nop			; (mov r8, r8)
 8000274:	00000000 	.word	0x00000000
 8000278:	20000070 	.word	0x20000070
 800027c:	080051d0 	.word	0x080051d0

08000280 <MX_ADC1_Init>:
ADC_HandleTypeDef hadc1;
DMA_HandleTypeDef hdma_adc1;

/* ADC1 init function */
void MX_ADC1_Init(void)
{
 8000280:	b580      	push	{r7, lr}
 8000282:	b084      	sub	sp, #16
 8000284:	af00      	add	r7, sp, #0

  /* USER CODE BEGIN ADC1_Init 0 */

  /* USER CODE END ADC1_Init 0 */

  ADC_ChannelConfTypeDef sConfig = {0};
 8000286:	1d3b      	adds	r3, r7, #4
 8000288:	0018      	movs	r0, r3
 800028a:	230c      	movs	r3, #12
 800028c:	001a      	movs	r2, r3
 800028e:	2100      	movs	r1, #0
 8000290:	f004 f95a 	bl	8004548 <memset>

  /* USER CODE END ADC1_Init 1 */

  /** Configure the global features of the ADC (Clock, Resolution, Data Alignment and number of conversion)
  */
  hadc1.Instance = ADC1;
 8000294:	4b36      	ldr	r3, [pc, #216]	; (8000370 <MX_ADC1_Init+0xf0>)
 8000296:	4a37      	ldr	r2, [pc, #220]	; (8000374 <MX_ADC1_Init+0xf4>)
 8000298:	601a      	str	r2, [r3, #0]
  hadc1.Init.ClockPrescaler = ADC_CLOCK_SYNC_PCLK_DIV2;
 800029a:	4b35      	ldr	r3, [pc, #212]	; (8000370 <MX_ADC1_Init+0xf0>)
 800029c:	2280      	movs	r2, #128	; 0x80
 800029e:	05d2      	lsls	r2, r2, #23
 80002a0:	605a      	str	r2, [r3, #4]
  hadc1.Init.Resolution = ADC_RESOLUTION_8B;
 80002a2:	4b33      	ldr	r3, [pc, #204]	; (8000370 <MX_ADC1_Init+0xf0>)
 80002a4:	2210      	movs	r2, #16
 80002a6:	609a      	str	r2, [r3, #8]
  hadc1.Init.DataAlign = ADC_DATAALIGN_RIGHT;
 80002a8:	4b31      	ldr	r3, [pc, #196]	; (8000370 <MX_ADC1_Init+0xf0>)
 80002aa:	2200      	movs	r2, #0
 80002ac:	60da      	str	r2, [r3, #12]
  hadc1.Init.ScanConvMode = ADC_SCAN_SEQ_FIXED;
 80002ae:	4b30      	ldr	r3, [pc, #192]	; (8000370 <MX_ADC1_Init+0xf0>)
 80002b0:	2280      	movs	r2, #128	; 0x80
 80002b2:	0612      	lsls	r2, r2, #24
 80002b4:	611a      	str	r2, [r3, #16]
  hadc1.Init.EOCSelection = ADC_EOC_SEQ_CONV;
 80002b6:	4b2e      	ldr	r3, [pc, #184]	; (8000370 <MX_ADC1_Init+0xf0>)
 80002b8:	2208      	movs	r2, #8
 80002ba:	615a      	str	r2, [r3, #20]
  hadc1.Init.LowPowerAutoWait = DISABLE;
 80002bc:	4b2c      	ldr	r3, [pc, #176]	; (8000370 <MX_ADC1_Init+0xf0>)
 80002be:	2200      	movs	r2, #0
 80002c0:	761a      	strb	r2, [r3, #24]
  hadc1.Init.LowPowerAutoPowerOff = DISABLE;
 80002c2:	4b2b      	ldr	r3, [pc, #172]	; (8000370 <MX_ADC1_Init+0xf0>)
 80002c4:	2200      	movs	r2, #0
 80002c6:	765a      	strb	r2, [r3, #25]
  hadc1.Init.ContinuousConvMode = ENABLE;
 80002c8:	4b29      	ldr	r3, [pc, #164]	; (8000370 <MX_ADC1_Init+0xf0>)
 80002ca:	2201      	movs	r2, #1
 80002cc:	769a      	strb	r2, [r3, #26]
  hadc1.Init.NbrOfConversion = 1;
 80002ce:	4b28      	ldr	r3, [pc, #160]	; (8000370 <MX_ADC1_Init+0xf0>)
 80002d0:	2201      	movs	r2, #1
 80002d2:	61da      	str	r2, [r3, #28]
  hadc1.Init.ExternalTrigConv = ADC_SOFTWARE_START;
 80002d4:	4b26      	ldr	r3, [pc, #152]	; (8000370 <MX_ADC1_Init+0xf0>)
 80002d6:	2200      	movs	r2, #0
 80002d8:	625a      	str	r2, [r3, #36]	; 0x24
  hadc1.Init.ExternalTrigConvEdge = ADC_EXTERNALTRIGCONVEDGE_NONE;
 80002da:	4b25      	ldr	r3, [pc, #148]	; (8000370 <MX_ADC1_Init+0xf0>)
 80002dc:	2200      	movs	r2, #0
 80002de:	629a      	str	r2, [r3, #40]	; 0x28
  hadc1.Init.DMAContinuousRequests = ENABLE;
 80002e0:	4b23      	ldr	r3, [pc, #140]	; (8000370 <MX_ADC1_Init+0xf0>)
 80002e2:	222c      	movs	r2, #44	; 0x2c
 80002e4:	2101      	movs	r1, #1
 80002e6:	5499      	strb	r1, [r3, r2]
  hadc1.Init.Overrun = ADC_OVR_DATA_OVERWRITTEN;
 80002e8:	4b21      	ldr	r3, [pc, #132]	; (8000370 <MX_ADC1_Init+0xf0>)
 80002ea:	2280      	movs	r2, #128	; 0x80
 80002ec:	0152      	lsls	r2, r2, #5
 80002ee:	631a      	str	r2, [r3, #48]	; 0x30
  hadc1.Init.SamplingTimeCommon1 = ADC_SAMPLETIME_3CYCLES_5;
 80002f0:	4b1f      	ldr	r3, [pc, #124]	; (8000370 <MX_ADC1_Init+0xf0>)
 80002f2:	2201      	movs	r2, #1
 80002f4:	635a      	str	r2, [r3, #52]	; 0x34
  hadc1.Init.OversamplingMode = DISABLE;
 80002f6:	4b1e      	ldr	r3, [pc, #120]	; (8000370 <MX_ADC1_Init+0xf0>)
 80002f8:	223c      	movs	r2, #60	; 0x3c
 80002fa:	2100      	movs	r1, #0
 80002fc:	5499      	strb	r1, [r3, r2]
  hadc1.Init.TriggerFrequencyMode = ADC_TRIGGER_FREQ_HIGH;
 80002fe:	4b1c      	ldr	r3, [pc, #112]	; (8000370 <MX_ADC1_Init+0xf0>)
 8000300:	2200      	movs	r2, #0
 8000302:	64da      	str	r2, [r3, #76]	; 0x4c
  if (HAL_ADC_Init(&hadc1) != HAL_OK)
 8000304:	4b1a      	ldr	r3, [pc, #104]	; (8000370 <MX_ADC1_Init+0xf0>)
 8000306:	0018      	movs	r0, r3
 8000308:	f000 fde2 	bl	8000ed0 <HAL_ADC_Init>
 800030c:	1e03      	subs	r3, r0, #0
 800030e:	d001      	beq.n	8000314 <MX_ADC1_Init+0x94>
  {
    Error_Handler();
 8000310:	f000 fa04 	bl	800071c <Error_Handler>
  }

  /** Configure Regular Channel
  */
  sConfig.Channel = ADC_CHANNEL_0;
 8000314:	1d3b      	adds	r3, r7, #4
 8000316:	2201      	movs	r2, #1
 8000318:	601a      	str	r2, [r3, #0]
  sConfig.Rank = ADC_RANK_CHANNEL_NUMBER;
 800031a:	1d3b      	adds	r3, r7, #4
 800031c:	2201      	movs	r2, #1
 800031e:	605a      	str	r2, [r3, #4]
  if (HAL_ADC_ConfigChannel(&hadc1, &sConfig) != HAL_OK)
 8000320:	1d3a      	adds	r2, r7, #4
 8000322:	4b13      	ldr	r3, [pc, #76]	; (8000370 <MX_ADC1_Init+0xf0>)
 8000324:	0011      	movs	r1, r2
 8000326:	0018      	movs	r0, r3
 8000328:	f000 ffca 	bl	80012c0 <HAL_ADC_ConfigChannel>
 800032c:	1e03      	subs	r3, r0, #0
 800032e:	d001      	beq.n	8000334 <MX_ADC1_Init+0xb4>
  {
    Error_Handler();
 8000330:	f000 f9f4 	bl	800071c <Error_Handler>
  }

  /** Configure Regular Channel
  */
  sConfig.Channel = ADC_CHANNEL_11;
 8000334:	1d3b      	adds	r3, r7, #4
 8000336:	4a10      	ldr	r2, [pc, #64]	; (8000378 <MX_ADC1_Init+0xf8>)
 8000338:	601a      	str	r2, [r3, #0]
  if (HAL_ADC_ConfigChannel(&hadc1, &sConfig) != HAL_OK)
 800033a:	1d3a      	adds	r2, r7, #4
 800033c:	4b0c      	ldr	r3, [pc, #48]	; (8000370 <MX_ADC1_Init+0xf0>)
 800033e:	0011      	movs	r1, r2
 8000340:	0018      	movs	r0, r3
 8000342:	f000 ffbd 	bl	80012c0 <HAL_ADC_ConfigChannel>
 8000346:	1e03      	subs	r3, r0, #0
 8000348:	d001      	beq.n	800034e <MX_ADC1_Init+0xce>
  {
    Error_Handler();
 800034a:	f000 f9e7 	bl	800071c <Error_Handler>
  }

  /** Configure Regular Channel
  */
  sConfig.Channel = ADC_CHANNEL_15;
 800034e:	1d3b      	adds	r3, r7, #4
 8000350:	4a0a      	ldr	r2, [pc, #40]	; (800037c <MX_ADC1_Init+0xfc>)
 8000352:	601a      	str	r2, [r3, #0]
  if (HAL_ADC_ConfigChannel(&hadc1, &sConfig) != HAL_OK)
 8000354:	1d3a      	adds	r2, r7, #4
 8000356:	4b06      	ldr	r3, [pc, #24]	; (8000370 <MX_ADC1_Init+0xf0>)
 8000358:	0011      	movs	r1, r2
 800035a:	0018      	movs	r0, r3
 800035c:	f000 ffb0 	bl	80012c0 <HAL_ADC_ConfigChannel>
 8000360:	1e03      	subs	r3, r0, #0
 8000362:	d001      	beq.n	8000368 <MX_ADC1_Init+0xe8>
  {
    Error_Handler();
 8000364:	f000 f9da 	bl	800071c <Error_Handler>
  }
  /* USER CODE BEGIN ADC1_Init 2 */

  /* USER CODE END ADC1_Init 2 */

}
 8000368:	46c0      	nop			; (mov r8, r8)
 800036a:	46bd      	mov	sp, r7
 800036c:	b004      	add	sp, #16
 800036e:	bd80      	pop	{r7, pc}
 8000370:	20000088 	.word	0x20000088
 8000374:	40012400 	.word	0x40012400
 8000378:	2c000800 	.word	0x2c000800
 800037c:	3c008000 	.word	0x3c008000

08000380 <HAL_ADC_MspInit>:

void HAL_ADC_MspInit(ADC_HandleTypeDef* adcHandle)
{
 8000380:	b590      	push	{r4, r7, lr}
 8000382:	b08b      	sub	sp, #44	; 0x2c
 8000384:	af00      	add	r7, sp, #0
 8000386:	6078      	str	r0, [r7, #4]

  GPIO_InitTypeDef GPIO_InitStruct = {0};
 8000388:	2414      	movs	r4, #20
 800038a:	193b      	adds	r3, r7, r4
 800038c:	0018      	movs	r0, r3
 800038e:	2314      	movs	r3, #20
 8000390:	001a      	movs	r2, r3
 8000392:	2100      	movs	r1, #0
 8000394:	f004 f8d8 	bl	8004548 <memset>
  if(adcHandle->Instance==ADC1)
 8000398:	687b      	ldr	r3, [r7, #4]
 800039a:	681b      	ldr	r3, [r3, #0]
 800039c:	4a3b      	ldr	r2, [pc, #236]	; (800048c <HAL_ADC_MspInit+0x10c>)
 800039e:	4293      	cmp	r3, r2
 80003a0:	d16f      	bne.n	8000482 <HAL_ADC_MspInit+0x102>
  {
  /* USER CODE BEGIN ADC1_MspInit 0 */

  /* USER CODE END ADC1_MspInit 0 */
    /* ADC1 clock enable */
    __HAL_RCC_ADC_CLK_ENABLE();
 80003a2:	4b3b      	ldr	r3, [pc, #236]	; (8000490 <HAL_ADC_MspInit+0x110>)
 80003a4:	6c1a      	ldr	r2, [r3, #64]	; 0x40
 80003a6:	4b3a      	ldr	r3, [pc, #232]	; (8000490 <HAL_ADC_MspInit+0x110>)
 80003a8:	2180      	movs	r1, #128	; 0x80
 80003aa:	0349      	lsls	r1, r1, #13
 80003ac:	430a      	orrs	r2, r1
 80003ae:	641a      	str	r2, [r3, #64]	; 0x40
 80003b0:	4b37      	ldr	r3, [pc, #220]	; (8000490 <HAL_ADC_MspInit+0x110>)
 80003b2:	6c1a      	ldr	r2, [r3, #64]	; 0x40
 80003b4:	2380      	movs	r3, #128	; 0x80
 80003b6:	035b      	lsls	r3, r3, #13
 80003b8:	4013      	ands	r3, r2
 80003ba:	613b      	str	r3, [r7, #16]
 80003bc:	693b      	ldr	r3, [r7, #16]

    __HAL_RCC_GPIOA_CLK_ENABLE();
 80003be:	4b34      	ldr	r3, [pc, #208]	; (8000490 <HAL_ADC_MspInit+0x110>)
 80003c0:	6b5a      	ldr	r2, [r3, #52]	; 0x34
 80003c2:	4b33      	ldr	r3, [pc, #204]	; (8000490 <HAL_ADC_MspInit+0x110>)
 80003c4:	2101      	movs	r1, #1
 80003c6:	430a      	orrs	r2, r1
 80003c8:	635a      	str	r2, [r3, #52]	; 0x34
 80003ca:	4b31      	ldr	r3, [pc, #196]	; (8000490 <HAL_ADC_MspInit+0x110>)
 80003cc:	6b5b      	ldr	r3, [r3, #52]	; 0x34
 80003ce:	2201      	movs	r2, #1
 80003d0:	4013      	ands	r3, r2
 80003d2:	60fb      	str	r3, [r7, #12]
 80003d4:	68fb      	ldr	r3, [r7, #12]
    __HAL_RCC_GPIOB_CLK_ENABLE();
 80003d6:	4b2e      	ldr	r3, [pc, #184]	; (8000490 <HAL_ADC_MspInit+0x110>)
 80003d8:	6b5a      	ldr	r2, [r3, #52]	; 0x34
 80003da:	4b2d      	ldr	r3, [pc, #180]	; (8000490 <HAL_ADC_MspInit+0x110>)
 80003dc:	2102      	movs	r1, #2
 80003de:	430a      	orrs	r2, r1
 80003e0:	635a      	str	r2, [r3, #52]	; 0x34
 80003e2:	4b2b      	ldr	r3, [pc, #172]	; (8000490 <HAL_ADC_MspInit+0x110>)
 80003e4:	6b5b      	ldr	r3, [r3, #52]	; 0x34
 80003e6:	2202      	movs	r2, #2
 80003e8:	4013      	ands	r3, r2
 80003ea:	60bb      	str	r3, [r7, #8]
 80003ec:	68bb      	ldr	r3, [r7, #8]
    /**ADC1 GPIO Configuration
    PA0     ------> ADC1_IN0
    PA11 [PA9]     ------> ADC1_IN15
    PB7     ------> ADC1_IN11
    */
    GPIO_InitStruct.Pin = ADC1_IN0_OVP_Pin|ADC1_IN15_OCP_Pin;
 80003ee:	193b      	adds	r3, r7, r4
 80003f0:	4a28      	ldr	r2, [pc, #160]	; (8000494 <HAL_ADC_MspInit+0x114>)
 80003f2:	601a      	str	r2, [r3, #0]
    GPIO_InitStruct.Mode = GPIO_MODE_ANALOG;
 80003f4:	193b      	adds	r3, r7, r4
 80003f6:	2203      	movs	r2, #3
 80003f8:	605a      	str	r2, [r3, #4]
    GPIO_InitStruct.Pull = GPIO_NOPULL;
 80003fa:	193b      	adds	r3, r7, r4
 80003fc:	2200      	movs	r2, #0
 80003fe:	609a      	str	r2, [r3, #8]
    HAL_GPIO_Init(GPIOA, &GPIO_InitStruct);
 8000400:	193a      	adds	r2, r7, r4
 8000402:	23a0      	movs	r3, #160	; 0xa0
 8000404:	05db      	lsls	r3, r3, #23
 8000406:	0011      	movs	r1, r2
 8000408:	0018      	movs	r0, r3
 800040a:	f001 fbb3 	bl	8001b74 <HAL_GPIO_Init>

    GPIO_InitStruct.Pin = ADC1_IN11_NTC_Pin;
 800040e:	193b      	adds	r3, r7, r4
 8000410:	2280      	movs	r2, #128	; 0x80
 8000412:	601a      	str	r2, [r3, #0]
    GPIO_InitStruct.Mode = GPIO_MODE_ANALOG;
 8000414:	193b      	adds	r3, r7, r4
 8000416:	2203      	movs	r2, #3
 8000418:	605a      	str	r2, [r3, #4]
    GPIO_InitStruct.Pull = GPIO_NOPULL;
 800041a:	193b      	adds	r3, r7, r4
 800041c:	2200      	movs	r2, #0
 800041e:	609a      	str	r2, [r3, #8]
    HAL_GPIO_Init(ADC1_IN11_NTC_GPIO_Port, &GPIO_InitStruct);
 8000420:	193b      	adds	r3, r7, r4
 8000422:	4a1d      	ldr	r2, [pc, #116]	; (8000498 <HAL_ADC_MspInit+0x118>)
 8000424:	0019      	movs	r1, r3
 8000426:	0010      	movs	r0, r2
 8000428:	f001 fba4 	bl	8001b74 <HAL_GPIO_Init>

    /* ADC1 DMA Init */
    /* ADC1 Init */
    hdma_adc1.Instance = DMA1_Channel1;
 800042c:	4b1b      	ldr	r3, [pc, #108]	; (800049c <HAL_ADC_MspInit+0x11c>)
 800042e:	4a1c      	ldr	r2, [pc, #112]	; (80004a0 <HAL_ADC_MspInit+0x120>)
 8000430:	601a      	str	r2, [r3, #0]
    hdma_adc1.Init.Request = DMA_REQUEST_ADC1;
 8000432:	4b1a      	ldr	r3, [pc, #104]	; (800049c <HAL_ADC_MspInit+0x11c>)
 8000434:	2205      	movs	r2, #5
 8000436:	605a      	str	r2, [r3, #4]
    hdma_adc1.Init.Direction = DMA_PERIPH_TO_MEMORY;
 8000438:	4b18      	ldr	r3, [pc, #96]	; (800049c <HAL_ADC_MspInit+0x11c>)
 800043a:	2200      	movs	r2, #0
 800043c:	609a      	str	r2, [r3, #8]
    hdma_adc1.Init.PeriphInc = DMA_PINC_DISABLE;
 800043e:	4b17      	ldr	r3, [pc, #92]	; (800049c <HAL_ADC_MspInit+0x11c>)
 8000440:	2200      	movs	r2, #0
 8000442:	60da      	str	r2, [r3, #12]
    hdma_adc1.Init.MemInc = DMA_MINC_ENABLE;
 8000444:	4b15      	ldr	r3, [pc, #84]	; (800049c <HAL_ADC_MspInit+0x11c>)
 8000446:	2280      	movs	r2, #128	; 0x80
 8000448:	611a      	str	r2, [r3, #16]
    hdma_adc1.Init.PeriphDataAlignment = DMA_PDATAALIGN_HALFWORD;
 800044a:	4b14      	ldr	r3, [pc, #80]	; (800049c <HAL_ADC_MspInit+0x11c>)
 800044c:	2280      	movs	r2, #128	; 0x80
 800044e:	0052      	lsls	r2, r2, #1
 8000450:	615a      	str	r2, [r3, #20]
    hdma_adc1.Init.MemDataAlignment = DMA_MDATAALIGN_HALFWORD;
 8000452:	4b12      	ldr	r3, [pc, #72]	; (800049c <HAL_ADC_MspInit+0x11c>)
 8000454:	2280      	movs	r2, #128	; 0x80
 8000456:	00d2      	lsls	r2, r2, #3
 8000458:	619a      	str	r2, [r3, #24]
    hdma_adc1.Init.Mode = DMA_NORMAL;
 800045a:	4b10      	ldr	r3, [pc, #64]	; (800049c <HAL_ADC_MspInit+0x11c>)
 800045c:	2200      	movs	r2, #0
 800045e:	61da      	str	r2, [r3, #28]
    hdma_adc1.Init.Priority = DMA_PRIORITY_LOW;
 8000460:	4b0e      	ldr	r3, [pc, #56]	; (800049c <HAL_ADC_MspInit+0x11c>)
 8000462:	2200      	movs	r2, #0
 8000464:	621a      	str	r2, [r3, #32]
    if (HAL_DMA_Init(&hdma_adc1) != HAL_OK)
 8000466:	4b0d      	ldr	r3, [pc, #52]	; (800049c <HAL_ADC_MspInit+0x11c>)
 8000468:	0018      	movs	r0, r3
 800046a:	f001 f9f7 	bl	800185c <HAL_DMA_Init>
 800046e:	1e03      	subs	r3, r0, #0
 8000470:	d001      	beq.n	8000476 <HAL_ADC_MspInit+0xf6>
    {
      Error_Handler();
 8000472:	f000 f953 	bl	800071c <Error_Handler>
    }

    __HAL_LINKDMA(adcHandle,DMA_Handle,hdma_adc1);
 8000476:	687b      	ldr	r3, [r7, #4]
 8000478:	4a08      	ldr	r2, [pc, #32]	; (800049c <HAL_ADC_MspInit+0x11c>)
 800047a:	651a      	str	r2, [r3, #80]	; 0x50
 800047c:	4b07      	ldr	r3, [pc, #28]	; (800049c <HAL_ADC_MspInit+0x11c>)
 800047e:	687a      	ldr	r2, [r7, #4]
 8000480:	629a      	str	r2, [r3, #40]	; 0x28

  /* USER CODE BEGIN ADC1_MspInit 1 */

  /* USER CODE END ADC1_MspInit 1 */
  }
}
 8000482:	46c0      	nop			; (mov r8, r8)
 8000484:	46bd      	mov	sp, r7
 8000486:	b00b      	add	sp, #44	; 0x2c
 8000488:	bd90      	pop	{r4, r7, pc}
 800048a:	46c0      	nop			; (mov r8, r8)
 800048c:	40012400 	.word	0x40012400
 8000490:	40021000 	.word	0x40021000
 8000494:	00000801 	.word	0x00000801
 8000498:	50000400 	.word	0x50000400
 800049c:	20000110 	.word	0x20000110
 80004a0:	40020008 	.word	0x40020008

080004a4 <MX_DMA_Init>:

/**
  * Enable DMA controller clock
  */
void MX_DMA_Init(void)
{
 80004a4:	b580      	push	{r7, lr}
 80004a6:	b082      	sub	sp, #8
 80004a8:	af00      	add	r7, sp, #0

  /* DMA controller clock enable */
  __HAL_RCC_DMA1_CLK_ENABLE();
 80004aa:	4b0c      	ldr	r3, [pc, #48]	; (80004dc <MX_DMA_Init+0x38>)
 80004ac:	6b9a      	ldr	r2, [r3, #56]	; 0x38
 80004ae:	4b0b      	ldr	r3, [pc, #44]	; (80004dc <MX_DMA_Init+0x38>)
 80004b0:	2101      	movs	r1, #1
 80004b2:	430a      	orrs	r2, r1
 80004b4:	639a      	str	r2, [r3, #56]	; 0x38
 80004b6:	4b09      	ldr	r3, [pc, #36]	; (80004dc <MX_DMA_Init+0x38>)
 80004b8:	6b9b      	ldr	r3, [r3, #56]	; 0x38
 80004ba:	2201      	movs	r2, #1
 80004bc:	4013      	ands	r3, r2
 80004be:	607b      	str	r3, [r7, #4]
 80004c0:	687b      	ldr	r3, [r7, #4]

  /* DMA interrupt init */
  /* DMA1_Channel1_IRQn interrupt configuration */
  HAL_NVIC_SetPriority(DMA1_Channel1_IRQn, 0, 0);
 80004c2:	2200      	movs	r2, #0
 80004c4:	2100      	movs	r1, #0
 80004c6:	2009      	movs	r0, #9
 80004c8:	f001 f996 	bl	80017f8 <HAL_NVIC_SetPriority>
  HAL_NVIC_EnableIRQ(DMA1_Channel1_IRQn);
 80004cc:	2009      	movs	r0, #9
 80004ce:	f001 f9a8 	bl	8001822 <HAL_NVIC_EnableIRQ>

}
 80004d2:	46c0      	nop			; (mov r8, r8)
 80004d4:	46bd      	mov	sp, r7
 80004d6:	b002      	add	sp, #8
 80004d8:	bd80      	pop	{r7, pc}
 80004da:	46c0      	nop			; (mov r8, r8)
 80004dc:	40021000 	.word	0x40021000

080004e0 <MX_GPIO_Init>:
        * Output
        * EVENT_OUT
        * EXTI
*/
void MX_GPIO_Init(void)
{
 80004e0:	b590      	push	{r4, r7, lr}
 80004e2:	b089      	sub	sp, #36	; 0x24
 80004e4:	af00      	add	r7, sp, #0

  GPIO_InitTypeDef GPIO_InitStruct = {0};
 80004e6:	240c      	movs	r4, #12
 80004e8:	193b      	adds	r3, r7, r4
 80004ea:	0018      	movs	r0, r3
 80004ec:	2314      	movs	r3, #20
 80004ee:	001a      	movs	r2, r3
 80004f0:	2100      	movs	r1, #0
 80004f2:	f004 f829 	bl	8004548 <memset>

  /* GPIO Ports Clock Enable */
  __HAL_RCC_GPIOA_CLK_ENABLE();
 80004f6:	4b5a      	ldr	r3, [pc, #360]	; (8000660 <MX_GPIO_Init+0x180>)
 80004f8:	6b5a      	ldr	r2, [r3, #52]	; 0x34
 80004fa:	4b59      	ldr	r3, [pc, #356]	; (8000660 <MX_GPIO_Init+0x180>)
 80004fc:	2101      	movs	r1, #1
 80004fe:	430a      	orrs	r2, r1
 8000500:	635a      	str	r2, [r3, #52]	; 0x34
 8000502:	4b57      	ldr	r3, [pc, #348]	; (8000660 <MX_GPIO_Init+0x180>)
 8000504:	6b5b      	ldr	r3, [r3, #52]	; 0x34
 8000506:	2201      	movs	r2, #1
 8000508:	4013      	ands	r3, r2
 800050a:	60bb      	str	r3, [r7, #8]
 800050c:	68bb      	ldr	r3, [r7, #8]
  __HAL_RCC_GPIOB_CLK_ENABLE();
 800050e:	4b54      	ldr	r3, [pc, #336]	; (8000660 <MX_GPIO_Init+0x180>)
 8000510:	6b5a      	ldr	r2, [r3, #52]	; 0x34
 8000512:	4b53      	ldr	r3, [pc, #332]	; (8000660 <MX_GPIO_Init+0x180>)
 8000514:	2102      	movs	r1, #2
 8000516:	430a      	orrs	r2, r1
 8000518:	635a      	str	r2, [r3, #52]	; 0x34
 800051a:	4b51      	ldr	r3, [pc, #324]	; (8000660 <MX_GPIO_Init+0x180>)
 800051c:	6b5b      	ldr	r3, [r3, #52]	; 0x34
 800051e:	2202      	movs	r2, #2
 8000520:	4013      	ands	r3, r2
 8000522:	607b      	str	r3, [r7, #4]
 8000524:	687b      	ldr	r3, [r7, #4]
  __HAL_RCC_GPIOC_CLK_ENABLE();
 8000526:	4b4e      	ldr	r3, [pc, #312]	; (8000660 <MX_GPIO_Init+0x180>)
 8000528:	6b5a      	ldr	r2, [r3, #52]	; 0x34
 800052a:	4b4d      	ldr	r3, [pc, #308]	; (8000660 <MX_GPIO_Init+0x180>)
 800052c:	2104      	movs	r1, #4
 800052e:	430a      	orrs	r2, r1
 8000530:	635a      	str	r2, [r3, #52]	; 0x34
 8000532:	4b4b      	ldr	r3, [pc, #300]	; (8000660 <MX_GPIO_Init+0x180>)
 8000534:	6b5b      	ldr	r3, [r3, #52]	; 0x34
 8000536:	2204      	movs	r2, #4
 8000538:	4013      	ands	r3, r2
 800053a:	603b      	str	r3, [r7, #0]
 800053c:	683b      	ldr	r3, [r7, #0]

  /*Configure GPIO pin Output Level */
  HAL_GPIO_WritePin(GPIOA, GPO_PWEN_Pin|GPO_LED1_Pin|GPO_LED2_Pin|GPO_LED3_Pin
 800053e:	23fd      	movs	r3, #253	; 0xfd
 8000540:	0059      	lsls	r1, r3, #1
 8000542:	23a0      	movs	r3, #160	; 0xa0
 8000544:	05db      	lsls	r3, r3, #23
 8000546:	2200      	movs	r2, #0
 8000548:	0018      	movs	r0, r3
 800054a:	f001 fc77 	bl	8001e3c <HAL_GPIO_WritePin>
                          |GPO_LED4_Pin|GPO_LED5_Pin|GPO_LED7_Pin, GPIO_PIN_RESET);

  /*Configure GPIO pin Output Level */
  HAL_GPIO_WritePin(GPIOB, GPO_LED6_Pin|GPO_LTEN_Pin, GPIO_PIN_RESET);
 800054e:	4b45      	ldr	r3, [pc, #276]	; (8000664 <MX_GPIO_Init+0x184>)
 8000550:	2200      	movs	r2, #0
 8000552:	2141      	movs	r1, #65	; 0x41
 8000554:	0018      	movs	r0, r3
 8000556:	f001 fc71 	bl	8001e3c <HAL_GPIO_WritePin>

  /*Configure GPIO pin : GPO_PWEN_Pin */
  GPIO_InitStruct.Pin = GPO_PWEN_Pin;
 800055a:	193b      	adds	r3, r7, r4
 800055c:	2202      	movs	r2, #2
 800055e:	601a      	str	r2, [r3, #0]
  GPIO_InitStruct.Mode = GPIO_MODE_OUTPUT_PP;
 8000560:	193b      	adds	r3, r7, r4
 8000562:	2201      	movs	r2, #1
 8000564:	605a      	str	r2, [r3, #4]
  GPIO_InitStruct.Pull = GPIO_PULLUP;
 8000566:	193b      	adds	r3, r7, r4
 8000568:	2201      	movs	r2, #1
 800056a:	609a      	str	r2, [r3, #8]
  GPIO_InitStruct.Speed = GPIO_SPEED_FREQ_LOW;
 800056c:	193b      	adds	r3, r7, r4
 800056e:	2200      	movs	r2, #0
 8000570:	60da      	str	r2, [r3, #12]
  HAL_GPIO_Init(GPO_PWEN_GPIO_Port, &GPIO_InitStruct);
 8000572:	193a      	adds	r2, r7, r4
 8000574:	23a0      	movs	r3, #160	; 0xa0
 8000576:	05db      	lsls	r3, r3, #23
 8000578:	0011      	movs	r1, r2
 800057a:	0018      	movs	r0, r3
 800057c:	f001 fafa 	bl	8001b74 <HAL_GPIO_Init>

  /*Configure GPIO pin : GPI_N_PWSW_Pin */
  GPIO_InitStruct.Pin = GPI_N_PWSW_Pin;
 8000580:	193b      	adds	r3, r7, r4
 8000582:	2204      	movs	r2, #4
 8000584:	601a      	str	r2, [r3, #0]
  GPIO_InitStruct.Mode = GPIO_MODE_INPUT;
 8000586:	193b      	adds	r3, r7, r4
 8000588:	2200      	movs	r2, #0
 800058a:	605a      	str	r2, [r3, #4]
  GPIO_InitStruct.Pull = GPIO_PULLUP;
 800058c:	193b      	adds	r3, r7, r4
 800058e:	2201      	movs	r2, #1
 8000590:	609a      	str	r2, [r3, #8]
  HAL_GPIO_Init(GPI_N_PWSW_GPIO_Port, &GPIO_InitStruct);
 8000592:	193a      	adds	r2, r7, r4
 8000594:	23a0      	movs	r3, #160	; 0xa0
 8000596:	05db      	lsls	r3, r3, #23
 8000598:	0011      	movs	r1, r2
 800059a:	0018      	movs	r0, r3
 800059c:	f001 faea 	bl	8001b74 <HAL_GPIO_Init>

  /*Configure GPIO pins : GPO_LED1_Pin GPO_LED2_Pin GPO_LED3_Pin GPO_LED4_Pin
                           GPO_LED5_Pin GPO_LED7_Pin */
  GPIO_InitStruct.Pin = GPO_LED1_Pin|GPO_LED2_Pin|GPO_LED3_Pin|GPO_LED4_Pin
 80005a0:	0021      	movs	r1, r4
 80005a2:	187b      	adds	r3, r7, r1
 80005a4:	22fc      	movs	r2, #252	; 0xfc
 80005a6:	0052      	lsls	r2, r2, #1
 80005a8:	601a      	str	r2, [r3, #0]
                          |GPO_LED5_Pin|GPO_LED7_Pin;
  GPIO_InitStruct.Mode = GPIO_MODE_OUTPUT_PP;
 80005aa:	000c      	movs	r4, r1
 80005ac:	193b      	adds	r3, r7, r4
 80005ae:	2201      	movs	r2, #1
 80005b0:	605a      	str	r2, [r3, #4]
  GPIO_InitStruct.Pull = GPIO_NOPULL;
 80005b2:	193b      	adds	r3, r7, r4
 80005b4:	2200      	movs	r2, #0
 80005b6:	609a      	str	r2, [r3, #8]
  GPIO_InitStruct.Speed = GPIO_SPEED_FREQ_LOW;
 80005b8:	193b      	adds	r3, r7, r4
 80005ba:	2200      	movs	r2, #0
 80005bc:	60da      	str	r2, [r3, #12]
  HAL_GPIO_Init(GPIOA, &GPIO_InitStruct);
 80005be:	193a      	adds	r2, r7, r4
 80005c0:	23a0      	movs	r3, #160	; 0xa0
 80005c2:	05db      	lsls	r3, r3, #23
 80005c4:	0011      	movs	r1, r2
 80005c6:	0018      	movs	r0, r3
 80005c8:	f001 fad4 	bl	8001b74 <HAL_GPIO_Init>

  /*Configure GPIO pin : GPO_LED6_Pin */
  GPIO_InitStruct.Pin = GPO_LED6_Pin;
 80005cc:	193b      	adds	r3, r7, r4
 80005ce:	2201      	movs	r2, #1
 80005d0:	601a      	str	r2, [r3, #0]
  GPIO_InitStruct.Mode = GPIO_MODE_OUTPUT_PP;
 80005d2:	193b      	adds	r3, r7, r4
 80005d4:	2201      	movs	r2, #1
 80005d6:	605a      	str	r2, [r3, #4]
  GPIO_InitStruct.Pull = GPIO_NOPULL;
 80005d8:	193b      	adds	r3, r7, r4
 80005da:	2200      	movs	r2, #0
 80005dc:	609a      	str	r2, [r3, #8]
  GPIO_InitStruct.Speed = GPIO_SPEED_FREQ_LOW;
 80005de:	193b      	adds	r3, r7, r4
 80005e0:	2200      	movs	r2, #0
 80005e2:	60da      	str	r2, [r3, #12]
  HAL_GPIO_Init(GPO_LED6_GPIO_Port, &GPIO_InitStruct);
 80005e4:	193b      	adds	r3, r7, r4
 80005e6:	4a1f      	ldr	r2, [pc, #124]	; (8000664 <MX_GPIO_Init+0x184>)
 80005e8:	0019      	movs	r1, r3
 80005ea:	0010      	movs	r0, r2
 80005ec:	f001 fac2 	bl	8001b74 <HAL_GPIO_Init>

  /*Configure GPIO pin : GPI_MTON_Pin */
  GPIO_InitStruct.Pin = GPI_MTON_Pin;
 80005f0:	193b      	adds	r3, r7, r4
 80005f2:	2240      	movs	r2, #64	; 0x40
 80005f4:	601a      	str	r2, [r3, #0]
  GPIO_InitStruct.Mode = GPIO_MODE_INPUT;
 80005f6:	193b      	adds	r3, r7, r4
 80005f8:	2200      	movs	r2, #0
 80005fa:	605a      	str	r2, [r3, #4]
  GPIO_InitStruct.Pull = GPIO_NOPULL;
 80005fc:	193b      	adds	r3, r7, r4
 80005fe:	2200      	movs	r2, #0
 8000600:	609a      	str	r2, [r3, #8]
  HAL_GPIO_Init(GPI_MTON_GPIO_Port, &GPIO_InitStruct);
 8000602:	193b      	adds	r3, r7, r4
 8000604:	4a18      	ldr	r2, [pc, #96]	; (8000668 <MX_GPIO_Init+0x188>)
 8000606:	0019      	movs	r1, r3
 8000608:	0010      	movs	r0, r2
 800060a:	f001 fab3 	bl	8001b74 <HAL_GPIO_Init>

  /*Configure GPIO pin : GPI_N_LTSW_Pin */
  GPIO_InitStruct.Pin = GPI_N_LTSW_Pin;
 800060e:	193b      	adds	r3, r7, r4
 8000610:	2280      	movs	r2, #128	; 0x80
 8000612:	0212      	lsls	r2, r2, #8
 8000614:	601a      	str	r2, [r3, #0]
  GPIO_InitStruct.Mode = GPIO_MODE_INPUT;
 8000616:	193b      	adds	r3, r7, r4
 8000618:	2200      	movs	r2, #0
 800061a:	605a      	str	r2, [r3, #4]
  GPIO_InitStruct.Pull = GPIO_NOPULL;
 800061c:	193b      	adds	r3, r7, r4
 800061e:	2200      	movs	r2, #0
 8000620:	609a      	str	r2, [r3, #8]
  HAL_GPIO_Init(GPI_N_LTSW_GPIO_Port, &GPIO_InitStruct);
 8000622:	193a      	adds	r2, r7, r4
 8000624:	23a0      	movs	r3, #160	; 0xa0
 8000626:	05db      	lsls	r3, r3, #23
 8000628:	0011      	movs	r1, r2
 800062a:	0018      	movs	r0, r3
 800062c:	f001 faa2 	bl	8001b74 <HAL_GPIO_Init>

  /*Configure GPIO pin : GPO_LTEN_Pin */
  GPIO_InitStruct.Pin = GPO_LTEN_Pin;
 8000630:	0021      	movs	r1, r4
 8000632:	187b      	adds	r3, r7, r1
 8000634:	2240      	movs	r2, #64	; 0x40
 8000636:	601a      	str	r2, [r3, #0]
  GPIO_InitStruct.Mode = GPIO_MODE_OUTPUT_PP;
 8000638:	187b      	adds	r3, r7, r1
 800063a:	2201      	movs	r2, #1
 800063c:	605a      	str	r2, [r3, #4]
  GPIO_InitStruct.Pull = GPIO_PULLDOWN;
 800063e:	187b      	adds	r3, r7, r1
 8000640:	2202      	movs	r2, #2
 8000642:	609a      	str	r2, [r3, #8]
  GPIO_InitStruct.Speed = GPIO_SPEED_FREQ_LOW;
 8000644:	187b      	adds	r3, r7, r1
 8000646:	2200      	movs	r2, #0
 8000648:	60da      	str	r2, [r3, #12]
  HAL_GPIO_Init(GPO_LTEN_GPIO_Port, &GPIO_InitStruct);
 800064a:	187b      	adds	r3, r7, r1
 800064c:	4a05      	ldr	r2, [pc, #20]	; (8000664 <MX_GPIO_Init+0x184>)
 800064e:	0019      	movs	r1, r3
 8000650:	0010      	movs	r0, r2
 8000652:	f001 fa8f 	bl	8001b74 <HAL_GPIO_Init>

}
 8000656:	46c0      	nop			; (mov r8, r8)
 8000658:	46bd      	mov	sp, r7
 800065a:	b009      	add	sp, #36	; 0x24
 800065c:	bd90      	pop	{r4, r7, pc}
 800065e:	46c0      	nop			; (mov r8, r8)
 8000660:	40021000 	.word	0x40021000
 8000664:	50000400 	.word	0x50000400
 8000668:	50000800 	.word	0x50000800

0800066c <main>:
/**
  * @brief  The application entry point.
  * @retval int
  */
int main(void)
{
 800066c:	b580      	push	{r7, lr}
 800066e:	af00      	add	r7, sp, #0
  /* USER CODE END 1 */

  /* MCU Configuration--------------------------------------------------------*/

  /* Reset of all peripherals, Initializes the Flash interface and the Systick. */
  HAL_Init();
 8000670:	f000 faaa 	bl	8000bc8 <HAL_Init>
  /* USER CODE BEGIN Init */

  /* USER CODE END Init */

  /* Configure the system clock */
  SystemClock_Config();
 8000674:	f000 f80a 	bl	800068c <SystemClock_Config>
  /* USER CODE BEGIN SysInit */

  /* USER CODE END SysInit */

  /* Initialize all configured peripherals */
  MX_GPIO_Init();
 8000678:	f7ff ff32 	bl	80004e0 <MX_GPIO_Init>
  MX_DMA_Init();
 800067c:	f7ff ff12 	bl	80004a4 <MX_DMA_Init>
  MX_ADC1_Init();
 8000680:	f7ff fdfe 	bl	8000280 <MX_ADC1_Init>
  MX_TIM1_Init();
 8000684:	f000 f920 	bl	80008c8 <MX_TIM1_Init>

  /* USER CODE END 2 */

  /* Infinite loop */
  /* USER CODE BEGIN WHILE */
  while (1)
 8000688:	46c0      	nop			; (mov r8, r8)
 800068a:	e7fd      	b.n	8000688 <main+0x1c>

0800068c <SystemClock_Config>:
/**
  * @brief System Clock Configuration
  * @retval None
  */
void SystemClock_Config(void)
{
 800068c:	b590      	push	{r4, r7, lr}
 800068e:	b093      	sub	sp, #76	; 0x4c
 8000690:	af00      	add	r7, sp, #0
  RCC_OscInitTypeDef RCC_OscInitStruct = {0};
 8000692:	2410      	movs	r4, #16
 8000694:	193b      	adds	r3, r7, r4
 8000696:	0018      	movs	r0, r3
 8000698:	2338      	movs	r3, #56	; 0x38
 800069a:	001a      	movs	r2, r3
 800069c:	2100      	movs	r1, #0
 800069e:	f003 ff53 	bl	8004548 <memset>
  RCC_ClkInitTypeDef RCC_ClkInitStruct = {0};
 80006a2:	003b      	movs	r3, r7
 80006a4:	0018      	movs	r0, r3
 80006a6:	2310      	movs	r3, #16
 80006a8:	001a      	movs	r2, r3
 80006aa:	2100      	movs	r1, #0
 80006ac:	f003 ff4c 	bl	8004548 <memset>

  /** Configure the main internal regulator output voltage
  */
  HAL_PWREx_ControlVoltageScaling(PWR_REGULATOR_VOLTAGE_SCALE1);
 80006b0:	2380      	movs	r3, #128	; 0x80
 80006b2:	009b      	lsls	r3, r3, #2
 80006b4:	0018      	movs	r0, r3
 80006b6:	f001 fbdf 	bl	8001e78 <HAL_PWREx_ControlVoltageScaling>

  /** Initializes the RCC Oscillators according to the specified parameters
  * in the RCC_OscInitTypeDef structure.
  */
  RCC_OscInitStruct.OscillatorType = RCC_OSCILLATORTYPE_HSI;
 80006ba:	193b      	adds	r3, r7, r4
 80006bc:	2202      	movs	r2, #2
 80006be:	601a      	str	r2, [r3, #0]
  RCC_OscInitStruct.HSIState = RCC_HSI_ON;
 80006c0:	193b      	adds	r3, r7, r4
 80006c2:	2280      	movs	r2, #128	; 0x80
 80006c4:	0052      	lsls	r2, r2, #1
 80006c6:	60da      	str	r2, [r3, #12]
  RCC_OscInitStruct.HSIDiv = RCC_HSI_DIV1;
 80006c8:	193b      	adds	r3, r7, r4
 80006ca:	2200      	movs	r2, #0
 80006cc:	611a      	str	r2, [r3, #16]
  RCC_OscInitStruct.HSICalibrationValue = RCC_HSICALIBRATION_DEFAULT;
 80006ce:	193b      	adds	r3, r7, r4
 80006d0:	2240      	movs	r2, #64	; 0x40
 80006d2:	615a      	str	r2, [r3, #20]
  RCC_OscInitStruct.PLL.PLLState = RCC_PLL_NONE;
 80006d4:	193b      	adds	r3, r7, r4
 80006d6:	2200      	movs	r2, #0
 80006d8:	61da      	str	r2, [r3, #28]
  if (HAL_RCC_OscConfig(&RCC_OscInitStruct) != HAL_OK)
 80006da:	193b      	adds	r3, r7, r4
 80006dc:	0018      	movs	r0, r3
 80006de:	f001 fc0b 	bl	8001ef8 <HAL_RCC_OscConfig>
 80006e2:	1e03      	subs	r3, r0, #0
 80006e4:	d001      	beq.n	80006ea <SystemClock_Config+0x5e>
  {
    Error_Handler();
 80006e6:	f000 f819 	bl	800071c <Error_Handler>
  }

  /** Initializes the CPU, AHB and APB buses clocks
  */
  RCC_ClkInitStruct.ClockType = RCC_CLOCKTYPE_HCLK|RCC_CLOCKTYPE_SYSCLK
 80006ea:	003b      	movs	r3, r7
 80006ec:	2207      	movs	r2, #7
 80006ee:	601a      	str	r2, [r3, #0]
                              |RCC_CLOCKTYPE_PCLK1;
  RCC_ClkInitStruct.SYSCLKSource = RCC_SYSCLKSOURCE_HSI;
 80006f0:	003b      	movs	r3, r7
 80006f2:	2200      	movs	r2, #0
 80006f4:	605a      	str	r2, [r3, #4]
  RCC_ClkInitStruct.AHBCLKDivider = RCC_SYSCLK_DIV1;
 80006f6:	003b      	movs	r3, r7
 80006f8:	2200      	movs	r2, #0
 80006fa:	609a      	str	r2, [r3, #8]
  RCC_ClkInitStruct.APB1CLKDivider = RCC_HCLK_DIV1;
 80006fc:	003b      	movs	r3, r7
 80006fe:	2200      	movs	r2, #0
 8000700:	60da      	str	r2, [r3, #12]

  if (HAL_RCC_ClockConfig(&RCC_ClkInitStruct, FLASH_LATENCY_0) != HAL_OK)
 8000702:	003b      	movs	r3, r7
 8000704:	2100      	movs	r1, #0
 8000706:	0018      	movs	r0, r3
 8000708:	f001 ff10 	bl	800252c <HAL_RCC_ClockConfig>
 800070c:	1e03      	subs	r3, r0, #0
 800070e:	d001      	beq.n	8000714 <SystemClock_Config+0x88>
  {
    Error_Handler();
 8000710:	f000 f804 	bl	800071c <Error_Handler>
  }
}
 8000714:	46c0      	nop			; (mov r8, r8)
 8000716:	46bd      	mov	sp, r7
 8000718:	b013      	add	sp, #76	; 0x4c
 800071a:	bd90      	pop	{r4, r7, pc}

0800071c <Error_Handler>:
/**
  * @brief  This function is executed in case of error occurrence.
  * @retval None
  */
void Error_Handler(void)
{
 800071c:	b580      	push	{r7, lr}
 800071e:	af00      	add	r7, sp, #0
  \details Disables IRQ interrupts by setting the I-bit in the CPSR.
           Can only be executed in Privileged modes.
 */
__STATIC_FORCEINLINE void __disable_irq(void)
{
  __ASM volatile ("cpsid i" : : : "memory");
 8000720:	b672      	cpsid	i
}
 8000722:	46c0      	nop			; (mov r8, r8)
  /* USER CODE BEGIN Error_Handler_Debug */
  /* User can add his own implementation to report the HAL error return state */
  __disable_irq();
  while (1)
 8000724:	46c0      	nop			; (mov r8, r8)
 8000726:	e7fd      	b.n	8000724 <Error_Handler+0x8>

08000728 <HAL_MspInit>:
/* USER CODE END 0 */
/**
  * Initializes the Global MSP.
  */
void HAL_MspInit(void)
{
 8000728:	b580      	push	{r7, lr}
 800072a:	b082      	sub	sp, #8
 800072c:	af00      	add	r7, sp, #0

  /* USER CODE BEGIN MspInit 0 */

  /* USER CODE END MspInit 0 */

  __HAL_RCC_SYSCFG_CLK_ENABLE();
 800072e:	4b0f      	ldr	r3, [pc, #60]	; (800076c <HAL_MspInit+0x44>)
 8000730:	6c1a      	ldr	r2, [r3, #64]	; 0x40
 8000732:	4b0e      	ldr	r3, [pc, #56]	; (800076c <HAL_MspInit+0x44>)
 8000734:	2101      	movs	r1, #1
 8000736:	430a      	orrs	r2, r1
 8000738:	641a      	str	r2, [r3, #64]	; 0x40
 800073a:	4b0c      	ldr	r3, [pc, #48]	; (800076c <HAL_MspInit+0x44>)
 800073c:	6c1b      	ldr	r3, [r3, #64]	; 0x40
 800073e:	2201      	movs	r2, #1
 8000740:	4013      	ands	r3, r2
 8000742:	607b      	str	r3, [r7, #4]
 8000744:	687b      	ldr	r3, [r7, #4]
  __HAL_RCC_PWR_CLK_ENABLE();
 8000746:	4b09      	ldr	r3, [pc, #36]	; (800076c <HAL_MspInit+0x44>)
 8000748:	6bda      	ldr	r2, [r3, #60]	; 0x3c
 800074a:	4b08      	ldr	r3, [pc, #32]	; (800076c <HAL_MspInit+0x44>)
 800074c:	2180      	movs	r1, #128	; 0x80
 800074e:	0549      	lsls	r1, r1, #21
 8000750:	430a      	orrs	r2, r1
 8000752:	63da      	str	r2, [r3, #60]	; 0x3c
 8000754:	4b05      	ldr	r3, [pc, #20]	; (800076c <HAL_MspInit+0x44>)
 8000756:	6bda      	ldr	r2, [r3, #60]	; 0x3c
 8000758:	2380      	movs	r3, #128	; 0x80
 800075a:	055b      	lsls	r3, r3, #21
 800075c:	4013      	ands	r3, r2
 800075e:	603b      	str	r3, [r7, #0]
 8000760:	683b      	ldr	r3, [r7, #0]
  /* System interrupt init*/

  /* USER CODE BEGIN MspInit 1 */

  /* USER CODE END MspInit 1 */
}
 8000762:	46c0      	nop			; (mov r8, r8)
 8000764:	46bd      	mov	sp, r7
 8000766:	b002      	add	sp, #8
 8000768:	bd80      	pop	{r7, pc}
 800076a:	46c0      	nop			; (mov r8, r8)
 800076c:	40021000 	.word	0x40021000

08000770 <NMI_Handler>:
/******************************************************************************/
/**
  * @brief This function handles Non maskable interrupt.
  */
void NMI_Handler(void)
{
 8000770:	b580      	push	{r7, lr}
 8000772:	af00      	add	r7, sp, #0
  /* USER CODE BEGIN NonMaskableInt_IRQn 0 */

  /* USER CODE END NonMaskableInt_IRQn 0 */
  /* USER CODE BEGIN NonMaskableInt_IRQn 1 */
   while (1)
 8000774:	46c0      	nop			; (mov r8, r8)
 8000776:	e7fd      	b.n	8000774 <NMI_Handler+0x4>

08000778 <HardFault_Handler>:

/**
  * @brief This function handles Hard fault interrupt.
  */
void HardFault_Handler(void)
{
 8000778:	b580      	push	{r7, lr}
 800077a:	af00      	add	r7, sp, #0
  /* USER CODE BEGIN HardFault_IRQn 0 */

  /* USER CODE END HardFault_IRQn 0 */
  while (1)
 800077c:	46c0      	nop			; (mov r8, r8)
 800077e:	e7fd      	b.n	800077c <HardFault_Handler+0x4>

08000780 <SVC_Handler>:

/**
  * @brief This function handles System service call via SWI instruction.
  */
void SVC_Handler(void)
{
 8000780:	b580      	push	{r7, lr}
 8000782:	af00      	add	r7, sp, #0

  /* USER CODE END SVC_IRQn 0 */
  /* USER CODE BEGIN SVC_IRQn 1 */

  /* USER CODE END SVC_IRQn 1 */
}
 8000784:	46c0      	nop			; (mov r8, r8)
 8000786:	46bd      	mov	sp, r7
 8000788:	bd80      	pop	{r7, pc}

0800078a <PendSV_Handler>:

/**
  * @brief This function handles Pendable request for system service.
  */
void PendSV_Handler(void)
{
 800078a:	b580      	push	{r7, lr}
 800078c:	af00      	add	r7, sp, #0

  /* USER CODE END PendSV_IRQn 0 */
  /* USER CODE BEGIN PendSV_IRQn 1 */

  /* USER CODE END PendSV_IRQn 1 */
}
 800078e:	46c0      	nop			; (mov r8, r8)
 8000790:	46bd      	mov	sp, r7
 8000792:	bd80      	pop	{r7, pc}

08000794 <SysTick_Handler>:

/**
  * @brief This function handles System tick timer.
  */
void SysTick_Handler(void)
{
 8000794:	b580      	push	{r7, lr}
 8000796:	af00      	add	r7, sp, #0
  /* USER CODE BEGIN SysTick_IRQn 0 */

  /* USER CODE END SysTick_IRQn 0 */
  HAL_IncTick();
 8000798:	f000 fa80 	bl	8000c9c <HAL_IncTick>
  /* USER CODE BEGIN SysTick_IRQn 1 */

  /* USER CODE END SysTick_IRQn 1 */
}
 800079c:	46c0      	nop			; (mov r8, r8)
 800079e:	46bd      	mov	sp, r7
 80007a0:	bd80      	pop	{r7, pc}
	...

080007a4 <DMA1_Channel1_IRQHandler>:

/**
  * @brief This function handles DMA1 channel 1 interrupt.
  */
void DMA1_Channel1_IRQHandler(void)
{
 80007a4:	b580      	push	{r7, lr}
 80007a6:	af00      	add	r7, sp, #0
  /* USER CODE BEGIN DMA1_Channel1_IRQn 0 */

  /* USER CODE END DMA1_Channel1_IRQn 0 */
  HAL_DMA_IRQHandler(&hdma_adc1);
 80007a8:	4b03      	ldr	r3, [pc, #12]	; (80007b8 <DMA1_Channel1_IRQHandler+0x14>)
 80007aa:	0018      	movs	r0, r3
 80007ac:	f001 f8e0 	bl	8001970 <HAL_DMA_IRQHandler>
  /* USER CODE BEGIN DMA1_Channel1_IRQn 1 */

  /* USER CODE END DMA1_Channel1_IRQn 1 */
}
 80007b0:	46c0      	nop			; (mov r8, r8)
 80007b2:	46bd      	mov	sp, r7
 80007b4:	bd80      	pop	{r7, pc}
 80007b6:	46c0      	nop			; (mov r8, r8)
 80007b8:	20000110 	.word	0x20000110

080007bc <_read>:
  _kill(status, -1);
  while (1) {}    /* Make sure we hang here */
}

__attribute__((weak)) int _read(int file, char *ptr, int len)
{
 80007bc:	b580      	push	{r7, lr}
 80007be:	b086      	sub	sp, #24
 80007c0:	af00      	add	r7, sp, #0
 80007c2:	60f8      	str	r0, [r7, #12]
 80007c4:	60b9      	str	r1, [r7, #8]
 80007c6:	607a      	str	r2, [r7, #4]
  (void)file;
  int DataIdx;

  for (DataIdx = 0; DataIdx < len; DataIdx++)
 80007c8:	2300      	movs	r3, #0
 80007ca:	617b      	str	r3, [r7, #20]
 80007cc:	e00a      	b.n	80007e4 <_read+0x28>
  {
    *ptr++ = __io_getchar();
 80007ce:	e000      	b.n	80007d2 <_read+0x16>
 80007d0:	bf00      	nop
 80007d2:	0001      	movs	r1, r0
 80007d4:	68bb      	ldr	r3, [r7, #8]
 80007d6:	1c5a      	adds	r2, r3, #1
 80007d8:	60ba      	str	r2, [r7, #8]
 80007da:	b2ca      	uxtb	r2, r1
 80007dc:	701a      	strb	r2, [r3, #0]
  for (DataIdx = 0; DataIdx < len; DataIdx++)
 80007de:	697b      	ldr	r3, [r7, #20]
 80007e0:	3301      	adds	r3, #1
 80007e2:	617b      	str	r3, [r7, #20]
 80007e4:	697a      	ldr	r2, [r7, #20]
 80007e6:	687b      	ldr	r3, [r7, #4]
 80007e8:	429a      	cmp	r2, r3
 80007ea:	dbf0      	blt.n	80007ce <_read+0x12>
  }

  return len;
 80007ec:	687b      	ldr	r3, [r7, #4]
}
 80007ee:	0018      	movs	r0, r3
 80007f0:	46bd      	mov	sp, r7
 80007f2:	b006      	add	sp, #24
 80007f4:	bd80      	pop	{r7, pc}

080007f6 <_close>:
  }
  return len;
}

int _close(int file)
{
 80007f6:	b580      	push	{r7, lr}
 80007f8:	b082      	sub	sp, #8
 80007fa:	af00      	add	r7, sp, #0
 80007fc:	6078      	str	r0, [r7, #4]
  (void)file;
  return -1;
 80007fe:	2301      	movs	r3, #1
 8000800:	425b      	negs	r3, r3
}
 8000802:	0018      	movs	r0, r3
 8000804:	46bd      	mov	sp, r7
 8000806:	b002      	add	sp, #8
 8000808:	bd80      	pop	{r7, pc}

0800080a <_fstat>:


int _fstat(int file, struct stat *st)
{
 800080a:	b580      	push	{r7, lr}
 800080c:	b082      	sub	sp, #8
 800080e:	af00      	add	r7, sp, #0
 8000810:	6078      	str	r0, [r7, #4]
 8000812:	6039      	str	r1, [r7, #0]
  (void)file;
  st->st_mode = S_IFCHR;
 8000814:	683b      	ldr	r3, [r7, #0]
 8000816:	2280      	movs	r2, #128	; 0x80
 8000818:	0192      	lsls	r2, r2, #6
 800081a:	605a      	str	r2, [r3, #4]
  return 0;
 800081c:	2300      	movs	r3, #0
}
 800081e:	0018      	movs	r0, r3
 8000820:	46bd      	mov	sp, r7
 8000822:	b002      	add	sp, #8
 8000824:	bd80      	pop	{r7, pc}

08000826 <_isatty>:

int _isatty(int file)
{
 8000826:	b580      	push	{r7, lr}
 8000828:	b082      	sub	sp, #8
 800082a:	af00      	add	r7, sp, #0
 800082c:	6078      	str	r0, [r7, #4]
  (void)file;
  return 1;
 800082e:	2301      	movs	r3, #1
}
 8000830:	0018      	movs	r0, r3
 8000832:	46bd      	mov	sp, r7
 8000834:	b002      	add	sp, #8
 8000836:	bd80      	pop	{r7, pc}

08000838 <_lseek>:

int _lseek(int file, int ptr, int dir)
{
 8000838:	b580      	push	{r7, lr}
 800083a:	b084      	sub	sp, #16
 800083c:	af00      	add	r7, sp, #0
 800083e:	60f8      	str	r0, [r7, #12]
 8000840:	60b9      	str	r1, [r7, #8]
 8000842:	607a      	str	r2, [r7, #4]
  (void)file;
  (void)ptr;
  (void)dir;
  return 0;
 8000844:	2300      	movs	r3, #0
}
 8000846:	0018      	movs	r0, r3
 8000848:	46bd      	mov	sp, r7
 800084a:	b004      	add	sp, #16
 800084c:	bd80      	pop	{r7, pc}
	...

08000850 <_sbrk>:
 *
 * @param incr Memory size
 * @return Pointer to allocated memory
 */
void *_sbrk(ptrdiff_t incr)
{
 8000850:	b580      	push	{r7, lr}
 8000852:	b086      	sub	sp, #24
 8000854:	af00      	add	r7, sp, #0
 8000856:	6078      	str	r0, [r7, #4]
  extern uint8_t _end; /* Symbol defined in the linker script */
  extern uint8_t _estack; /* Symbol defined in the linker script */
  extern uint32_t _Min_Stack_Size; /* Symbol defined in the linker script */
  const uint32_t stack_limit = (uint32_t)&_estack - (uint32_t)&_Min_Stack_Size;
 8000858:	4a14      	ldr	r2, [pc, #80]	; (80008ac <_sbrk+0x5c>)
 800085a:	4b15      	ldr	r3, [pc, #84]	; (80008b0 <_sbrk+0x60>)
 800085c:	1ad3      	subs	r3, r2, r3
 800085e:	617b      	str	r3, [r7, #20]
  const uint8_t *max_heap = (uint8_t *)stack_limit;
 8000860:	697b      	ldr	r3, [r7, #20]
 8000862:	613b      	str	r3, [r7, #16]
  uint8_t *prev_heap_end;

  /* Initialize heap end at first call */
  if (NULL == __sbrk_heap_end)
 8000864:	4b13      	ldr	r3, [pc, #76]	; (80008b4 <_sbrk+0x64>)
 8000866:	681b      	ldr	r3, [r3, #0]
 8000868:	2b00      	cmp	r3, #0
 800086a:	d102      	bne.n	8000872 <_sbrk+0x22>
  {
    __sbrk_heap_end = &_end;
 800086c:	4b11      	ldr	r3, [pc, #68]	; (80008b4 <_sbrk+0x64>)
 800086e:	4a12      	ldr	r2, [pc, #72]	; (80008b8 <_sbrk+0x68>)
 8000870:	601a      	str	r2, [r3, #0]
  }

  /* Protect heap from growing into the reserved MSP stack */
  if (__sbrk_heap_end + incr > max_heap)
 8000872:	4b10      	ldr	r3, [pc, #64]	; (80008b4 <_sbrk+0x64>)
 8000874:	681a      	ldr	r2, [r3, #0]
 8000876:	687b      	ldr	r3, [r7, #4]
 8000878:	18d3      	adds	r3, r2, r3
 800087a:	693a      	ldr	r2, [r7, #16]
 800087c:	429a      	cmp	r2, r3
 800087e:	d207      	bcs.n	8000890 <_sbrk+0x40>
  {
    errno = ENOMEM;
 8000880:	f003 fea4 	bl	80045cc <__errno>
 8000884:	0003      	movs	r3, r0
 8000886:	220c      	movs	r2, #12
 8000888:	601a      	str	r2, [r3, #0]
    return (void *)-1;
 800088a:	2301      	movs	r3, #1
 800088c:	425b      	negs	r3, r3
 800088e:	e009      	b.n	80008a4 <_sbrk+0x54>
  }

  prev_heap_end = __sbrk_heap_end;
 8000890:	4b08      	ldr	r3, [pc, #32]	; (80008b4 <_sbrk+0x64>)
 8000892:	681b      	ldr	r3, [r3, #0]
 8000894:	60fb      	str	r3, [r7, #12]
  __sbrk_heap_end += incr;
 8000896:	4b07      	ldr	r3, [pc, #28]	; (80008b4 <_sbrk+0x64>)
 8000898:	681a      	ldr	r2, [r3, #0]
 800089a:	687b      	ldr	r3, [r7, #4]
 800089c:	18d2      	adds	r2, r2, r3
 800089e:	4b05      	ldr	r3, [pc, #20]	; (80008b4 <_sbrk+0x64>)
 80008a0:	601a      	str	r2, [r3, #0]

  return (void *)prev_heap_end;
 80008a2:	68fb      	ldr	r3, [r7, #12]
}
 80008a4:	0018      	movs	r0, r3
 80008a6:	46bd      	mov	sp, r7
 80008a8:	b006      	add	sp, #24
 80008aa:	bd80      	pop	{r7, pc}
 80008ac:	20002000 	.word	0x20002000
 80008b0:	00000400 	.word	0x00000400
 80008b4:	2000016c 	.word	0x2000016c
 80008b8:	20000860 	.word	0x20000860

080008bc <SystemInit>:
  * @brief  Setup the microcontroller system.
  * @param  None
  * @retval None
  */
void SystemInit(void)
{
 80008bc:	b580      	push	{r7, lr}
 80008be:	af00      	add	r7, sp, #0
  /* Configure the Vector Table location -------------------------------------*/
#if defined(USER_VECT_TAB_ADDRESS)
  SCB->VTOR = VECT_TAB_BASE_ADDRESS | VECT_TAB_OFFSET; /* Vector Table Relocation */
#endif /* USER_VECT_TAB_ADDRESS */
}
 80008c0:	46c0      	nop			; (mov r8, r8)
 80008c2:	46bd      	mov	sp, r7
 80008c4:	bd80      	pop	{r7, pc}
	...

080008c8 <MX_TIM1_Init>:

TIM_HandleTypeDef htim1;

/* TIM1 init function */
void MX_TIM1_Init(void)
{
 80008c8:	b580      	push	{r7, lr}
 80008ca:	b09c      	sub	sp, #112	; 0x70
 80008cc:	af00      	add	r7, sp, #0

  /* USER CODE BEGIN TIM1_Init 0 */

  /* USER CODE END TIM1_Init 0 */

  TIM_ClockConfigTypeDef sClockSourceConfig = {0};
 80008ce:	2360      	movs	r3, #96	; 0x60
 80008d0:	18fb      	adds	r3, r7, r3
 80008d2:	0018      	movs	r0, r3
 80008d4:	2310      	movs	r3, #16
 80008d6:	001a      	movs	r2, r3
 80008d8:	2100      	movs	r1, #0
 80008da:	f003 fe35 	bl	8004548 <memset>
  TIM_MasterConfigTypeDef sMasterConfig = {0};
 80008de:	2354      	movs	r3, #84	; 0x54
 80008e0:	18fb      	adds	r3, r7, r3
 80008e2:	0018      	movs	r0, r3
 80008e4:	230c      	movs	r3, #12
 80008e6:	001a      	movs	r2, r3
 80008e8:	2100      	movs	r1, #0
 80008ea:	f003 fe2d 	bl	8004548 <memset>
  TIM_OC_InitTypeDef sConfigOC = {0};
 80008ee:	2338      	movs	r3, #56	; 0x38
 80008f0:	18fb      	adds	r3, r7, r3
 80008f2:	0018      	movs	r0, r3
 80008f4:	231c      	movs	r3, #28
 80008f6:	001a      	movs	r2, r3
 80008f8:	2100      	movs	r1, #0
 80008fa:	f003 fe25 	bl	8004548 <memset>
  TIM_BreakDeadTimeConfigTypeDef sBreakDeadTimeConfig = {0};
 80008fe:	1d3b      	adds	r3, r7, #4
 8000900:	0018      	movs	r0, r3
 8000902:	2334      	movs	r3, #52	; 0x34
 8000904:	001a      	movs	r2, r3
 8000906:	2100      	movs	r1, #0
 8000908:	f003 fe1e 	bl	8004548 <memset>

  /* USER CODE BEGIN TIM1_Init 1 */

  /* USER CODE END TIM1_Init 1 */
  htim1.Instance = TIM1;
 800090c:	4b5c      	ldr	r3, [pc, #368]	; (8000a80 <MX_TIM1_Init+0x1b8>)
 800090e:	4a5d      	ldr	r2, [pc, #372]	; (8000a84 <MX_TIM1_Init+0x1bc>)
 8000910:	601a      	str	r2, [r3, #0]
  htim1.Init.Prescaler = 15;
 8000912:	4b5b      	ldr	r3, [pc, #364]	; (8000a80 <MX_TIM1_Init+0x1b8>)
 8000914:	220f      	movs	r2, #15
 8000916:	605a      	str	r2, [r3, #4]
  htim1.Init.CounterMode = TIM_COUNTERMODE_UP;
 8000918:	4b59      	ldr	r3, [pc, #356]	; (8000a80 <MX_TIM1_Init+0x1b8>)
 800091a:	2200      	movs	r2, #0
 800091c:	609a      	str	r2, [r3, #8]
  htim1.Init.Period = 65535;
 800091e:	4b58      	ldr	r3, [pc, #352]	; (8000a80 <MX_TIM1_Init+0x1b8>)
 8000920:	4a59      	ldr	r2, [pc, #356]	; (8000a88 <MX_TIM1_Init+0x1c0>)
 8000922:	60da      	str	r2, [r3, #12]
  htim1.Init.ClockDivision = TIM_CLOCKDIVISION_DIV1;
 8000924:	4b56      	ldr	r3, [pc, #344]	; (8000a80 <MX_TIM1_Init+0x1b8>)
 8000926:	2200      	movs	r2, #0
 8000928:	611a      	str	r2, [r3, #16]
  htim1.Init.RepetitionCounter = 0;
 800092a:	4b55      	ldr	r3, [pc, #340]	; (8000a80 <MX_TIM1_Init+0x1b8>)
 800092c:	2200      	movs	r2, #0
 800092e:	615a      	str	r2, [r3, #20]
  htim1.Init.AutoReloadPreload = TIM_AUTORELOAD_PRELOAD_DISABLE;
 8000930:	4b53      	ldr	r3, [pc, #332]	; (8000a80 <MX_TIM1_Init+0x1b8>)
 8000932:	2200      	movs	r2, #0
 8000934:	619a      	str	r2, [r3, #24]
  if (HAL_TIM_Base_Init(&htim1) != HAL_OK)
 8000936:	4b52      	ldr	r3, [pc, #328]	; (8000a80 <MX_TIM1_Init+0x1b8>)
 8000938:	0018      	movs	r0, r3
 800093a:	f002 f8fb 	bl	8002b34 <HAL_TIM_Base_Init>
 800093e:	1e03      	subs	r3, r0, #0
 8000940:	d001      	beq.n	8000946 <MX_TIM1_Init+0x7e>
  {
    Error_Handler();
 8000942:	f7ff feeb 	bl	800071c <Error_Handler>
  }
  sClockSourceConfig.ClockSource = TIM_CLOCKSOURCE_INTERNAL;
 8000946:	2160      	movs	r1, #96	; 0x60
 8000948:	187b      	adds	r3, r7, r1
 800094a:	2280      	movs	r2, #128	; 0x80
 800094c:	0152      	lsls	r2, r2, #5
 800094e:	601a      	str	r2, [r3, #0]
  if (HAL_TIM_ConfigClockSource(&htim1, &sClockSourceConfig) != HAL_OK)
 8000950:	187a      	adds	r2, r7, r1
 8000952:	4b4b      	ldr	r3, [pc, #300]	; (8000a80 <MX_TIM1_Init+0x1b8>)
 8000954:	0011      	movs	r1, r2
 8000956:	0018      	movs	r0, r3
 8000958:	f002 fb8e 	bl	8003078 <HAL_TIM_ConfigClockSource>
 800095c:	1e03      	subs	r3, r0, #0
 800095e:	d001      	beq.n	8000964 <MX_TIM1_Init+0x9c>
  {
    Error_Handler();
 8000960:	f7ff fedc 	bl	800071c <Error_Handler>
  }
  if (HAL_TIM_PWM_Init(&htim1) != HAL_OK)
 8000964:	4b46      	ldr	r3, [pc, #280]	; (8000a80 <MX_TIM1_Init+0x1b8>)
 8000966:	0018      	movs	r0, r3
 8000968:	f002 f9b8 	bl	8002cdc <HAL_TIM_PWM_Init>
 800096c:	1e03      	subs	r3, r0, #0
 800096e:	d001      	beq.n	8000974 <MX_TIM1_Init+0xac>
  {
    Error_Handler();
 8000970:	f7ff fed4 	bl	800071c <Error_Handler>
  }
  if (HAL_TIM_OC_Init(&htim1) != HAL_OK)
 8000974:	4b42      	ldr	r3, [pc, #264]	; (8000a80 <MX_TIM1_Init+0x1b8>)
 8000976:	0018      	movs	r0, r3
 8000978:	f002 f942 	bl	8002c00 <HAL_TIM_OC_Init>
 800097c:	1e03      	subs	r3, r0, #0
 800097e:	d001      	beq.n	8000984 <MX_TIM1_Init+0xbc>
  {
    Error_Handler();
 8000980:	f7ff fecc 	bl	800071c <Error_Handler>
  }
  sMasterConfig.MasterOutputTrigger = TIM_TRGO_RESET;
 8000984:	2154      	movs	r1, #84	; 0x54
 8000986:	187b      	adds	r3, r7, r1
 8000988:	2200      	movs	r2, #0
 800098a:	601a      	str	r2, [r3, #0]
  sMasterConfig.MasterOutputTrigger2 = TIM_TRGO2_RESET;
 800098c:	187b      	adds	r3, r7, r1
 800098e:	2200      	movs	r2, #0
 8000990:	605a      	str	r2, [r3, #4]
  sMasterConfig.MasterSlaveMode = TIM_MASTERSLAVEMODE_DISABLE;
 8000992:	187b      	adds	r3, r7, r1
 8000994:	2200      	movs	r2, #0
 8000996:	609a      	str	r2, [r3, #8]
  if (HAL_TIMEx_MasterConfigSynchronization(&htim1, &sMasterConfig) != HAL_OK)
 8000998:	187a      	adds	r2, r7, r1
 800099a:	4b39      	ldr	r3, [pc, #228]	; (8000a80 <MX_TIM1_Init+0x1b8>)
 800099c:	0011      	movs	r1, r2
 800099e:	0018      	movs	r0, r3
 80009a0:	f003 f8a8 	bl	8003af4 <HAL_TIMEx_MasterConfigSynchronization>
 80009a4:	1e03      	subs	r3, r0, #0
 80009a6:	d001      	beq.n	80009ac <MX_TIM1_Init+0xe4>
  {
    Error_Handler();
 80009a8:	f7ff feb8 	bl	800071c <Error_Handler>
  }
  sConfigOC.OCMode = TIM_OCMODE_PWM1;
 80009ac:	2138      	movs	r1, #56	; 0x38
 80009ae:	187b      	adds	r3, r7, r1
 80009b0:	2260      	movs	r2, #96	; 0x60
 80009b2:	601a      	str	r2, [r3, #0]
  sConfigOC.Pulse = 0;
 80009b4:	187b      	adds	r3, r7, r1
 80009b6:	2200      	movs	r2, #0
 80009b8:	605a      	str	r2, [r3, #4]
  sConfigOC.OCPolarity = TIM_OCPOLARITY_HIGH;
 80009ba:	187b      	adds	r3, r7, r1
 80009bc:	2200      	movs	r2, #0
 80009be:	609a      	str	r2, [r3, #8]
  sConfigOC.OCNPolarity = TIM_OCNPOLARITY_HIGH;
 80009c0:	187b      	adds	r3, r7, r1
 80009c2:	2200      	movs	r2, #0
 80009c4:	60da      	str	r2, [r3, #12]
  sConfigOC.OCFastMode = TIM_OCFAST_DISABLE;
 80009c6:	187b      	adds	r3, r7, r1
 80009c8:	2200      	movs	r2, #0
 80009ca:	611a      	str	r2, [r3, #16]
  sConfigOC.OCIdleState = TIM_OCIDLESTATE_RESET;
 80009cc:	187b      	adds	r3, r7, r1
 80009ce:	2200      	movs	r2, #0
 80009d0:	615a      	str	r2, [r3, #20]
  sConfigOC.OCNIdleState = TIM_OCNIDLESTATE_RESET;
 80009d2:	187b      	adds	r3, r7, r1
 80009d4:	2200      	movs	r2, #0
 80009d6:	619a      	str	r2, [r3, #24]
  if (HAL_TIM_PWM_ConfigChannel(&htim1, &sConfigOC, TIM_CHANNEL_2) != HAL_OK)
 80009d8:	1879      	adds	r1, r7, r1
 80009da:	4b29      	ldr	r3, [pc, #164]	; (8000a80 <MX_TIM1_Init+0x1b8>)
 80009dc:	2204      	movs	r2, #4
 80009de:	0018      	movs	r0, r3
 80009e0:	f002 fa4a 	bl	8002e78 <HAL_TIM_PWM_ConfigChannel>
 80009e4:	1e03      	subs	r3, r0, #0
 80009e6:	d001      	beq.n	80009ec <MX_TIM1_Init+0x124>
  {
    Error_Handler();
 80009e8:	f7ff fe98 	bl	800071c <Error_Handler>
  }
  sConfigOC.OCMode = TIM_OCMODE_ACTIVE;
 80009ec:	2138      	movs	r1, #56	; 0x38
 80009ee:	187b      	adds	r3, r7, r1
 80009f0:	2210      	movs	r2, #16
 80009f2:	601a      	str	r2, [r3, #0]
  if (HAL_TIM_OC_ConfigChannel(&htim1, &sConfigOC, TIM_CHANNEL_4) != HAL_OK)
 80009f4:	1879      	adds	r1, r7, r1
 80009f6:	4b22      	ldr	r3, [pc, #136]	; (8000a80 <MX_TIM1_Init+0x1b8>)
 80009f8:	220c      	movs	r2, #12
 80009fa:	0018      	movs	r0, r3
 80009fc:	f002 f9dc 	bl	8002db8 <HAL_TIM_OC_ConfigChannel>
 8000a00:	1e03      	subs	r3, r0, #0
 8000a02:	d001      	beq.n	8000a08 <MX_TIM1_Init+0x140>
  {
    Error_Handler();
 8000a04:	f7ff fe8a 	bl	800071c <Error_Handler>
  }
  sBreakDeadTimeConfig.OffStateRunMode = TIM_OSSR_DISABLE;
 8000a08:	1d3b      	adds	r3, r7, #4
 8000a0a:	2200      	movs	r2, #0
 8000a0c:	601a      	str	r2, [r3, #0]
  sBreakDeadTimeConfig.OffStateIDLEMode = TIM_OSSI_DISABLE;
 8000a0e:	1d3b      	adds	r3, r7, #4
 8000a10:	2200      	movs	r2, #0
 8000a12:	605a      	str	r2, [r3, #4]
  sBreakDeadTimeConfig.LockLevel = TIM_LOCKLEVEL_OFF;
 8000a14:	1d3b      	adds	r3, r7, #4
 8000a16:	2200      	movs	r2, #0
 8000a18:	609a      	str	r2, [r3, #8]
  sBreakDeadTimeConfig.DeadTime = 0;
 8000a1a:	1d3b      	adds	r3, r7, #4
 8000a1c:	2200      	movs	r2, #0
 8000a1e:	60da      	str	r2, [r3, #12]
  sBreakDeadTimeConfig.BreakState = TIM_BREAK_DISABLE;
 8000a20:	1d3b      	adds	r3, r7, #4
 8000a22:	2200      	movs	r2, #0
 8000a24:	611a      	str	r2, [r3, #16]
  sBreakDeadTimeConfig.BreakPolarity = TIM_BREAKPOLARITY_HIGH;
 8000a26:	1d3b      	adds	r3, r7, #4
 8000a28:	2280      	movs	r2, #128	; 0x80
 8000a2a:	0192      	lsls	r2, r2, #6
 8000a2c:	615a      	str	r2, [r3, #20]
  sBreakDeadTimeConfig.BreakFilter = 0;
 8000a2e:	1d3b      	adds	r3, r7, #4
 8000a30:	2200      	movs	r2, #0
 8000a32:	619a      	str	r2, [r3, #24]
  sBreakDeadTimeConfig.BreakAFMode = TIM_BREAK_AFMODE_INPUT;
 8000a34:	1d3b      	adds	r3, r7, #4
 8000a36:	2200      	movs	r2, #0
 8000a38:	61da      	str	r2, [r3, #28]
  sBreakDeadTimeConfig.Break2State = TIM_BREAK2_DISABLE;
 8000a3a:	1d3b      	adds	r3, r7, #4
 8000a3c:	2200      	movs	r2, #0
 8000a3e:	621a      	str	r2, [r3, #32]
  sBreakDeadTimeConfig.Break2Polarity = TIM_BREAK2POLARITY_HIGH;
 8000a40:	1d3b      	adds	r3, r7, #4
 8000a42:	2280      	movs	r2, #128	; 0x80
 8000a44:	0492      	lsls	r2, r2, #18
 8000a46:	625a      	str	r2, [r3, #36]	; 0x24
  sBreakDeadTimeConfig.Break2Filter = 0;
 8000a48:	1d3b      	adds	r3, r7, #4
 8000a4a:	2200      	movs	r2, #0
 8000a4c:	629a      	str	r2, [r3, #40]	; 0x28
  sBreakDeadTimeConfig.Break2AFMode = TIM_BREAK_AFMODE_INPUT;
 8000a4e:	1d3b      	adds	r3, r7, #4
 8000a50:	2200      	movs	r2, #0
 8000a52:	62da      	str	r2, [r3, #44]	; 0x2c
  sBreakDeadTimeConfig.AutomaticOutput = TIM_AUTOMATICOUTPUT_DISABLE;
 8000a54:	1d3b      	adds	r3, r7, #4
 8000a56:	2200      	movs	r2, #0
 8000a58:	631a      	str	r2, [r3, #48]	; 0x30
  if (HAL_TIMEx_ConfigBreakDeadTime(&htim1, &sBreakDeadTimeConfig) != HAL_OK)
 8000a5a:	1d3a      	adds	r2, r7, #4
 8000a5c:	4b08      	ldr	r3, [pc, #32]	; (8000a80 <MX_TIM1_Init+0x1b8>)
 8000a5e:	0011      	movs	r1, r2
 8000a60:	0018      	movs	r0, r3
 8000a62:	f003 f8af 	bl	8003bc4 <HAL_TIMEx_ConfigBreakDeadTime>
 8000a66:	1e03      	subs	r3, r0, #0
 8000a68:	d001      	beq.n	8000a6e <MX_TIM1_Init+0x1a6>
  {
    Error_Handler();
 8000a6a:	f7ff fe57 	bl	800071c <Error_Handler>
  }
  /* USER CODE BEGIN TIM1_Init 2 */

  /* USER CODE END TIM1_Init 2 */
  HAL_TIM_MspPostInit(&htim1);
 8000a6e:	4b04      	ldr	r3, [pc, #16]	; (8000a80 <MX_TIM1_Init+0x1b8>)
 8000a70:	0018      	movs	r0, r3
 8000a72:	f000 f841 	bl	8000af8 <HAL_TIM_MspPostInit>

}
 8000a76:	46c0      	nop			; (mov r8, r8)
 8000a78:	46bd      	mov	sp, r7
 8000a7a:	b01c      	add	sp, #112	; 0x70
 8000a7c:	bd80      	pop	{r7, pc}
 8000a7e:	46c0      	nop			; (mov r8, r8)
 8000a80:	20000170 	.word	0x20000170
 8000a84:	40012c00 	.word	0x40012c00
 8000a88:	0000ffff 	.word	0x0000ffff

08000a8c <HAL_TIM_Base_MspInit>:

void HAL_TIM_Base_MspInit(TIM_HandleTypeDef* tim_baseHandle)
{
 8000a8c:	b590      	push	{r4, r7, lr}
 8000a8e:	b08f      	sub	sp, #60	; 0x3c
 8000a90:	af00      	add	r7, sp, #0
 8000a92:	6078      	str	r0, [r7, #4]

  RCC_PeriphCLKInitTypeDef PeriphClkInit = {0};
 8000a94:	2410      	movs	r4, #16
 8000a96:	193b      	adds	r3, r7, r4
 8000a98:	0018      	movs	r0, r3
 8000a9a:	2328      	movs	r3, #40	; 0x28
 8000a9c:	001a      	movs	r2, r3
 8000a9e:	2100      	movs	r1, #0
 8000aa0:	f003 fd52 	bl	8004548 <memset>
  if(tim_baseHandle->Instance==TIM1)
 8000aa4:	687b      	ldr	r3, [r7, #4]
 8000aa6:	681b      	ldr	r3, [r3, #0]
 8000aa8:	4a11      	ldr	r2, [pc, #68]	; (8000af0 <HAL_TIM_Base_MspInit+0x64>)
 8000aaa:	4293      	cmp	r3, r2
 8000aac:	d11c      	bne.n	8000ae8 <HAL_TIM_Base_MspInit+0x5c>

  /* USER CODE END TIM1_MspInit 0 */

  /** Initializes the peripherals clocks
  */
    PeriphClkInit.PeriphClockSelection = RCC_PERIPHCLK_TIM1;
 8000aae:	193b      	adds	r3, r7, r4
 8000ab0:	2280      	movs	r2, #128	; 0x80
 8000ab2:	0392      	lsls	r2, r2, #14
 8000ab4:	601a      	str	r2, [r3, #0]
    PeriphClkInit.Tim1ClockSelection = RCC_TIM1CLKSOURCE_PCLK1;
 8000ab6:	193b      	adds	r3, r7, r4
 8000ab8:	2200      	movs	r2, #0
 8000aba:	621a      	str	r2, [r3, #32]
    if (HAL_RCCEx_PeriphCLKConfig(&PeriphClkInit) != HAL_OK)
 8000abc:	193b      	adds	r3, r7, r4
 8000abe:	0018      	movs	r0, r3
 8000ac0:	f001 febe 	bl	8002840 <HAL_RCCEx_PeriphCLKConfig>
 8000ac4:	1e03      	subs	r3, r0, #0
 8000ac6:	d001      	beq.n	8000acc <HAL_TIM_Base_MspInit+0x40>
    {
      Error_Handler();
 8000ac8:	f7ff fe28 	bl	800071c <Error_Handler>
    }

    /* TIM1 clock enable */
    __HAL_RCC_TIM1_CLK_ENABLE();
 8000acc:	4b09      	ldr	r3, [pc, #36]	; (8000af4 <HAL_TIM_Base_MspInit+0x68>)
 8000ace:	6c1a      	ldr	r2, [r3, #64]	; 0x40
 8000ad0:	4b08      	ldr	r3, [pc, #32]	; (8000af4 <HAL_TIM_Base_MspInit+0x68>)
 8000ad2:	2180      	movs	r1, #128	; 0x80
 8000ad4:	0109      	lsls	r1, r1, #4
 8000ad6:	430a      	orrs	r2, r1
 8000ad8:	641a      	str	r2, [r3, #64]	; 0x40
 8000ada:	4b06      	ldr	r3, [pc, #24]	; (8000af4 <HAL_TIM_Base_MspInit+0x68>)
 8000adc:	6c1a      	ldr	r2, [r3, #64]	; 0x40
 8000ade:	2380      	movs	r3, #128	; 0x80
 8000ae0:	011b      	lsls	r3, r3, #4
 8000ae2:	4013      	ands	r3, r2
 8000ae4:	60fb      	str	r3, [r7, #12]
 8000ae6:	68fb      	ldr	r3, [r7, #12]
  /* USER CODE BEGIN TIM1_MspInit 1 */

  /* USER CODE END TIM1_MspInit 1 */
  }
}
 8000ae8:	46c0      	nop			; (mov r8, r8)
 8000aea:	46bd      	mov	sp, r7
 8000aec:	b00f      	add	sp, #60	; 0x3c
 8000aee:	bd90      	pop	{r4, r7, pc}
 8000af0:	40012c00 	.word	0x40012c00
 8000af4:	40021000 	.word	0x40021000

08000af8 <HAL_TIM_MspPostInit>:
void HAL_TIM_MspPostInit(TIM_HandleTypeDef* timHandle)
{
 8000af8:	b590      	push	{r4, r7, lr}
 8000afa:	b089      	sub	sp, #36	; 0x24
 8000afc:	af00      	add	r7, sp, #0
 8000afe:	6078      	str	r0, [r7, #4]

  GPIO_InitTypeDef GPIO_InitStruct = {0};
 8000b00:	240c      	movs	r4, #12
 8000b02:	193b      	adds	r3, r7, r4
 8000b04:	0018      	movs	r0, r3
 8000b06:	2314      	movs	r3, #20
 8000b08:	001a      	movs	r2, r3
 8000b0a:	2100      	movs	r1, #0
 8000b0c:	f003 fd1c 	bl	8004548 <memset>
  if(timHandle->Instance==TIM1)
 8000b10:	687b      	ldr	r3, [r7, #4]
 8000b12:	681b      	ldr	r3, [r3, #0]
 8000b14:	4a14      	ldr	r2, [pc, #80]	; (8000b68 <HAL_TIM_MspPostInit+0x70>)
 8000b16:	4293      	cmp	r3, r2
 8000b18:	d121      	bne.n	8000b5e <HAL_TIM_MspPostInit+0x66>
  {
  /* USER CODE BEGIN TIM1_MspPostInit 0 */

  /* USER CODE END TIM1_MspPostInit 0 */

    __HAL_RCC_GPIOB_CLK_ENABLE();
 8000b1a:	4b14      	ldr	r3, [pc, #80]	; (8000b6c <HAL_TIM_MspPostInit+0x74>)
 8000b1c:	6b5a      	ldr	r2, [r3, #52]	; 0x34
 8000b1e:	4b13      	ldr	r3, [pc, #76]	; (8000b6c <HAL_TIM_MspPostInit+0x74>)
 8000b20:	2102      	movs	r1, #2
 8000b22:	430a      	orrs	r2, r1
 8000b24:	635a      	str	r2, [r3, #52]	; 0x34
 8000b26:	4b11      	ldr	r3, [pc, #68]	; (8000b6c <HAL_TIM_MspPostInit+0x74>)
 8000b28:	6b5b      	ldr	r3, [r3, #52]	; 0x34
 8000b2a:	2202      	movs	r2, #2
 8000b2c:	4013      	ands	r3, r2
 8000b2e:	60bb      	str	r3, [r7, #8]
 8000b30:	68bb      	ldr	r3, [r7, #8]
    /**TIM1 GPIO Configuration
    PB3     ------> TIM1_CH2
    */
    GPIO_InitStruct.Pin = TIM1_CH2_PWM_Pin;
 8000b32:	0021      	movs	r1, r4
 8000b34:	187b      	adds	r3, r7, r1
 8000b36:	2208      	movs	r2, #8
 8000b38:	601a      	str	r2, [r3, #0]
    GPIO_InitStruct.Mode = GPIO_MODE_AF_PP;
 8000b3a:	187b      	adds	r3, r7, r1
 8000b3c:	2202      	movs	r2, #2
 8000b3e:	605a      	str	r2, [r3, #4]
    GPIO_InitStruct.Pull = GPIO_NOPULL;
 8000b40:	187b      	adds	r3, r7, r1
 8000b42:	2200      	movs	r2, #0
 8000b44:	609a      	str	r2, [r3, #8]
    GPIO_InitStruct.Speed = GPIO_SPEED_FREQ_LOW;
 8000b46:	187b      	adds	r3, r7, r1
 8000b48:	2200      	movs	r2, #0
 8000b4a:	60da      	str	r2, [r3, #12]
    GPIO_InitStruct.Alternate = GPIO_AF1_TIM1;
 8000b4c:	187b      	adds	r3, r7, r1
 8000b4e:	2201      	movs	r2, #1
 8000b50:	611a      	str	r2, [r3, #16]
    HAL_GPIO_Init(TIM1_CH2_PWM_GPIO_Port, &GPIO_InitStruct);
 8000b52:	187b      	adds	r3, r7, r1
 8000b54:	4a06      	ldr	r2, [pc, #24]	; (8000b70 <HAL_TIM_MspPostInit+0x78>)
 8000b56:	0019      	movs	r1, r3
 8000b58:	0010      	movs	r0, r2
 8000b5a:	f001 f80b 	bl	8001b74 <HAL_GPIO_Init>
  /* USER CODE BEGIN TIM1_MspPostInit 1 */

  /* USER CODE END TIM1_MspPostInit 1 */
  }

}
 8000b5e:	46c0      	nop			; (mov r8, r8)
 8000b60:	46bd      	mov	sp, r7
 8000b62:	b009      	add	sp, #36	; 0x24
 8000b64:	bd90      	pop	{r4, r7, pc}
 8000b66:	46c0      	nop			; (mov r8, r8)
 8000b68:	40012c00 	.word	0x40012c00
 8000b6c:	40021000 	.word	0x40021000
 8000b70:	50000400 	.word	0x50000400

08000b74 <Reset_Handler>:

  .section .text.Reset_Handler
  .weak Reset_Handler
  .type Reset_Handler, %function
Reset_Handler:
  ldr   r0, =_estack
 8000b74:	480d      	ldr	r0, [pc, #52]	; (8000bac <LoopForever+0x2>)
  mov   sp, r0          /* set stack pointer */
 8000b76:	4685      	mov	sp, r0

/* Call the clock system initialization function.*/
  bl  SystemInit
 8000b78:	f7ff fea0 	bl	80008bc <SystemInit>

/* Copy the data segment initializers from flash to SRAM */
  ldr r0, =_sdata
 8000b7c:	480c      	ldr	r0, [pc, #48]	; (8000bb0 <LoopForever+0x6>)
  ldr r1, =_edata
 8000b7e:	490d      	ldr	r1, [pc, #52]	; (8000bb4 <LoopForever+0xa>)
  ldr r2, =_sidata
 8000b80:	4a0d      	ldr	r2, [pc, #52]	; (8000bb8 <LoopForever+0xe>)
  movs r3, #0
 8000b82:	2300      	movs	r3, #0
  b LoopCopyDataInit
 8000b84:	e002      	b.n	8000b8c <LoopCopyDataInit>

08000b86 <CopyDataInit>:

CopyDataInit:
  ldr r4, [r2, r3]
 8000b86:	58d4      	ldr	r4, [r2, r3]
  str r4, [r0, r3]
 8000b88:	50c4      	str	r4, [r0, r3]
  adds r3, r3, #4
 8000b8a:	3304      	adds	r3, #4

08000b8c <LoopCopyDataInit>:

LoopCopyDataInit:
  adds r4, r0, r3
 8000b8c:	18c4      	adds	r4, r0, r3
  cmp r4, r1
 8000b8e:	428c      	cmp	r4, r1
  bcc CopyDataInit
 8000b90:	d3f9      	bcc.n	8000b86 <CopyDataInit>

/* Zero fill the bss segment. */
  ldr r2, =_sbss
 8000b92:	4a0a      	ldr	r2, [pc, #40]	; (8000bbc <LoopForever+0x12>)
  ldr r4, =_ebss
 8000b94:	4c0a      	ldr	r4, [pc, #40]	; (8000bc0 <LoopForever+0x16>)
  movs r3, #0
 8000b96:	2300      	movs	r3, #0
  b LoopFillZerobss
 8000b98:	e001      	b.n	8000b9e <LoopFillZerobss>

08000b9a <FillZerobss>:

FillZerobss:
  str  r3, [r2]
 8000b9a:	6013      	str	r3, [r2, #0]
  adds r2, r2, #4
 8000b9c:	3204      	adds	r2, #4

08000b9e <LoopFillZerobss>:

LoopFillZerobss:
  cmp r2, r4
 8000b9e:	42a2      	cmp	r2, r4
  bcc FillZerobss
 8000ba0:	d3fb      	bcc.n	8000b9a <FillZerobss>

/* Call static constructors */
  bl __libc_init_array
 8000ba2:	f003 fd19 	bl	80045d8 <__libc_init_array>
/* Call the application s entry point.*/
  bl main
 8000ba6:	f7ff fd61 	bl	800066c <main>

08000baa <LoopForever>:

LoopForever:
  b LoopForever
 8000baa:	e7fe      	b.n	8000baa <LoopForever>
  ldr   r0, =_estack
 8000bac:	20002000 	.word	0x20002000
  ldr r0, =_sdata
 8000bb0:	20000000 	.word	0x20000000
  ldr r1, =_edata
 8000bb4:	2000006c 	.word	0x2000006c
  ldr r2, =_sidata
 8000bb8:	080053a8 	.word	0x080053a8
  ldr r2, =_sbss
 8000bbc:	2000006c 	.word	0x2000006c
  ldr r4, =_ebss
 8000bc0:	2000085c 	.word	0x2000085c

08000bc4 <ADC1_IRQHandler>:
 * @retval None
*/
  .section .text.Default_Handler,"ax",%progbits
Default_Handler:
Infinite_Loop:
  b Infinite_Loop
 8000bc4:	e7fe      	b.n	8000bc4 <ADC1_IRQHandler>
	...

08000bc8 <HAL_Init>:
  *         each 1ms in the SysTick_Handler() interrupt handler.
  *
  * @retval HAL status
  */
HAL_StatusTypeDef HAL_Init(void)
{
 8000bc8:	b580      	push	{r7, lr}
 8000bca:	b082      	sub	sp, #8
 8000bcc:	af00      	add	r7, sp, #0
  HAL_StatusTypeDef  status = HAL_OK;
 8000bce:	1dfb      	adds	r3, r7, #7
 8000bd0:	2200      	movs	r2, #0
 8000bd2:	701a      	strb	r2, [r3, #0]
#if (INSTRUCTION_CACHE_ENABLE == 0U)
  __HAL_FLASH_INSTRUCTION_CACHE_DISABLE();
#endif /* INSTRUCTION_CACHE_ENABLE */

#if (PREFETCH_ENABLE != 0U)
  __HAL_FLASH_PREFETCH_BUFFER_ENABLE();
 8000bd4:	4b0b      	ldr	r3, [pc, #44]	; (8000c04 <HAL_Init+0x3c>)
 8000bd6:	681a      	ldr	r2, [r3, #0]
 8000bd8:	4b0a      	ldr	r3, [pc, #40]	; (8000c04 <HAL_Init+0x3c>)
 8000bda:	2180      	movs	r1, #128	; 0x80
 8000bdc:	0049      	lsls	r1, r1, #1
 8000bde:	430a      	orrs	r2, r1
 8000be0:	601a      	str	r2, [r3, #0]
#endif /* PREFETCH_ENABLE */

  /* Use SysTick as time base source and configure 1ms tick (default clock after Reset is HSI) */
  if (HAL_InitTick(TICK_INT_PRIORITY) != HAL_OK)
 8000be2:	2003      	movs	r0, #3
 8000be4:	f000 f810 	bl	8000c08 <HAL_InitTick>
 8000be8:	1e03      	subs	r3, r0, #0
 8000bea:	d003      	beq.n	8000bf4 <HAL_Init+0x2c>
  {
    status = HAL_ERROR;
 8000bec:	1dfb      	adds	r3, r7, #7
 8000bee:	2201      	movs	r2, #1
 8000bf0:	701a      	strb	r2, [r3, #0]
 8000bf2:	e001      	b.n	8000bf8 <HAL_Init+0x30>
  }
  else
  {
  /* Init the low level hardware */
  HAL_MspInit();
 8000bf4:	f7ff fd98 	bl	8000728 <HAL_MspInit>
  }

  /* Return function status */
  return status;
 8000bf8:	1dfb      	adds	r3, r7, #7
 8000bfa:	781b      	ldrb	r3, [r3, #0]
}
 8000bfc:	0018      	movs	r0, r3
 8000bfe:	46bd      	mov	sp, r7
 8000c00:	b002      	add	sp, #8
 8000c02:	bd80      	pop	{r7, pc}
 8000c04:	40022000 	.word	0x40022000

08000c08 <HAL_InitTick>:
  *       implementation  in user file.
  * @param TickPriority Tick interrupt priority.
  * @retval HAL status
  */
__weak HAL_StatusTypeDef HAL_InitTick(uint32_t TickPriority)
{
 8000c08:	b590      	push	{r4, r7, lr}
 8000c0a:	b085      	sub	sp, #20
 8000c0c:	af00      	add	r7, sp, #0
 8000c0e:	6078      	str	r0, [r7, #4]
  HAL_StatusTypeDef  status = HAL_OK;
 8000c10:	230f      	movs	r3, #15
 8000c12:	18fb      	adds	r3, r7, r3
 8000c14:	2200      	movs	r2, #0
 8000c16:	701a      	strb	r2, [r3, #0]

  /* Check uwTickFreq for MisraC 2012 (even if uwTickFreq is a enum type that doesn't take the value zero)*/ 
  if ((uint32_t)uwTickFreq != 0U)
 8000c18:	4b1d      	ldr	r3, [pc, #116]	; (8000c90 <HAL_InitTick+0x88>)
 8000c1a:	781b      	ldrb	r3, [r3, #0]
 8000c1c:	2b00      	cmp	r3, #0
 8000c1e:	d02b      	beq.n	8000c78 <HAL_InitTick+0x70>
  {
    /*Configure the SysTick to have interrupt in 1ms time basis*/
    if (HAL_SYSTICK_Config(SystemCoreClock / (1000U /(uint32_t)uwTickFreq)) == 0U)
 8000c20:	4b1c      	ldr	r3, [pc, #112]	; (8000c94 <HAL_InitTick+0x8c>)
 8000c22:	681c      	ldr	r4, [r3, #0]
 8000c24:	4b1a      	ldr	r3, [pc, #104]	; (8000c90 <HAL_InitTick+0x88>)
 8000c26:	781b      	ldrb	r3, [r3, #0]
 8000c28:	0019      	movs	r1, r3
 8000c2a:	23fa      	movs	r3, #250	; 0xfa
 8000c2c:	0098      	lsls	r0, r3, #2
 8000c2e:	f7ff fa45 	bl	80000bc <__udivsi3>
 8000c32:	0003      	movs	r3, r0
 8000c34:	0019      	movs	r1, r3
 8000c36:	0020      	movs	r0, r4
 8000c38:	f7ff fa40 	bl	80000bc <__udivsi3>
 8000c3c:	0003      	movs	r3, r0
 8000c3e:	0018      	movs	r0, r3
 8000c40:	f000 fdff 	bl	8001842 <HAL_SYSTICK_Config>
 8000c44:	1e03      	subs	r3, r0, #0
 8000c46:	d112      	bne.n	8000c6e <HAL_InitTick+0x66>
    {
      /* Configure the SysTick IRQ priority */
      if (TickPriority < (1UL << __NVIC_PRIO_BITS))
 8000c48:	687b      	ldr	r3, [r7, #4]
 8000c4a:	2b03      	cmp	r3, #3
 8000c4c:	d80a      	bhi.n	8000c64 <HAL_InitTick+0x5c>
      {
        HAL_NVIC_SetPriority(SysTick_IRQn, TickPriority, 0U);
 8000c4e:	6879      	ldr	r1, [r7, #4]
 8000c50:	2301      	movs	r3, #1
 8000c52:	425b      	negs	r3, r3
 8000c54:	2200      	movs	r2, #0
 8000c56:	0018      	movs	r0, r3
 8000c58:	f000 fdce 	bl	80017f8 <HAL_NVIC_SetPriority>
        uwTickPrio = TickPriority;
 8000c5c:	4b0e      	ldr	r3, [pc, #56]	; (8000c98 <HAL_InitTick+0x90>)
 8000c5e:	687a      	ldr	r2, [r7, #4]
 8000c60:	601a      	str	r2, [r3, #0]
 8000c62:	e00d      	b.n	8000c80 <HAL_InitTick+0x78>
      }
      else
      {
        status = HAL_ERROR;
 8000c64:	230f      	movs	r3, #15
 8000c66:	18fb      	adds	r3, r7, r3
 8000c68:	2201      	movs	r2, #1
 8000c6a:	701a      	strb	r2, [r3, #0]
 8000c6c:	e008      	b.n	8000c80 <HAL_InitTick+0x78>
      }
    }
    else
    {
      status = HAL_ERROR;
 8000c6e:	230f      	movs	r3, #15
 8000c70:	18fb      	adds	r3, r7, r3
 8000c72:	2201      	movs	r2, #1
 8000c74:	701a      	strb	r2, [r3, #0]
 8000c76:	e003      	b.n	8000c80 <HAL_InitTick+0x78>
    }
  }
  else
  {
    status = HAL_ERROR;
 8000c78:	230f      	movs	r3, #15
 8000c7a:	18fb      	adds	r3, r7, r3
 8000c7c:	2201      	movs	r2, #1
 8000c7e:	701a      	strb	r2, [r3, #0]
  }

  /* Return function status */
  return status;
 8000c80:	230f      	movs	r3, #15
 8000c82:	18fb      	adds	r3, r7, r3
 8000c84:	781b      	ldrb	r3, [r3, #0]
}
 8000c86:	0018      	movs	r0, r3
 8000c88:	46bd      	mov	sp, r7
 8000c8a:	b005      	add	sp, #20
 8000c8c:	bd90      	pop	{r4, r7, pc}
 8000c8e:	46c0      	nop			; (mov r8, r8)
 8000c90:	20000008 	.word	0x20000008
 8000c94:	20000000 	.word	0x20000000
 8000c98:	20000004 	.word	0x20000004

08000c9c <HAL_IncTick>:
  * @note This function is declared as __weak to be overwritten in case of other
  *      implementations in user file.
  * @retval None
  */
__weak void HAL_IncTick(void)
{
 8000c9c:	b580      	push	{r7, lr}
 8000c9e:	af00      	add	r7, sp, #0
  uwTick += (uint32_t)uwTickFreq;
 8000ca0:	4b05      	ldr	r3, [pc, #20]	; (8000cb8 <HAL_IncTick+0x1c>)
 8000ca2:	781b      	ldrb	r3, [r3, #0]
 8000ca4:	001a      	movs	r2, r3
 8000ca6:	4b05      	ldr	r3, [pc, #20]	; (8000cbc <HAL_IncTick+0x20>)
 8000ca8:	681b      	ldr	r3, [r3, #0]
 8000caa:	18d2      	adds	r2, r2, r3
 8000cac:	4b03      	ldr	r3, [pc, #12]	; (8000cbc <HAL_IncTick+0x20>)
 8000cae:	601a      	str	r2, [r3, #0]
}
 8000cb0:	46c0      	nop			; (mov r8, r8)
 8000cb2:	46bd      	mov	sp, r7
 8000cb4:	bd80      	pop	{r7, pc}
 8000cb6:	46c0      	nop			; (mov r8, r8)
 8000cb8:	20000008 	.word	0x20000008
 8000cbc:	2000022c 	.word	0x2000022c

08000cc0 <HAL_GetTick>:
  * @note This function is declared as __weak to be overwritten in case of other
  *       implementations in user file.
  * @retval tick value
  */
__weak uint32_t HAL_GetTick(void)
{
 8000cc0:	b580      	push	{r7, lr}
 8000cc2:	af00      	add	r7, sp, #0
  return uwTick;
 8000cc4:	4b02      	ldr	r3, [pc, #8]	; (8000cd0 <HAL_GetTick+0x10>)
 8000cc6:	681b      	ldr	r3, [r3, #0]
}
 8000cc8:	0018      	movs	r0, r3
 8000cca:	46bd      	mov	sp, r7
 8000ccc:	bd80      	pop	{r7, pc}
 8000cce:	46c0      	nop			; (mov r8, r8)
 8000cd0:	2000022c 	.word	0x2000022c

08000cd4 <LL_ADC_SetCommonPathInternalCh>:
  *         @arg @ref LL_ADC_PATH_INTERNAL_TEMPSENSOR
  *         @arg @ref LL_ADC_PATH_INTERNAL_VBAT
  * @retval None
  */
__STATIC_INLINE void LL_ADC_SetCommonPathInternalCh(ADC_Common_TypeDef *ADCxy_COMMON, uint32_t PathInternal)
{
 8000cd4:	b580      	push	{r7, lr}
 8000cd6:	b082      	sub	sp, #8
 8000cd8:	af00      	add	r7, sp, #0
 8000cda:	6078      	str	r0, [r7, #4]
 8000cdc:	6039      	str	r1, [r7, #0]
  MODIFY_REG(ADCxy_COMMON->CCR, ADC_CCR_VREFEN | ADC_CCR_TSEN | ADC_CCR_VBATEN, PathInternal);
 8000cde:	687b      	ldr	r3, [r7, #4]
 8000ce0:	681b      	ldr	r3, [r3, #0]
 8000ce2:	4a05      	ldr	r2, [pc, #20]	; (8000cf8 <LL_ADC_SetCommonPathInternalCh+0x24>)
 8000ce4:	401a      	ands	r2, r3
 8000ce6:	683b      	ldr	r3, [r7, #0]
 8000ce8:	431a      	orrs	r2, r3
 8000cea:	687b      	ldr	r3, [r7, #4]
 8000cec:	601a      	str	r2, [r3, #0]
}
 8000cee:	46c0      	nop			; (mov r8, r8)
 8000cf0:	46bd      	mov	sp, r7
 8000cf2:	b002      	add	sp, #8
 8000cf4:	bd80      	pop	{r7, pc}
 8000cf6:	46c0      	nop			; (mov r8, r8)
 8000cf8:	fe3fffff 	.word	0xfe3fffff

08000cfc <LL_ADC_GetCommonPathInternalCh>:
  *         @arg @ref LL_ADC_PATH_INTERNAL_VREFINT
  *         @arg @ref LL_ADC_PATH_INTERNAL_TEMPSENSOR
  *         @arg @ref LL_ADC_PATH_INTERNAL_VBAT
  */
__STATIC_INLINE uint32_t LL_ADC_GetCommonPathInternalCh(const ADC_Common_TypeDef *ADCxy_COMMON)
{
 8000cfc:	b580      	push	{r7, lr}
 8000cfe:	b082      	sub	sp, #8
 8000d00:	af00      	add	r7, sp, #0
 8000d02:	6078      	str	r0, [r7, #4]
  return (uint32_t)(READ_BIT(ADCxy_COMMON->CCR, ADC_CCR_VREFEN | ADC_CCR_TSEN | ADC_CCR_VBATEN));
 8000d04:	687b      	ldr	r3, [r7, #4]
 8000d06:	681a      	ldr	r2, [r3, #0]
 8000d08:	23e0      	movs	r3, #224	; 0xe0
 8000d0a:	045b      	lsls	r3, r3, #17
 8000d0c:	4013      	ands	r3, r2
}
 8000d0e:	0018      	movs	r0, r3
 8000d10:	46bd      	mov	sp, r7
 8000d12:	b002      	add	sp, #8
 8000d14:	bd80      	pop	{r7, pc}

08000d16 <LL_ADC_SetSamplingTimeCommonChannels>:
  *         @arg @ref LL_ADC_SAMPLINGTIME_160CYCLES_5
  * @retval None
  */
__STATIC_INLINE void LL_ADC_SetSamplingTimeCommonChannels(ADC_TypeDef *ADCx, uint32_t SamplingTimeY,
                                                          uint32_t SamplingTime)
{
 8000d16:	b580      	push	{r7, lr}
 8000d18:	b084      	sub	sp, #16
 8000d1a:	af00      	add	r7, sp, #0
 8000d1c:	60f8      	str	r0, [r7, #12]
 8000d1e:	60b9      	str	r1, [r7, #8]
 8000d20:	607a      	str	r2, [r7, #4]
  MODIFY_REG(ADCx->SMPR,
 8000d22:	68fb      	ldr	r3, [r7, #12]
 8000d24:	695b      	ldr	r3, [r3, #20]
 8000d26:	68ba      	ldr	r2, [r7, #8]
 8000d28:	2104      	movs	r1, #4
 8000d2a:	400a      	ands	r2, r1
 8000d2c:	2107      	movs	r1, #7
 8000d2e:	4091      	lsls	r1, r2
 8000d30:	000a      	movs	r2, r1
 8000d32:	43d2      	mvns	r2, r2
 8000d34:	401a      	ands	r2, r3
 8000d36:	68bb      	ldr	r3, [r7, #8]
 8000d38:	2104      	movs	r1, #4
 8000d3a:	400b      	ands	r3, r1
 8000d3c:	6879      	ldr	r1, [r7, #4]
 8000d3e:	4099      	lsls	r1, r3
 8000d40:	000b      	movs	r3, r1
 8000d42:	431a      	orrs	r2, r3
 8000d44:	68fb      	ldr	r3, [r7, #12]
 8000d46:	615a      	str	r2, [r3, #20]
             ADC_SMPR_SMP1 << (SamplingTimeY & ADC_SAMPLING_TIME_SMP_SHIFT_MASK),
             SamplingTime << (SamplingTimeY & ADC_SAMPLING_TIME_SMP_SHIFT_MASK));
}
 8000d48:	46c0      	nop			; (mov r8, r8)
 8000d4a:	46bd      	mov	sp, r7
 8000d4c:	b004      	add	sp, #16
 8000d4e:	bd80      	pop	{r7, pc}

08000d50 <LL_ADC_GetSamplingTimeCommonChannels>:
  *         @arg @ref LL_ADC_SAMPLINGTIME_39CYCLES_5
  *         @arg @ref LL_ADC_SAMPLINGTIME_79CYCLES_5
  *         @arg @ref LL_ADC_SAMPLINGTIME_160CYCLES_5
  */
__STATIC_INLINE uint32_t LL_ADC_GetSamplingTimeCommonChannels(const ADC_TypeDef *ADCx, uint32_t SamplingTimeY)
{
 8000d50:	b580      	push	{r7, lr}
 8000d52:	b082      	sub	sp, #8
 8000d54:	af00      	add	r7, sp, #0
 8000d56:	6078      	str	r0, [r7, #4]
 8000d58:	6039      	str	r1, [r7, #0]
  return (uint32_t)((READ_BIT(ADCx->SMPR, ADC_SMPR_SMP1 << (SamplingTimeY & ADC_SAMPLING_TIME_SMP_SHIFT_MASK)))
 8000d5a:	687b      	ldr	r3, [r7, #4]
 8000d5c:	695b      	ldr	r3, [r3, #20]
 8000d5e:	683a      	ldr	r2, [r7, #0]
 8000d60:	2104      	movs	r1, #4
 8000d62:	400a      	ands	r2, r1
 8000d64:	2107      	movs	r1, #7
 8000d66:	4091      	lsls	r1, r2
 8000d68:	000a      	movs	r2, r1
 8000d6a:	401a      	ands	r2, r3
                    >> (SamplingTimeY & ADC_SAMPLING_TIME_SMP_SHIFT_MASK));
 8000d6c:	683b      	ldr	r3, [r7, #0]
 8000d6e:	2104      	movs	r1, #4
 8000d70:	400b      	ands	r3, r1
  return (uint32_t)((READ_BIT(ADCx->SMPR, ADC_SMPR_SMP1 << (SamplingTimeY & ADC_SAMPLING_TIME_SMP_SHIFT_MASK)))
 8000d72:	40da      	lsrs	r2, r3
 8000d74:	0013      	movs	r3, r2
}
 8000d76:	0018      	movs	r0, r3
 8000d78:	46bd      	mov	sp, r7
 8000d7a:	b002      	add	sp, #8
 8000d7c:	bd80      	pop	{r7, pc}

08000d7e <LL_ADC_REG_SetSequencerRanks>:
  *             only if sequencer is set in mode "not fully configurable",
  *             refer to function @ref LL_ADC_REG_SetSequencerConfigurable().
  * @retval None
  */
__STATIC_INLINE void LL_ADC_REG_SetSequencerRanks(ADC_TypeDef *ADCx, uint32_t Rank, uint32_t Channel)
{
 8000d7e:	b580      	push	{r7, lr}
 8000d80:	b084      	sub	sp, #16
 8000d82:	af00      	add	r7, sp, #0
 8000d84:	60f8      	str	r0, [r7, #12]
 8000d86:	60b9      	str	r1, [r7, #8]
 8000d88:	607a      	str	r2, [r7, #4]
  /* Set bits with content of parameter "Channel" with bits position          */
  /* in register depending on parameter "Rank".                               */
  /* Parameters "Rank" and "Channel" are used with masks because containing   */
  /* other bits reserved for other purpose.                                   */
  MODIFY_REG(ADCx->CHSELR,
 8000d8a:	68fb      	ldr	r3, [r7, #12]
 8000d8c:	6a9b      	ldr	r3, [r3, #40]	; 0x28
 8000d8e:	68ba      	ldr	r2, [r7, #8]
 8000d90:	211f      	movs	r1, #31
 8000d92:	400a      	ands	r2, r1
 8000d94:	210f      	movs	r1, #15
 8000d96:	4091      	lsls	r1, r2
 8000d98:	000a      	movs	r2, r1
 8000d9a:	43d2      	mvns	r2, r2
 8000d9c:	401a      	ands	r2, r3
 8000d9e:	687b      	ldr	r3, [r7, #4]
 8000da0:	0e9b      	lsrs	r3, r3, #26
 8000da2:	210f      	movs	r1, #15
 8000da4:	4019      	ands	r1, r3
 8000da6:	68bb      	ldr	r3, [r7, #8]
 8000da8:	201f      	movs	r0, #31
 8000daa:	4003      	ands	r3, r0
 8000dac:	4099      	lsls	r1, r3
 8000dae:	000b      	movs	r3, r1
 8000db0:	431a      	orrs	r2, r3
 8000db2:	68fb      	ldr	r3, [r7, #12]
 8000db4:	629a      	str	r2, [r3, #40]	; 0x28
             ADC_CHSELR_SQ1 << (Rank & ADC_REG_RANK_ID_SQRX_MASK),
             ((Channel & ADC_CHANNEL_ID_NUMBER_MASK_SEQ) >> ADC_CHANNEL_ID_NUMBER_BITOFFSET_POS)
             << (Rank & ADC_REG_RANK_ID_SQRX_MASK));
}
 8000db6:	46c0      	nop			; (mov r8, r8)
 8000db8:	46bd      	mov	sp, r7
 8000dba:	b004      	add	sp, #16
 8000dbc:	bd80      	pop	{r7, pc}

08000dbe <LL_ADC_REG_SetSequencerChAdd>:
  *             only if sequencer is set in mode "not fully configurable",
  *             refer to function @ref LL_ADC_REG_SetSequencerConfigurable().
  * @retval None
  */
__STATIC_INLINE void LL_ADC_REG_SetSequencerChAdd(ADC_TypeDef *ADCx, uint32_t Channel)
{
 8000dbe:	b580      	push	{r7, lr}
 8000dc0:	b082      	sub	sp, #8
 8000dc2:	af00      	add	r7, sp, #0
 8000dc4:	6078      	str	r0, [r7, #4]
 8000dc6:	6039      	str	r1, [r7, #0]
  /* Parameter "Channel" is used with masks because containing                */
  /* other bits reserved for other purpose.                                   */
  SET_BIT(ADCx->CHSELR, (Channel & ADC_CHANNEL_ID_BITFIELD_MASK));
 8000dc8:	687b      	ldr	r3, [r7, #4]
 8000dca:	6a9a      	ldr	r2, [r3, #40]	; 0x28
 8000dcc:	683b      	ldr	r3, [r7, #0]
 8000dce:	035b      	lsls	r3, r3, #13
 8000dd0:	0b5b      	lsrs	r3, r3, #13
 8000dd2:	431a      	orrs	r2, r3
 8000dd4:	687b      	ldr	r3, [r7, #4]
 8000dd6:	629a      	str	r2, [r3, #40]	; 0x28
}
 8000dd8:	46c0      	nop			; (mov r8, r8)
 8000dda:	46bd      	mov	sp, r7
 8000ddc:	b002      	add	sp, #8
 8000dde:	bd80      	pop	{r7, pc}

08000de0 <LL_ADC_REG_SetSequencerChRem>:
  *             only if sequencer is set in mode "not fully configurable",
  *             refer to function @ref LL_ADC_REG_SetSequencerConfigurable().
  * @retval None
  */
__STATIC_INLINE void LL_ADC_REG_SetSequencerChRem(ADC_TypeDef *ADCx, uint32_t Channel)
{
 8000de0:	b580      	push	{r7, lr}
 8000de2:	b082      	sub	sp, #8
 8000de4:	af00      	add	r7, sp, #0
 8000de6:	6078      	str	r0, [r7, #4]
 8000de8:	6039      	str	r1, [r7, #0]
  /* Parameter "Channel" is used with masks because containing                */
  /* other bits reserved for other purpose.                                   */
  CLEAR_BIT(ADCx->CHSELR, (Channel & ADC_CHANNEL_ID_BITFIELD_MASK));
 8000dea:	687b      	ldr	r3, [r7, #4]
 8000dec:	6a9b      	ldr	r3, [r3, #40]	; 0x28
 8000dee:	683a      	ldr	r2, [r7, #0]
 8000df0:	0352      	lsls	r2, r2, #13
 8000df2:	0b52      	lsrs	r2, r2, #13
 8000df4:	43d2      	mvns	r2, r2
 8000df6:	401a      	ands	r2, r3
 8000df8:	687b      	ldr	r3, [r7, #4]
 8000dfa:	629a      	str	r2, [r3, #40]	; 0x28
}
 8000dfc:	46c0      	nop			; (mov r8, r8)
 8000dfe:	46bd      	mov	sp, r7
 8000e00:	b002      	add	sp, #8
 8000e02:	bd80      	pop	{r7, pc}

08000e04 <LL_ADC_SetChannelSamplingTime>:
  *         @arg @ref LL_ADC_SAMPLINGTIME_COMMON_1
  *         @arg @ref LL_ADC_SAMPLINGTIME_COMMON_2
  * @retval None
  */
__STATIC_INLINE void LL_ADC_SetChannelSamplingTime(ADC_TypeDef *ADCx, uint32_t Channel, uint32_t SamplingTimeY)
{
 8000e04:	b580      	push	{r7, lr}
 8000e06:	b084      	sub	sp, #16
 8000e08:	af00      	add	r7, sp, #0
 8000e0a:	60f8      	str	r0, [r7, #12]
 8000e0c:	60b9      	str	r1, [r7, #8]
 8000e0e:	607a      	str	r2, [r7, #4]
  /* Parameter "Channel" is used with masks because containing                */
  /* other bits reserved for other purpose.                                   */
  MODIFY_REG(ADCx->SMPR,
 8000e10:	68fb      	ldr	r3, [r7, #12]
 8000e12:	695b      	ldr	r3, [r3, #20]
 8000e14:	68ba      	ldr	r2, [r7, #8]
 8000e16:	0212      	lsls	r2, r2, #8
 8000e18:	43d2      	mvns	r2, r2
 8000e1a:	401a      	ands	r2, r3
 8000e1c:	68bb      	ldr	r3, [r7, #8]
 8000e1e:	021b      	lsls	r3, r3, #8
 8000e20:	6879      	ldr	r1, [r7, #4]
 8000e22:	400b      	ands	r3, r1
 8000e24:	4904      	ldr	r1, [pc, #16]	; (8000e38 <LL_ADC_SetChannelSamplingTime+0x34>)
 8000e26:	400b      	ands	r3, r1
 8000e28:	431a      	orrs	r2, r3
 8000e2a:	68fb      	ldr	r3, [r7, #12]
 8000e2c:	615a      	str	r2, [r3, #20]
             (Channel << ADC_SMPR_SMPSEL0_BITOFFSET_POS),
             (Channel << ADC_SMPR_SMPSEL0_BITOFFSET_POS) & (SamplingTimeY & ADC_SAMPLING_TIME_CH_MASK)
            );
}
 8000e2e:	46c0      	nop			; (mov r8, r8)
 8000e30:	46bd      	mov	sp, r7
 8000e32:	b004      	add	sp, #16
 8000e34:	bd80      	pop	{r7, pc}
 8000e36:	46c0      	nop			; (mov r8, r8)
 8000e38:	07ffff00 	.word	0x07ffff00

08000e3c <LL_ADC_EnableInternalRegulator>:
  * @rmtoll CR       ADVREGEN       LL_ADC_EnableInternalRegulator
  * @param  ADCx ADC instance
  * @retval None
  */
__STATIC_INLINE void LL_ADC_EnableInternalRegulator(ADC_TypeDef *ADCx)
{
 8000e3c:	b580      	push	{r7, lr}
 8000e3e:	b082      	sub	sp, #8
 8000e40:	af00      	add	r7, sp, #0
 8000e42:	6078      	str	r0, [r7, #4]
  /* Note: Write register with some additional bits forced to state reset     */
  /*       instead of modifying only the selected bit for this function,      */
  /*       to not interfere with bits with HW property "rs".                  */
  MODIFY_REG(ADCx->CR,
 8000e44:	687b      	ldr	r3, [r7, #4]
 8000e46:	689b      	ldr	r3, [r3, #8]
 8000e48:	4a05      	ldr	r2, [pc, #20]	; (8000e60 <LL_ADC_EnableInternalRegulator+0x24>)
 8000e4a:	4013      	ands	r3, r2
 8000e4c:	2280      	movs	r2, #128	; 0x80
 8000e4e:	0552      	lsls	r2, r2, #21
 8000e50:	431a      	orrs	r2, r3
 8000e52:	687b      	ldr	r3, [r7, #4]
 8000e54:	609a      	str	r2, [r3, #8]
             ADC_CR_BITS_PROPERTY_RS,
             ADC_CR_ADVREGEN);
}
 8000e56:	46c0      	nop			; (mov r8, r8)
 8000e58:	46bd      	mov	sp, r7
 8000e5a:	b002      	add	sp, #8
 8000e5c:	bd80      	pop	{r7, pc}
 8000e5e:	46c0      	nop			; (mov r8, r8)
 8000e60:	6fffffe8 	.word	0x6fffffe8

08000e64 <LL_ADC_IsInternalRegulatorEnabled>:
  * @rmtoll CR       ADVREGEN       LL_ADC_IsInternalRegulatorEnabled
  * @param  ADCx ADC instance
  * @retval 0: internal regulator is disabled, 1: internal regulator is enabled.
  */
__STATIC_INLINE uint32_t LL_ADC_IsInternalRegulatorEnabled(const ADC_TypeDef *ADCx)
{
 8000e64:	b580      	push	{r7, lr}
 8000e66:	b082      	sub	sp, #8
 8000e68:	af00      	add	r7, sp, #0
 8000e6a:	6078      	str	r0, [r7, #4]
  return ((READ_BIT(ADCx->CR, ADC_CR_ADVREGEN) == (ADC_CR_ADVREGEN)) ? 1UL : 0UL);
 8000e6c:	687b      	ldr	r3, [r7, #4]
 8000e6e:	689a      	ldr	r2, [r3, #8]
 8000e70:	2380      	movs	r3, #128	; 0x80
 8000e72:	055b      	lsls	r3, r3, #21
 8000e74:	401a      	ands	r2, r3
 8000e76:	2380      	movs	r3, #128	; 0x80
 8000e78:	055b      	lsls	r3, r3, #21
 8000e7a:	429a      	cmp	r2, r3
 8000e7c:	d101      	bne.n	8000e82 <LL_ADC_IsInternalRegulatorEnabled+0x1e>
 8000e7e:	2301      	movs	r3, #1
 8000e80:	e000      	b.n	8000e84 <LL_ADC_IsInternalRegulatorEnabled+0x20>
 8000e82:	2300      	movs	r3, #0
}
 8000e84:	0018      	movs	r0, r3
 8000e86:	46bd      	mov	sp, r7
 8000e88:	b002      	add	sp, #8
 8000e8a:	bd80      	pop	{r7, pc}

08000e8c <LL_ADC_IsEnabled>:
  * @rmtoll CR       ADEN           LL_ADC_IsEnabled
  * @param  ADCx ADC instance
  * @retval 0: ADC is disabled, 1: ADC is enabled.
  */
__STATIC_INLINE uint32_t LL_ADC_IsEnabled(const ADC_TypeDef *ADCx)
{
 8000e8c:	b580      	push	{r7, lr}
 8000e8e:	b082      	sub	sp, #8
 8000e90:	af00      	add	r7, sp, #0
 8000e92:	6078      	str	r0, [r7, #4]
  return ((READ_BIT(ADCx->CR, ADC_CR_ADEN) == (ADC_CR_ADEN)) ? 1UL : 0UL);
 8000e94:	687b      	ldr	r3, [r7, #4]
 8000e96:	689b      	ldr	r3, [r3, #8]
 8000e98:	2201      	movs	r2, #1
 8000e9a:	4013      	ands	r3, r2
 8000e9c:	2b01      	cmp	r3, #1
 8000e9e:	d101      	bne.n	8000ea4 <LL_ADC_IsEnabled+0x18>
 8000ea0:	2301      	movs	r3, #1
 8000ea2:	e000      	b.n	8000ea6 <LL_ADC_IsEnabled+0x1a>
 8000ea4:	2300      	movs	r3, #0
}
 8000ea6:	0018      	movs	r0, r3
 8000ea8:	46bd      	mov	sp, r7
 8000eaa:	b002      	add	sp, #8
 8000eac:	bd80      	pop	{r7, pc}

08000eae <LL_ADC_REG_IsConversionOngoing>:
  * @rmtoll CR       ADSTART        LL_ADC_REG_IsConversionOngoing
  * @param  ADCx ADC instance
  * @retval 0: no conversion is on going on ADC group regular.
  */
__STATIC_INLINE uint32_t LL_ADC_REG_IsConversionOngoing(const ADC_TypeDef *ADCx)
{
 8000eae:	b580      	push	{r7, lr}
 8000eb0:	b082      	sub	sp, #8
 8000eb2:	af00      	add	r7, sp, #0
 8000eb4:	6078      	str	r0, [r7, #4]
  return ((READ_BIT(ADCx->CR, ADC_CR_ADSTART) == (ADC_CR_ADSTART)) ? 1UL : 0UL);
 8000eb6:	687b      	ldr	r3, [r7, #4]
 8000eb8:	689b      	ldr	r3, [r3, #8]
 8000eba:	2204      	movs	r2, #4
 8000ebc:	4013      	ands	r3, r2
 8000ebe:	2b04      	cmp	r3, #4
 8000ec0:	d101      	bne.n	8000ec6 <LL_ADC_REG_IsConversionOngoing+0x18>
 8000ec2:	2301      	movs	r3, #1
 8000ec4:	e000      	b.n	8000ec8 <LL_ADC_REG_IsConversionOngoing+0x1a>
 8000ec6:	2300      	movs	r3, #0
}
 8000ec8:	0018      	movs	r0, r3
 8000eca:	46bd      	mov	sp, r7
 8000ecc:	b002      	add	sp, #8
 8000ece:	bd80      	pop	{r7, pc}

08000ed0 <HAL_ADC_Init>:
  *         of structure "ADC_InitTypeDef".
  * @param hadc ADC handle
  * @retval HAL status
  */
HAL_StatusTypeDef HAL_ADC_Init(ADC_HandleTypeDef *hadc)
{
 8000ed0:	b580      	push	{r7, lr}
 8000ed2:	b088      	sub	sp, #32
 8000ed4:	af00      	add	r7, sp, #0
 8000ed6:	6078      	str	r0, [r7, #4]
  HAL_StatusTypeDef tmp_hal_status = HAL_OK;
 8000ed8:	231f      	movs	r3, #31
 8000eda:	18fb      	adds	r3, r7, r3
 8000edc:	2200      	movs	r2, #0
 8000ede:	701a      	strb	r2, [r3, #0]
  uint32_t tmp_cfgr1 = 0UL;
 8000ee0:	2300      	movs	r3, #0
 8000ee2:	61bb      	str	r3, [r7, #24]
  uint32_t tmp_cfgr2 = 0UL;
 8000ee4:	2300      	movs	r3, #0
 8000ee6:	617b      	str	r3, [r7, #20]
  uint32_t tmp_adc_reg_is_conversion_on_going;
  __IO uint32_t wait_loop_index = 0UL;
 8000ee8:	2300      	movs	r3, #0
 8000eea:	60fb      	str	r3, [r7, #12]

  /* Check ADC handle */
  if (hadc == NULL)
 8000eec:	687b      	ldr	r3, [r7, #4]
 8000eee:	2b00      	cmp	r3, #0
 8000ef0:	d101      	bne.n	8000ef6 <HAL_ADC_Init+0x26>
  {
    return HAL_ERROR;
 8000ef2:	2301      	movs	r3, #1
 8000ef4:	e19f      	b.n	8001236 <HAL_ADC_Init+0x366>
  /* continuous mode is disabled.                                             */
  assert_param(!((hadc->Init.DiscontinuousConvMode == ENABLE) && (hadc->Init.ContinuousConvMode == ENABLE)));

  /* Actions performed only if ADC is coming from state reset:                */
  /* - Initialization of ADC MSP                                              */
  if (hadc->State == HAL_ADC_STATE_RESET)
 8000ef6:	687b      	ldr	r3, [r7, #4]
 8000ef8:	6d9b      	ldr	r3, [r3, #88]	; 0x58
 8000efa:	2b00      	cmp	r3, #0
 8000efc:	d12a      	bne.n	8000f54 <HAL_ADC_Init+0x84>
  {
#if (USE_HAL_ADC_REGISTER_CALLBACKS == 1)
    /* Init the ADC Callback settings */
    hadc->ConvCpltCallback              = HAL_ADC_ConvCpltCallback;                 /* Legacy weak callback */
 8000efe:	687b      	ldr	r3, [r7, #4]
 8000f00:	4acf      	ldr	r2, [pc, #828]	; (8001240 <HAL_ADC_Init+0x370>)
 8000f02:	665a      	str	r2, [r3, #100]	; 0x64
    hadc->ConvHalfCpltCallback          = HAL_ADC_ConvHalfCpltCallback;             /* Legacy weak callback */
 8000f04:	687b      	ldr	r3, [r7, #4]
 8000f06:	4acf      	ldr	r2, [pc, #828]	; (8001244 <HAL_ADC_Init+0x374>)
 8000f08:	669a      	str	r2, [r3, #104]	; 0x68
    hadc->LevelOutOfWindowCallback      = HAL_ADC_LevelOutOfWindowCallback;         /* Legacy weak callback */
 8000f0a:	687b      	ldr	r3, [r7, #4]
 8000f0c:	4ace      	ldr	r2, [pc, #824]	; (8001248 <HAL_ADC_Init+0x378>)
 8000f0e:	66da      	str	r2, [r3, #108]	; 0x6c
    hadc->ErrorCallback                 = HAL_ADC_ErrorCallback;                    /* Legacy weak callback */
 8000f10:	687b      	ldr	r3, [r7, #4]
 8000f12:	4ace      	ldr	r2, [pc, #824]	; (800124c <HAL_ADC_Init+0x37c>)
 8000f14:	671a      	str	r2, [r3, #112]	; 0x70
    hadc->LevelOutOfWindow2Callback     = HAL_ADCEx_LevelOutOfWindow2Callback;      /* Legacy weak callback */
 8000f16:	687b      	ldr	r3, [r7, #4]
 8000f18:	4acd      	ldr	r2, [pc, #820]	; (8001250 <HAL_ADC_Init+0x380>)
 8000f1a:	675a      	str	r2, [r3, #116]	; 0x74
    hadc->LevelOutOfWindow3Callback     = HAL_ADCEx_LevelOutOfWindow3Callback;      /* Legacy weak callback */
 8000f1c:	687b      	ldr	r3, [r7, #4]
 8000f1e:	4acd      	ldr	r2, [pc, #820]	; (8001254 <HAL_ADC_Init+0x384>)
 8000f20:	679a      	str	r2, [r3, #120]	; 0x78
    hadc->EndOfSamplingCallback         = HAL_ADCEx_EndOfSamplingCallback;          /* Legacy weak callback */
 8000f22:	687b      	ldr	r3, [r7, #4]
 8000f24:	4acc      	ldr	r2, [pc, #816]	; (8001258 <HAL_ADC_Init+0x388>)
 8000f26:	67da      	str	r2, [r3, #124]	; 0x7c

    if (hadc->MspInitCallback == NULL)
 8000f28:	687b      	ldr	r3, [r7, #4]
 8000f2a:	2280      	movs	r2, #128	; 0x80
 8000f2c:	589b      	ldr	r3, [r3, r2]
 8000f2e:	2b00      	cmp	r3, #0
 8000f30:	d103      	bne.n	8000f3a <HAL_ADC_Init+0x6a>
    {
      hadc->MspInitCallback = HAL_ADC_MspInit; /* Legacy weak MspInit  */
 8000f32:	687b      	ldr	r3, [r7, #4]
 8000f34:	2180      	movs	r1, #128	; 0x80
 8000f36:	4ac9      	ldr	r2, [pc, #804]	; (800125c <HAL_ADC_Init+0x38c>)
 8000f38:	505a      	str	r2, [r3, r1]
    }

    /* Init the low level hardware */
    hadc->MspInitCallback(hadc);
 8000f3a:	687b      	ldr	r3, [r7, #4]
 8000f3c:	2280      	movs	r2, #128	; 0x80
 8000f3e:	589b      	ldr	r3, [r3, r2]
 8000f40:	687a      	ldr	r2, [r7, #4]
 8000f42:	0010      	movs	r0, r2
 8000f44:	4798      	blx	r3
    /* Init the low level hardware */
    HAL_ADC_MspInit(hadc);
#endif /* USE_HAL_ADC_REGISTER_CALLBACKS */

    /* Set ADC error code to none */
    ADC_CLEAR_ERRORCODE(hadc);
 8000f46:	687b      	ldr	r3, [r7, #4]
 8000f48:	2200      	movs	r2, #0
 8000f4a:	65da      	str	r2, [r3, #92]	; 0x5c

    /* Initialize Lock */
    hadc->Lock = HAL_UNLOCKED;
 8000f4c:	687b      	ldr	r3, [r7, #4]
 8000f4e:	2254      	movs	r2, #84	; 0x54
 8000f50:	2100      	movs	r1, #0
 8000f52:	5499      	strb	r1, [r3, r2]
  }

  if (LL_ADC_IsInternalRegulatorEnabled(hadc->Instance) == 0UL)
 8000f54:	687b      	ldr	r3, [r7, #4]
 8000f56:	681b      	ldr	r3, [r3, #0]
 8000f58:	0018      	movs	r0, r3
 8000f5a:	f7ff ff83 	bl	8000e64 <LL_ADC_IsInternalRegulatorEnabled>
 8000f5e:	1e03      	subs	r3, r0, #0
 8000f60:	d115      	bne.n	8000f8e <HAL_ADC_Init+0xbe>
  {
    /* Enable ADC internal voltage regulator */
    LL_ADC_EnableInternalRegulator(hadc->Instance);
 8000f62:	687b      	ldr	r3, [r7, #4]
 8000f64:	681b      	ldr	r3, [r3, #0]
 8000f66:	0018      	movs	r0, r3
 8000f68:	f7ff ff68 	bl	8000e3c <LL_ADC_EnableInternalRegulator>
    /* Delay for ADC stabilization time */
    /* Wait loop initialization and execution */
    /* Note: Variable divided by 2 to compensate partially              */
    /*       CPU processing cycles, scaling in us split to not          */
    /*       exceed 32 bits register capacity and handle low frequency. */
    wait_loop_index = ((LL_ADC_DELAY_INTERNAL_REGUL_STAB_US / 10UL) * ((SystemCoreClock / (100000UL * 2UL)) + 1UL));
 8000f6c:	4bbc      	ldr	r3, [pc, #752]	; (8001260 <HAL_ADC_Init+0x390>)
 8000f6e:	681b      	ldr	r3, [r3, #0]
 8000f70:	49bc      	ldr	r1, [pc, #752]	; (8001264 <HAL_ADC_Init+0x394>)
 8000f72:	0018      	movs	r0, r3
 8000f74:	f7ff f8a2 	bl	80000bc <__udivsi3>
 8000f78:	0003      	movs	r3, r0
 8000f7a:	3301      	adds	r3, #1
 8000f7c:	005b      	lsls	r3, r3, #1
 8000f7e:	60fb      	str	r3, [r7, #12]
    while (wait_loop_index != 0UL)
 8000f80:	e002      	b.n	8000f88 <HAL_ADC_Init+0xb8>
    {
      wait_loop_index--;
 8000f82:	68fb      	ldr	r3, [r7, #12]
 8000f84:	3b01      	subs	r3, #1
 8000f86:	60fb      	str	r3, [r7, #12]
    while (wait_loop_index != 0UL)
 8000f88:	68fb      	ldr	r3, [r7, #12]
 8000f8a:	2b00      	cmp	r3, #0
 8000f8c:	d1f9      	bne.n	8000f82 <HAL_ADC_Init+0xb2>
  }

  /* Verification that ADC voltage regulator is correctly enabled, whether    */
  /* or not ADC is coming from state reset (if any potential problem of       */
  /* clocking, voltage regulator would not be enabled).                       */
  if (LL_ADC_IsInternalRegulatorEnabled(hadc->Instance) == 0UL)
 8000f8e:	687b      	ldr	r3, [r7, #4]
 8000f90:	681b      	ldr	r3, [r3, #0]
 8000f92:	0018      	movs	r0, r3
 8000f94:	f7ff ff66 	bl	8000e64 <LL_ADC_IsInternalRegulatorEnabled>
 8000f98:	1e03      	subs	r3, r0, #0
 8000f9a:	d10f      	bne.n	8000fbc <HAL_ADC_Init+0xec>
  {
    /* Update ADC state machine to error */
    SET_BIT(hadc->State, HAL_ADC_STATE_ERROR_INTERNAL);
 8000f9c:	687b      	ldr	r3, [r7, #4]
 8000f9e:	6d9b      	ldr	r3, [r3, #88]	; 0x58
 8000fa0:	2210      	movs	r2, #16
 8000fa2:	431a      	orrs	r2, r3
 8000fa4:	687b      	ldr	r3, [r7, #4]
 8000fa6:	659a      	str	r2, [r3, #88]	; 0x58

    /* Set ADC error code to ADC peripheral internal error */
    SET_BIT(hadc->ErrorCode, HAL_ADC_ERROR_INTERNAL);
 8000fa8:	687b      	ldr	r3, [r7, #4]
 8000faa:	6ddb      	ldr	r3, [r3, #92]	; 0x5c
 8000fac:	2201      	movs	r2, #1
 8000fae:	431a      	orrs	r2, r3
 8000fb0:	687b      	ldr	r3, [r7, #4]
 8000fb2:	65da      	str	r2, [r3, #92]	; 0x5c

    tmp_hal_status = HAL_ERROR;
 8000fb4:	231f      	movs	r3, #31
 8000fb6:	18fb      	adds	r3, r7, r3
 8000fb8:	2201      	movs	r2, #1
 8000fba:	701a      	strb	r2, [r3, #0]

  /* Configuration of ADC parameters if previous preliminary actions are      */
  /* correctly completed and if there is no conversion on going on regular    */
  /* group (ADC may already be enabled at this point if HAL_ADC_Init() is     */
  /* called to update a parameter on the fly).                                */
  tmp_adc_reg_is_conversion_on_going = LL_ADC_REG_IsConversionOngoing(hadc->Instance);
 8000fbc:	687b      	ldr	r3, [r7, #4]
 8000fbe:	681b      	ldr	r3, [r3, #0]
 8000fc0:	0018      	movs	r0, r3
 8000fc2:	f7ff ff74 	bl	8000eae <LL_ADC_REG_IsConversionOngoing>
 8000fc6:	0003      	movs	r3, r0
 8000fc8:	613b      	str	r3, [r7, #16]

  if (((hadc->State & HAL_ADC_STATE_ERROR_INTERNAL) == 0UL)
 8000fca:	687b      	ldr	r3, [r7, #4]
 8000fcc:	6d9b      	ldr	r3, [r3, #88]	; 0x58
 8000fce:	2210      	movs	r2, #16
 8000fd0:	4013      	ands	r3, r2
 8000fd2:	d000      	beq.n	8000fd6 <HAL_ADC_Init+0x106>
 8000fd4:	e122      	b.n	800121c <HAL_ADC_Init+0x34c>
      && (tmp_adc_reg_is_conversion_on_going == 0UL)
 8000fd6:	693b      	ldr	r3, [r7, #16]
 8000fd8:	2b00      	cmp	r3, #0
 8000fda:	d000      	beq.n	8000fde <HAL_ADC_Init+0x10e>
 8000fdc:	e11e      	b.n	800121c <HAL_ADC_Init+0x34c>
     )
  {
    /* Set ADC state */
    ADC_STATE_CLR_SET(hadc->State,
 8000fde:	687b      	ldr	r3, [r7, #4]
 8000fe0:	6d9b      	ldr	r3, [r3, #88]	; 0x58
 8000fe2:	4aa1      	ldr	r2, [pc, #644]	; (8001268 <HAL_ADC_Init+0x398>)
 8000fe4:	4013      	ands	r3, r2
 8000fe6:	2202      	movs	r2, #2
 8000fe8:	431a      	orrs	r2, r3
 8000fea:	687b      	ldr	r3, [r7, #4]
 8000fec:	659a      	str	r2, [r3, #88]	; 0x58
    /*  - DMA continuous request                                              */
    /*  - Trigger frequency mode                                              */
    /* Note: If low power mode AutoPowerOff is enabled, ADC enable            */
    /*       and disable phases are performed automatically by hardware       */
    /*       (in this case, flag ADC_FLAG_RDY is not set).                    */
    if (LL_ADC_IsEnabled(hadc->Instance) == 0UL)
 8000fee:	687b      	ldr	r3, [r7, #4]
 8000ff0:	681b      	ldr	r3, [r3, #0]
 8000ff2:	0018      	movs	r0, r3
 8000ff4:	f7ff ff4a 	bl	8000e8c <LL_ADC_IsEnabled>
 8000ff8:	1e03      	subs	r3, r0, #0
 8000ffa:	d000      	beq.n	8000ffe <HAL_ADC_Init+0x12e>
 8000ffc:	e0ad      	b.n	800115a <HAL_ADC_Init+0x28a>
      /* without needing to reconfigure all other ADC groups/channels         */
      /* parameters):                                                         */
      /*   - internal measurement paths (VrefInt, ...)                        */
      /*     (set into HAL_ADC_ConfigChannel() )                              */

      tmp_cfgr1 |= (hadc->Init.Resolution                                          |
 8000ffe:	687b      	ldr	r3, [r7, #4]
 8001000:	689a      	ldr	r2, [r3, #8]
                    ADC_CFGR1_AUTOWAIT((uint32_t)hadc->Init.LowPowerAutoWait)      |
 8001002:	687b      	ldr	r3, [r7, #4]
 8001004:	7e1b      	ldrb	r3, [r3, #24]
 8001006:	039b      	lsls	r3, r3, #14
      tmp_cfgr1 |= (hadc->Init.Resolution                                          |
 8001008:	431a      	orrs	r2, r3
                    ADC_CFGR1_AUTOOFF((uint32_t)hadc->Init.LowPowerAutoPowerOff)   |
 800100a:	687b      	ldr	r3, [r7, #4]
 800100c:	7e5b      	ldrb	r3, [r3, #25]
 800100e:	03db      	lsls	r3, r3, #15
                    ADC_CFGR1_AUTOWAIT((uint32_t)hadc->Init.LowPowerAutoWait)      |
 8001010:	431a      	orrs	r2, r3
                    ADC_CFGR1_CONTINUOUS((uint32_t)hadc->Init.ContinuousConvMode)  |
 8001012:	687b      	ldr	r3, [r7, #4]
 8001014:	7e9b      	ldrb	r3, [r3, #26]
 8001016:	035b      	lsls	r3, r3, #13
                    ADC_CFGR1_AUTOOFF((uint32_t)hadc->Init.LowPowerAutoPowerOff)   |
 8001018:	431a      	orrs	r2, r3
                    ADC_CFGR1_OVERRUN(hadc->Init.Overrun)                          |
 800101a:	687b      	ldr	r3, [r7, #4]
 800101c:	6b1b      	ldr	r3, [r3, #48]	; 0x30
 800101e:	2b00      	cmp	r3, #0
 8001020:	d002      	beq.n	8001028 <HAL_ADC_Init+0x158>
 8001022:	2380      	movs	r3, #128	; 0x80
 8001024:	015b      	lsls	r3, r3, #5
 8001026:	e000      	b.n	800102a <HAL_ADC_Init+0x15a>
 8001028:	2300      	movs	r3, #0
                    ADC_CFGR1_CONTINUOUS((uint32_t)hadc->Init.ContinuousConvMode)  |
 800102a:	431a      	orrs	r2, r3
                    hadc->Init.DataAlign                                           |
 800102c:	687b      	ldr	r3, [r7, #4]
 800102e:	68db      	ldr	r3, [r3, #12]
                    ADC_CFGR1_OVERRUN(hadc->Init.Overrun)                          |
 8001030:	431a      	orrs	r2, r3
                    ADC_SCAN_SEQ_MODE(hadc->Init.ScanConvMode)                     |
 8001032:	687b      	ldr	r3, [r7, #4]
 8001034:	691b      	ldr	r3, [r3, #16]
 8001036:	2b00      	cmp	r3, #0
 8001038:	da04      	bge.n	8001044 <HAL_ADC_Init+0x174>
 800103a:	687b      	ldr	r3, [r7, #4]
 800103c:	691b      	ldr	r3, [r3, #16]
 800103e:	005b      	lsls	r3, r3, #1
 8001040:	085b      	lsrs	r3, r3, #1
 8001042:	e001      	b.n	8001048 <HAL_ADC_Init+0x178>
 8001044:	2380      	movs	r3, #128	; 0x80
 8001046:	039b      	lsls	r3, r3, #14
                    hadc->Init.DataAlign                                           |
 8001048:	431a      	orrs	r2, r3
                    ADC_CFGR1_DMACONTREQ((uint32_t)hadc->Init.DMAContinuousRequests));
 800104a:	687b      	ldr	r3, [r7, #4]
 800104c:	212c      	movs	r1, #44	; 0x2c
 800104e:	5c5b      	ldrb	r3, [r3, r1]
 8001050:	005b      	lsls	r3, r3, #1
                    ADC_SCAN_SEQ_MODE(hadc->Init.ScanConvMode)                     |
 8001052:	4313      	orrs	r3, r2
      tmp_cfgr1 |= (hadc->Init.Resolution                                          |
 8001054:	69ba      	ldr	r2, [r7, #24]
 8001056:	4313      	orrs	r3, r2
 8001058:	61bb      	str	r3, [r7, #24]

      /* Update setting of discontinuous mode only if continuous mode is disabled */
      if (hadc->Init.DiscontinuousConvMode == ENABLE)
 800105a:	687b      	ldr	r3, [r7, #4]
 800105c:	2220      	movs	r2, #32
 800105e:	5c9b      	ldrb	r3, [r3, r2]
 8001060:	2b01      	cmp	r3, #1
 8001062:	d115      	bne.n	8001090 <HAL_ADC_Init+0x1c0>
      {
        if (hadc->Init.ContinuousConvMode == DISABLE)
 8001064:	687b      	ldr	r3, [r7, #4]
 8001066:	7e9b      	ldrb	r3, [r3, #26]
 8001068:	2b00      	cmp	r3, #0
 800106a:	d105      	bne.n	8001078 <HAL_ADC_Init+0x1a8>
        {
          /* Enable the selected ADC group regular discontinuous mode */
          tmp_cfgr1 |= ADC_CFGR1_DISCEN;
 800106c:	69bb      	ldr	r3, [r7, #24]
 800106e:	2280      	movs	r2, #128	; 0x80
 8001070:	0252      	lsls	r2, r2, #9
 8001072:	4313      	orrs	r3, r2
 8001074:	61bb      	str	r3, [r7, #24]
 8001076:	e00b      	b.n	8001090 <HAL_ADC_Init+0x1c0>
          /* ADC regular group discontinuous was intended to be enabled,        */
          /* but ADC regular group modes continuous and sequencer discontinuous */
          /* cannot be enabled simultaneously.                                  */

          /* Update ADC state machine to error */
          SET_BIT(hadc->State, HAL_ADC_STATE_ERROR_CONFIG);
 8001078:	687b      	ldr	r3, [r7, #4]
 800107a:	6d9b      	ldr	r3, [r3, #88]	; 0x58
 800107c:	2220      	movs	r2, #32
 800107e:	431a      	orrs	r2, r3
 8001080:	687b      	ldr	r3, [r7, #4]
 8001082:	659a      	str	r2, [r3, #88]	; 0x58

          /* Set ADC error code to ADC peripheral internal error */
          SET_BIT(hadc->ErrorCode, HAL_ADC_ERROR_INTERNAL);
 8001084:	687b      	ldr	r3, [r7, #4]
 8001086:	6ddb      	ldr	r3, [r3, #92]	; 0x5c
 8001088:	2201      	movs	r2, #1
 800108a:	431a      	orrs	r2, r3
 800108c:	687b      	ldr	r3, [r7, #4]
 800108e:	65da      	str	r2, [r3, #92]	; 0x5c
      /* Enable external trigger if trigger selection is different of software  */
      /* start.                                                                 */
      /* Note: This configuration keeps the hardware feature of parameter       */
      /*       ExternalTrigConvEdge "trigger edge none" equivalent to           */
      /*       software start.                                                  */
      if (hadc->Init.ExternalTrigConv != ADC_SOFTWARE_START)
 8001090:	687b      	ldr	r3, [r7, #4]
 8001092:	6a5b      	ldr	r3, [r3, #36]	; 0x24
 8001094:	2b00      	cmp	r3, #0
 8001096:	d00a      	beq.n	80010ae <HAL_ADC_Init+0x1de>
      {
        tmp_cfgr1 |= ((hadc->Init.ExternalTrigConv & ADC_CFGR1_EXTSEL) |
 8001098:	687b      	ldr	r3, [r7, #4]
 800109a:	6a5a      	ldr	r2, [r3, #36]	; 0x24
 800109c:	23e0      	movs	r3, #224	; 0xe0
 800109e:	005b      	lsls	r3, r3, #1
 80010a0:	401a      	ands	r2, r3
                      hadc->Init.ExternalTrigConvEdge);
 80010a2:	687b      	ldr	r3, [r7, #4]
 80010a4:	6a9b      	ldr	r3, [r3, #40]	; 0x28
        tmp_cfgr1 |= ((hadc->Init.ExternalTrigConv & ADC_CFGR1_EXTSEL) |
 80010a6:	4313      	orrs	r3, r2
 80010a8:	69ba      	ldr	r2, [r7, #24]
 80010aa:	4313      	orrs	r3, r2
 80010ac:	61bb      	str	r3, [r7, #24]
      }

      /* Update ADC configuration register with previous settings */
      MODIFY_REG(hadc->Instance->CFGR1,
 80010ae:	687b      	ldr	r3, [r7, #4]
 80010b0:	681b      	ldr	r3, [r3, #0]
 80010b2:	68db      	ldr	r3, [r3, #12]
 80010b4:	4a6d      	ldr	r2, [pc, #436]	; (800126c <HAL_ADC_Init+0x39c>)
 80010b6:	4013      	ands	r3, r2
 80010b8:	0019      	movs	r1, r3
 80010ba:	687b      	ldr	r3, [r7, #4]
 80010bc:	681b      	ldr	r3, [r3, #0]
 80010be:	69ba      	ldr	r2, [r7, #24]
 80010c0:	430a      	orrs	r2, r1
 80010c2:	60da      	str	r2, [r3, #12]
                 ADC_CFGR1_ALIGN     |
                 ADC_CFGR1_SCANDIR   |
                 ADC_CFGR1_DMACFG,
                 tmp_cfgr1);

      tmp_cfgr2 |= ((hadc->Init.ClockPrescaler & ADC_CFGR2_CKMODE) |
 80010c4:	687b      	ldr	r3, [r7, #4]
 80010c6:	685b      	ldr	r3, [r3, #4]
 80010c8:	0f9b      	lsrs	r3, r3, #30
 80010ca:	079a      	lsls	r2, r3, #30
                    hadc->Init.TriggerFrequencyMode
 80010cc:	687b      	ldr	r3, [r7, #4]
 80010ce:	6cdb      	ldr	r3, [r3, #76]	; 0x4c
      tmp_cfgr2 |= ((hadc->Init.ClockPrescaler & ADC_CFGR2_CKMODE) |
 80010d0:	4313      	orrs	r3, r2
 80010d2:	697a      	ldr	r2, [r7, #20]
 80010d4:	4313      	orrs	r3, r2
 80010d6:	617b      	str	r3, [r7, #20]
                   );

      if (hadc->Init.OversamplingMode == ENABLE)
 80010d8:	687b      	ldr	r3, [r7, #4]
 80010da:	223c      	movs	r2, #60	; 0x3c
 80010dc:	5c9b      	ldrb	r3, [r3, r2]
 80010de:	2b01      	cmp	r3, #1
 80010e0:	d111      	bne.n	8001106 <HAL_ADC_Init+0x236>
      {
        tmp_cfgr2 |= (ADC_CFGR2_OVSE |
                      (hadc->Init.ClockPrescaler & ADC_CFGR2_CKMODE) |
 80010e2:	687b      	ldr	r3, [r7, #4]
 80010e4:	685b      	ldr	r3, [r3, #4]
 80010e6:	0f9b      	lsrs	r3, r3, #30
 80010e8:	079a      	lsls	r2, r3, #30
                      hadc->Init.Oversampling.Ratio         |
 80010ea:	687b      	ldr	r3, [r7, #4]
 80010ec:	6c1b      	ldr	r3, [r3, #64]	; 0x40
                      (hadc->Init.ClockPrescaler & ADC_CFGR2_CKMODE) |
 80010ee:	431a      	orrs	r2, r3
                      hadc->Init.Oversampling.RightBitShift |
 80010f0:	687b      	ldr	r3, [r7, #4]
 80010f2:	6c5b      	ldr	r3, [r3, #68]	; 0x44
                      hadc->Init.Oversampling.Ratio         |
 80010f4:	431a      	orrs	r2, r3
                      hadc->Init.Oversampling.TriggeredMode
 80010f6:	687b      	ldr	r3, [r7, #4]
 80010f8:	6c9b      	ldr	r3, [r3, #72]	; 0x48
                      hadc->Init.Oversampling.RightBitShift |
 80010fa:	431a      	orrs	r2, r3
        tmp_cfgr2 |= (ADC_CFGR2_OVSE |
 80010fc:	697b      	ldr	r3, [r7, #20]
 80010fe:	4313      	orrs	r3, r2
 8001100:	2201      	movs	r2, #1
 8001102:	4313      	orrs	r3, r2
 8001104:	617b      	str	r3, [r7, #20]
                     );
      }

      MODIFY_REG(hadc->Instance->CFGR2,
 8001106:	687b      	ldr	r3, [r7, #4]
 8001108:	681b      	ldr	r3, [r3, #0]
 800110a:	691b      	ldr	r3, [r3, #16]
 800110c:	4a58      	ldr	r2, [pc, #352]	; (8001270 <HAL_ADC_Init+0x3a0>)
 800110e:	4013      	ands	r3, r2
 8001110:	0019      	movs	r1, r3
 8001112:	687b      	ldr	r3, [r7, #4]
 8001114:	681b      	ldr	r3, [r3, #0]
 8001116:	697a      	ldr	r2, [r7, #20]
 8001118:	430a      	orrs	r2, r1
 800111a:	611a      	str	r2, [r3, #16]
                 ADC_CFGR2_TOVS,
                 tmp_cfgr2);

      /* Configuration of ADC clock mode: asynchronous clock source           */
      /* with selectable prescaler.                                           */
      if (((hadc->Init.ClockPrescaler) != ADC_CLOCK_SYNC_PCLK_DIV1) &&
 800111c:	687b      	ldr	r3, [r7, #4]
 800111e:	685a      	ldr	r2, [r3, #4]
 8001120:	23c0      	movs	r3, #192	; 0xc0
 8001122:	061b      	lsls	r3, r3, #24
 8001124:	429a      	cmp	r2, r3
 8001126:	d018      	beq.n	800115a <HAL_ADC_Init+0x28a>
          ((hadc->Init.ClockPrescaler) != ADC_CLOCK_SYNC_PCLK_DIV2) &&
 8001128:	687b      	ldr	r3, [r7, #4]
 800112a:	685a      	ldr	r2, [r3, #4]
      if (((hadc->Init.ClockPrescaler) != ADC_CLOCK_SYNC_PCLK_DIV1) &&
 800112c:	2380      	movs	r3, #128	; 0x80
 800112e:	05db      	lsls	r3, r3, #23
 8001130:	429a      	cmp	r2, r3
 8001132:	d012      	beq.n	800115a <HAL_ADC_Init+0x28a>
          ((hadc->Init.ClockPrescaler) != ADC_CLOCK_SYNC_PCLK_DIV4))
 8001134:	687b      	ldr	r3, [r7, #4]
 8001136:	685a      	ldr	r2, [r3, #4]
          ((hadc->Init.ClockPrescaler) != ADC_CLOCK_SYNC_PCLK_DIV2) &&
 8001138:	2380      	movs	r3, #128	; 0x80
 800113a:	061b      	lsls	r3, r3, #24
 800113c:	429a      	cmp	r2, r3
 800113e:	d00c      	beq.n	800115a <HAL_ADC_Init+0x28a>
      {
        MODIFY_REG(ADC1_COMMON->CCR,
 8001140:	4b4c      	ldr	r3, [pc, #304]	; (8001274 <HAL_ADC_Init+0x3a4>)
 8001142:	681b      	ldr	r3, [r3, #0]
 8001144:	4a4c      	ldr	r2, [pc, #304]	; (8001278 <HAL_ADC_Init+0x3a8>)
 8001146:	4013      	ands	r3, r2
 8001148:	0019      	movs	r1, r3
 800114a:	687b      	ldr	r3, [r7, #4]
 800114c:	685a      	ldr	r2, [r3, #4]
 800114e:	23f0      	movs	r3, #240	; 0xf0
 8001150:	039b      	lsls	r3, r3, #14
 8001152:	401a      	ands	r2, r3
 8001154:	4b47      	ldr	r3, [pc, #284]	; (8001274 <HAL_ADC_Init+0x3a4>)
 8001156:	430a      	orrs	r2, r1
 8001158:	601a      	str	r2, [r3, #0]
                   hadc->Init.ClockPrescaler & ADC_CCR_PRESC);
      }
    }

    /* Channel sampling time configuration */
    LL_ADC_SetSamplingTimeCommonChannels(hadc->Instance, LL_ADC_SAMPLINGTIME_COMMON_1, hadc->Init.SamplingTimeCommon1);
 800115a:	687b      	ldr	r3, [r7, #4]
 800115c:	6818      	ldr	r0, [r3, #0]
 800115e:	687b      	ldr	r3, [r7, #4]
 8001160:	6b5b      	ldr	r3, [r3, #52]	; 0x34
 8001162:	001a      	movs	r2, r3
 8001164:	2100      	movs	r1, #0
 8001166:	f7ff fdd6 	bl	8000d16 <LL_ADC_SetSamplingTimeCommonChannels>
    LL_ADC_SetSamplingTimeCommonChannels(hadc->Instance, LL_ADC_SAMPLINGTIME_COMMON_2, hadc->Init.SamplingTimeCommon2);
 800116a:	687b      	ldr	r3, [r7, #4]
 800116c:	6818      	ldr	r0, [r3, #0]
 800116e:	687b      	ldr	r3, [r7, #4]
 8001170:	6b9b      	ldr	r3, [r3, #56]	; 0x38
 8001172:	4942      	ldr	r1, [pc, #264]	; (800127c <HAL_ADC_Init+0x3ac>)
 8001174:	001a      	movs	r2, r3
 8001176:	f7ff fdce 	bl	8000d16 <LL_ADC_SetSamplingTimeCommonChannels>
    /*   emulated by software for alignment over all STM32 devices.           */
    /* - if scan mode is enabled, regular channels sequence length is set to  */
    /*   parameter "NbrOfConversion".                                         */
    /*   Channels must be configured into each rank using function            */
    /*   "HAL_ADC_ConfigChannel()".                                           */
    if (hadc->Init.ScanConvMode == ADC_SCAN_DISABLE)
 800117a:	687b      	ldr	r3, [r7, #4]
 800117c:	691b      	ldr	r3, [r3, #16]
 800117e:	2b00      	cmp	r3, #0
 8001180:	d109      	bne.n	8001196 <HAL_ADC_Init+0x2c6>
    {
      /* Set sequencer scan length by clearing ranks above rank 1             */
      /* and do not modify rank 1 value.                                      */
      SET_BIT(hadc->Instance->CHSELR,
 8001182:	687b      	ldr	r3, [r7, #4]
 8001184:	681b      	ldr	r3, [r3, #0]
 8001186:	6a9a      	ldr	r2, [r3, #40]	; 0x28
 8001188:	687b      	ldr	r3, [r7, #4]
 800118a:	681b      	ldr	r3, [r3, #0]
 800118c:	2110      	movs	r1, #16
 800118e:	4249      	negs	r1, r1
 8001190:	430a      	orrs	r2, r1
 8001192:	629a      	str	r2, [r3, #40]	; 0x28
 8001194:	e018      	b.n	80011c8 <HAL_ADC_Init+0x2f8>
              ADC_CHSELR_SQ2_TO_SQ8);
    }
    else if (hadc->Init.ScanConvMode == ADC_SCAN_ENABLE)
 8001196:	687b      	ldr	r3, [r7, #4]
 8001198:	691a      	ldr	r2, [r3, #16]
 800119a:	2380      	movs	r3, #128	; 0x80
 800119c:	039b      	lsls	r3, r3, #14
 800119e:	429a      	cmp	r2, r3
 80011a0:	d112      	bne.n	80011c8 <HAL_ADC_Init+0x2f8>
      /*          therefore after the first call of "HAL_ADC_Init()",       */
      /*          each rank corresponding to parameter "NbrOfConversion"    */
      /*          must be set using "HAL_ADC_ConfigChannel()".              */
      /*  - Set sequencer scan length by clearing ranks above maximum rank  */
      /*    and do not modify other ranks value.                            */
      MODIFY_REG(hadc->Instance->CHSELR,
 80011a2:	687b      	ldr	r3, [r7, #4]
 80011a4:	681b      	ldr	r3, [r3, #0]
 80011a6:	6a9b      	ldr	r3, [r3, #40]	; 0x28
 80011a8:	687b      	ldr	r3, [r7, #4]
 80011aa:	69db      	ldr	r3, [r3, #28]
 80011ac:	3b01      	subs	r3, #1
 80011ae:	009b      	lsls	r3, r3, #2
 80011b0:	221c      	movs	r2, #28
 80011b2:	4013      	ands	r3, r2
 80011b4:	2210      	movs	r2, #16
 80011b6:	4252      	negs	r2, r2
 80011b8:	409a      	lsls	r2, r3
 80011ba:	0011      	movs	r1, r2
 80011bc:	687b      	ldr	r3, [r7, #4]
 80011be:	6e1a      	ldr	r2, [r3, #96]	; 0x60
 80011c0:	687b      	ldr	r3, [r7, #4]
 80011c2:	681b      	ldr	r3, [r3, #0]
 80011c4:	430a      	orrs	r2, r1
 80011c6:	629a      	str	r2, [r3, #40]	; 0x28
      /* Nothing to do */
    }

    /* Check back that ADC registers have effectively been configured to      */
    /* ensure of no potential problem of ADC core peripheral clocking.        */
    if (LL_ADC_GetSamplingTimeCommonChannels(hadc->Instance, LL_ADC_SAMPLINGTIME_COMMON_1)
 80011c8:	687b      	ldr	r3, [r7, #4]
 80011ca:	681b      	ldr	r3, [r3, #0]
 80011cc:	2100      	movs	r1, #0
 80011ce:	0018      	movs	r0, r3
 80011d0:	f7ff fdbe 	bl	8000d50 <LL_ADC_GetSamplingTimeCommonChannels>
 80011d4:	0002      	movs	r2, r0
        == hadc->Init.SamplingTimeCommon1)
 80011d6:	687b      	ldr	r3, [r7, #4]
 80011d8:	6b5b      	ldr	r3, [r3, #52]	; 0x34
    if (LL_ADC_GetSamplingTimeCommonChannels(hadc->Instance, LL_ADC_SAMPLINGTIME_COMMON_1)
 80011da:	429a      	cmp	r2, r3
 80011dc:	d10b      	bne.n	80011f6 <HAL_ADC_Init+0x326>
    {
      /* Set ADC error code to none */
      ADC_CLEAR_ERRORCODE(hadc);
 80011de:	687b      	ldr	r3, [r7, #4]
 80011e0:	2200      	movs	r2, #0
 80011e2:	65da      	str	r2, [r3, #92]	; 0x5c

      /* Set the ADC state */
      ADC_STATE_CLR_SET(hadc->State,
 80011e4:	687b      	ldr	r3, [r7, #4]
 80011e6:	6d9b      	ldr	r3, [r3, #88]	; 0x58
 80011e8:	2203      	movs	r2, #3
 80011ea:	4393      	bics	r3, r2
 80011ec:	2201      	movs	r2, #1
 80011ee:	431a      	orrs	r2, r3
 80011f0:	687b      	ldr	r3, [r7, #4]
 80011f2:	659a      	str	r2, [r3, #88]	; 0x58
    if (LL_ADC_GetSamplingTimeCommonChannels(hadc->Instance, LL_ADC_SAMPLINGTIME_COMMON_1)
 80011f4:	e01c      	b.n	8001230 <HAL_ADC_Init+0x360>
                        HAL_ADC_STATE_READY);
    }
    else
    {
      /* Update ADC state machine to error */
      ADC_STATE_CLR_SET(hadc->State,
 80011f6:	687b      	ldr	r3, [r7, #4]
 80011f8:	6d9b      	ldr	r3, [r3, #88]	; 0x58
 80011fa:	2212      	movs	r2, #18
 80011fc:	4393      	bics	r3, r2
 80011fe:	2210      	movs	r2, #16
 8001200:	431a      	orrs	r2, r3
 8001202:	687b      	ldr	r3, [r7, #4]
 8001204:	659a      	str	r2, [r3, #88]	; 0x58
                        HAL_ADC_STATE_BUSY_INTERNAL,
                        HAL_ADC_STATE_ERROR_INTERNAL);

      /* Set ADC error code to ADC peripheral internal error */
      SET_BIT(hadc->ErrorCode, HAL_ADC_ERROR_INTERNAL);
 8001206:	687b      	ldr	r3, [r7, #4]
 8001208:	6ddb      	ldr	r3, [r3, #92]	; 0x5c
 800120a:	2201      	movs	r2, #1
 800120c:	431a      	orrs	r2, r3
 800120e:	687b      	ldr	r3, [r7, #4]
 8001210:	65da      	str	r2, [r3, #92]	; 0x5c

      tmp_hal_status = HAL_ERROR;
 8001212:	231f      	movs	r3, #31
 8001214:	18fb      	adds	r3, r7, r3
 8001216:	2201      	movs	r2, #1
 8001218:	701a      	strb	r2, [r3, #0]
    if (LL_ADC_GetSamplingTimeCommonChannels(hadc->Instance, LL_ADC_SAMPLINGTIME_COMMON_1)
 800121a:	e009      	b.n	8001230 <HAL_ADC_Init+0x360>

  }
  else
  {
    /* Update ADC state machine to error */
    SET_BIT(hadc->State, HAL_ADC_STATE_ERROR_INTERNAL);
 800121c:	687b      	ldr	r3, [r7, #4]
 800121e:	6d9b      	ldr	r3, [r3, #88]	; 0x58
 8001220:	2210      	movs	r2, #16
 8001222:	431a      	orrs	r2, r3
 8001224:	687b      	ldr	r3, [r7, #4]
 8001226:	659a      	str	r2, [r3, #88]	; 0x58

    tmp_hal_status = HAL_ERROR;
 8001228:	231f      	movs	r3, #31
 800122a:	18fb      	adds	r3, r7, r3
 800122c:	2201      	movs	r2, #1
 800122e:	701a      	strb	r2, [r3, #0]
  }

  return tmp_hal_status;
 8001230:	231f      	movs	r3, #31
 8001232:	18fb      	adds	r3, r7, r3
 8001234:	781b      	ldrb	r3, [r3, #0]
}
 8001236:	0018      	movs	r0, r3
 8001238:	46bd      	mov	sp, r7
 800123a:	b008      	add	sp, #32
 800123c:	bd80      	pop	{r7, pc}
 800123e:	46c0      	nop			; (mov r8, r8)
 8001240:	08001281 	.word	0x08001281
 8001244:	08001291 	.word	0x08001291
 8001248:	080012a1 	.word	0x080012a1
 800124c:	080012b1 	.word	0x080012b1
 8001250:	08001671 	.word	0x08001671
 8001254:	08001681 	.word	0x08001681
 8001258:	08001691 	.word	0x08001691
 800125c:	08000381 	.word	0x08000381
 8001260:	20000000 	.word	0x20000000
 8001264:	00030d40 	.word	0x00030d40
 8001268:	fffffefd 	.word	0xfffffefd
 800126c:	ffde0201 	.word	0xffde0201
 8001270:	1ffffc02 	.word	0x1ffffc02
 8001274:	40012708 	.word	0x40012708
 8001278:	ffc3ffff 	.word	0xffc3ffff
 800127c:	07ffff04 	.word	0x07ffff04

08001280 <HAL_ADC_ConvCpltCallback>:
  * @brief  Conversion complete callback in non-blocking mode.
  * @param hadc ADC handle
  * @retval None
  */
__weak void HAL_ADC_ConvCpltCallback(ADC_HandleTypeDef *hadc)
{
 8001280:	b580      	push	{r7, lr}
 8001282:	b082      	sub	sp, #8
 8001284:	af00      	add	r7, sp, #0
 8001286:	6078      	str	r0, [r7, #4]
  UNUSED(hadc);

  /* NOTE : This function should not be modified. When the callback is needed,
            function HAL_ADC_ConvCpltCallback must be implemented in the user file.
   */
}
 8001288:	46c0      	nop			; (mov r8, r8)
 800128a:	46bd      	mov	sp, r7
 800128c:	b002      	add	sp, #8
 800128e:	bd80      	pop	{r7, pc}

08001290 <HAL_ADC_ConvHalfCpltCallback>:
  * @brief  Conversion DMA half-transfer callback in non-blocking mode.
  * @param hadc ADC handle
  * @retval None
  */
__weak void HAL_ADC_ConvHalfCpltCallback(ADC_HandleTypeDef *hadc)
{
 8001290:	b580      	push	{r7, lr}
 8001292:	b082      	sub	sp, #8
 8001294:	af00      	add	r7, sp, #0
 8001296:	6078      	str	r0, [r7, #4]
  UNUSED(hadc);

  /* NOTE : This function should not be modified. When the callback is needed,
            function HAL_ADC_ConvHalfCpltCallback must be implemented in the user file.
  */
}
 8001298:	46c0      	nop			; (mov r8, r8)
 800129a:	46bd      	mov	sp, r7
 800129c:	b002      	add	sp, #8
 800129e:	bd80      	pop	{r7, pc}

080012a0 <HAL_ADC_LevelOutOfWindowCallback>:
  * @brief  Analog watchdog 1 callback in non-blocking mode.
  * @param hadc ADC handle
  * @retval None
  */
__weak void HAL_ADC_LevelOutOfWindowCallback(ADC_HandleTypeDef *hadc)
{
 80012a0:	b580      	push	{r7, lr}
 80012a2:	b082      	sub	sp, #8
 80012a4:	af00      	add	r7, sp, #0
 80012a6:	6078      	str	r0, [r7, #4]
  UNUSED(hadc);

  /* NOTE : This function should not be modified. When the callback is needed,
            function HAL_ADC_LevelOutOfWindowCallback must be implemented in the user file.
  */
}
 80012a8:	46c0      	nop			; (mov r8, r8)
 80012aa:	46bd      	mov	sp, r7
 80012ac:	b002      	add	sp, #8
 80012ae:	bd80      	pop	{r7, pc}

080012b0 <HAL_ADC_ErrorCallback>:
  *           (this function is also clearing overrun flag)
  * @param hadc ADC handle
  * @retval None
  */
__weak void HAL_ADC_ErrorCallback(ADC_HandleTypeDef *hadc)
{
 80012b0:	b580      	push	{r7, lr}
 80012b2:	b082      	sub	sp, #8
 80012b4:	af00      	add	r7, sp, #0
 80012b6:	6078      	str	r0, [r7, #4]
  UNUSED(hadc);

  /* NOTE : This function should not be modified. When the callback is needed,
            function HAL_ADC_ErrorCallback must be implemented in the user file.
  */
}
 80012b8:	46c0      	nop			; (mov r8, r8)
 80012ba:	46bd      	mov	sp, r7
 80012bc:	b002      	add	sp, #8
 80012be:	bd80      	pop	{r7, pc}

080012c0 <HAL_ADC_ConfigChannel>:
  * @param hadc ADC handle
  * @param pConfig Structure of ADC channel assigned to ADC group regular.
  * @retval HAL status
  */
HAL_StatusTypeDef HAL_ADC_ConfigChannel(ADC_HandleTypeDef *hadc, const ADC_ChannelConfTypeDef *pConfig)
{
 80012c0:	b580      	push	{r7, lr}
 80012c2:	b086      	sub	sp, #24
 80012c4:	af00      	add	r7, sp, #0
 80012c6:	6078      	str	r0, [r7, #4]
 80012c8:	6039      	str	r1, [r7, #0]
  HAL_StatusTypeDef tmp_hal_status = HAL_OK;
 80012ca:	2317      	movs	r3, #23
 80012cc:	18fb      	adds	r3, r7, r3
 80012ce:	2200      	movs	r2, #0
 80012d0:	701a      	strb	r2, [r3, #0]
  uint32_t tmp_config_internal_channel;
  __IO uint32_t wait_loop_index = 0UL;
 80012d2:	2300      	movs	r3, #0
 80012d4:	60fb      	str	r3, [r7, #12]
    assert_param(IS_ADC_REGULAR_NB_CONV(hadc->Init.NbrOfConversion));

    assert_param(IS_ADC_REGULAR_RANK(pConfig->Rank));
  }

  __HAL_LOCK(hadc);
 80012d6:	687b      	ldr	r3, [r7, #4]
 80012d8:	2254      	movs	r2, #84	; 0x54
 80012da:	5c9b      	ldrb	r3, [r3, r2]
 80012dc:	2b01      	cmp	r3, #1
 80012de:	d101      	bne.n	80012e4 <HAL_ADC_ConfigChannel+0x24>
 80012e0:	2302      	movs	r3, #2
 80012e2:	e1c0      	b.n	8001666 <HAL_ADC_ConfigChannel+0x3a6>
 80012e4:	687b      	ldr	r3, [r7, #4]
 80012e6:	2254      	movs	r2, #84	; 0x54
 80012e8:	2101      	movs	r1, #1
 80012ea:	5499      	strb	r1, [r3, r2]
  /* Parameters that can be updated when ADC is disabled or enabled without   */
  /* conversion on going on regular group:                                    */
  /*  - Channel number                                                        */
  /*  - Channel sampling time                                                 */
  /*  - Management of internal measurement channels: VrefInt/TempSensor/Vbat  */
  if (LL_ADC_REG_IsConversionOngoing(hadc->Instance) == 0UL)
 80012ec:	687b      	ldr	r3, [r7, #4]
 80012ee:	681b      	ldr	r3, [r3, #0]
 80012f0:	0018      	movs	r0, r3
 80012f2:	f7ff fddc 	bl	8000eae <LL_ADC_REG_IsConversionOngoing>
 80012f6:	1e03      	subs	r3, r0, #0
 80012f8:	d000      	beq.n	80012fc <HAL_ADC_ConfigChannel+0x3c>
 80012fa:	e1a3      	b.n	8001644 <HAL_ADC_ConfigChannel+0x384>
    /* If sequencer set to not fully configurable with channel rank set to    */
    /* none, remove the channel from the sequencer.                           */
    /* Otherwise (sequencer set to fully configurable or to to not fully      */
    /* configurable with channel rank to be set), configure the selected      */
    /* channel.                                                               */
    if (pConfig->Rank != ADC_RANK_NONE)
 80012fc:	683b      	ldr	r3, [r7, #0]
 80012fe:	685b      	ldr	r3, [r3, #4]
 8001300:	2b02      	cmp	r3, #2
 8001302:	d100      	bne.n	8001306 <HAL_ADC_ConfigChannel+0x46>
 8001304:	e143      	b.n	800158e <HAL_ADC_ConfigChannel+0x2ce>
      /* Note: ADC channel configuration requires few ADC clock cycles        */
      /*       to be ready. Processing of ADC settings in this function       */
      /*       induce that a specific wait time is not necessary.             */
      /*       For more details on ADC channel configuration ready,           */
      /*       refer to function "LL_ADC_IsActiveFlag_CCRDY()".               */
      if ((hadc->Init.ScanConvMode == ADC_SCAN_SEQ_FIXED)       ||
 8001306:	687b      	ldr	r3, [r7, #4]
 8001308:	691a      	ldr	r2, [r3, #16]
 800130a:	2380      	movs	r3, #128	; 0x80
 800130c:	061b      	lsls	r3, r3, #24
 800130e:	429a      	cmp	r2, r3
 8001310:	d004      	beq.n	800131c <HAL_ADC_ConfigChannel+0x5c>
          (hadc->Init.ScanConvMode == ADC_SCAN_SEQ_FIXED_BACKWARD))
 8001312:	687b      	ldr	r3, [r7, #4]
 8001314:	691b      	ldr	r3, [r3, #16]
      if ((hadc->Init.ScanConvMode == ADC_SCAN_SEQ_FIXED)       ||
 8001316:	4ac1      	ldr	r2, [pc, #772]	; (800161c <HAL_ADC_ConfigChannel+0x35c>)
 8001318:	4293      	cmp	r3, r2
 800131a:	d108      	bne.n	800132e <HAL_ADC_ConfigChannel+0x6e>
      {
        /* Sequencer set to not fully configurable:                           */
        /* Set the channel by enabling the corresponding bitfield.            */
        LL_ADC_REG_SetSequencerChAdd(hadc->Instance, pConfig->Channel);
 800131c:	687b      	ldr	r3, [r7, #4]
 800131e:	681a      	ldr	r2, [r3, #0]
 8001320:	683b      	ldr	r3, [r7, #0]
 8001322:	681b      	ldr	r3, [r3, #0]
 8001324:	0019      	movs	r1, r3
 8001326:	0010      	movs	r0, r2
 8001328:	f7ff fd49 	bl	8000dbe <LL_ADC_REG_SetSequencerChAdd>
 800132c:	e0c9      	b.n	80014c2 <HAL_ADC_ConfigChannel+0x202>
      {
        /* Sequencer set to fully configurable:                               */
        /* Set the channel by entering it into the selected rank.             */

        /* Memorize the channel set into variable in HAL ADC handle */
        MODIFY_REG(hadc->ADCGroupRegularSequencerRanks,
 800132e:	687b      	ldr	r3, [r7, #4]
 8001330:	6e1a      	ldr	r2, [r3, #96]	; 0x60
 8001332:	683b      	ldr	r3, [r7, #0]
 8001334:	685b      	ldr	r3, [r3, #4]
 8001336:	211f      	movs	r1, #31
 8001338:	400b      	ands	r3, r1
 800133a:	210f      	movs	r1, #15
 800133c:	4099      	lsls	r1, r3
 800133e:	000b      	movs	r3, r1
 8001340:	43db      	mvns	r3, r3
 8001342:	4013      	ands	r3, r2
 8001344:	0019      	movs	r1, r3
 8001346:	683b      	ldr	r3, [r7, #0]
 8001348:	681b      	ldr	r3, [r3, #0]
 800134a:	035b      	lsls	r3, r3, #13
 800134c:	0b5b      	lsrs	r3, r3, #13
 800134e:	d105      	bne.n	800135c <HAL_ADC_ConfigChannel+0x9c>
 8001350:	683b      	ldr	r3, [r7, #0]
 8001352:	681b      	ldr	r3, [r3, #0]
 8001354:	0e9b      	lsrs	r3, r3, #26
 8001356:	221f      	movs	r2, #31
 8001358:	4013      	ands	r3, r2
 800135a:	e098      	b.n	800148e <HAL_ADC_ConfigChannel+0x1ce>
 800135c:	683b      	ldr	r3, [r7, #0]
 800135e:	681b      	ldr	r3, [r3, #0]
 8001360:	2201      	movs	r2, #1
 8001362:	4013      	ands	r3, r2
 8001364:	d000      	beq.n	8001368 <HAL_ADC_ConfigChannel+0xa8>
 8001366:	e091      	b.n	800148c <HAL_ADC_ConfigChannel+0x1cc>
 8001368:	683b      	ldr	r3, [r7, #0]
 800136a:	681b      	ldr	r3, [r3, #0]
 800136c:	2202      	movs	r2, #2
 800136e:	4013      	ands	r3, r2
 8001370:	d000      	beq.n	8001374 <HAL_ADC_ConfigChannel+0xb4>
 8001372:	e089      	b.n	8001488 <HAL_ADC_ConfigChannel+0x1c8>
 8001374:	683b      	ldr	r3, [r7, #0]
 8001376:	681b      	ldr	r3, [r3, #0]
 8001378:	2204      	movs	r2, #4
 800137a:	4013      	ands	r3, r2
 800137c:	d000      	beq.n	8001380 <HAL_ADC_ConfigChannel+0xc0>
 800137e:	e081      	b.n	8001484 <HAL_ADC_ConfigChannel+0x1c4>
 8001380:	683b      	ldr	r3, [r7, #0]
 8001382:	681b      	ldr	r3, [r3, #0]
 8001384:	2208      	movs	r2, #8
 8001386:	4013      	ands	r3, r2
 8001388:	d000      	beq.n	800138c <HAL_ADC_ConfigChannel+0xcc>
 800138a:	e079      	b.n	8001480 <HAL_ADC_ConfigChannel+0x1c0>
 800138c:	683b      	ldr	r3, [r7, #0]
 800138e:	681b      	ldr	r3, [r3, #0]
 8001390:	2210      	movs	r2, #16
 8001392:	4013      	ands	r3, r2
 8001394:	d000      	beq.n	8001398 <HAL_ADC_ConfigChannel+0xd8>
 8001396:	e071      	b.n	800147c <HAL_ADC_ConfigChannel+0x1bc>
 8001398:	683b      	ldr	r3, [r7, #0]
 800139a:	681b      	ldr	r3, [r3, #0]
 800139c:	2220      	movs	r2, #32
 800139e:	4013      	ands	r3, r2
 80013a0:	d000      	beq.n	80013a4 <HAL_ADC_ConfigChannel+0xe4>
 80013a2:	e069      	b.n	8001478 <HAL_ADC_ConfigChannel+0x1b8>
 80013a4:	683b      	ldr	r3, [r7, #0]
 80013a6:	681b      	ldr	r3, [r3, #0]
 80013a8:	2240      	movs	r2, #64	; 0x40
 80013aa:	4013      	ands	r3, r2
 80013ac:	d000      	beq.n	80013b0 <HAL_ADC_ConfigChannel+0xf0>
 80013ae:	e061      	b.n	8001474 <HAL_ADC_ConfigChannel+0x1b4>
 80013b0:	683b      	ldr	r3, [r7, #0]
 80013b2:	681b      	ldr	r3, [r3, #0]
 80013b4:	2280      	movs	r2, #128	; 0x80
 80013b6:	4013      	ands	r3, r2
 80013b8:	d000      	beq.n	80013bc <HAL_ADC_ConfigChannel+0xfc>
 80013ba:	e059      	b.n	8001470 <HAL_ADC_ConfigChannel+0x1b0>
 80013bc:	683b      	ldr	r3, [r7, #0]
 80013be:	681a      	ldr	r2, [r3, #0]
 80013c0:	2380      	movs	r3, #128	; 0x80
 80013c2:	005b      	lsls	r3, r3, #1
 80013c4:	4013      	ands	r3, r2
 80013c6:	d151      	bne.n	800146c <HAL_ADC_ConfigChannel+0x1ac>
 80013c8:	683b      	ldr	r3, [r7, #0]
 80013ca:	681a      	ldr	r2, [r3, #0]
 80013cc:	2380      	movs	r3, #128	; 0x80
 80013ce:	009b      	lsls	r3, r3, #2
 80013d0:	4013      	ands	r3, r2
 80013d2:	d149      	bne.n	8001468 <HAL_ADC_ConfigChannel+0x1a8>
 80013d4:	683b      	ldr	r3, [r7, #0]
 80013d6:	681a      	ldr	r2, [r3, #0]
 80013d8:	2380      	movs	r3, #128	; 0x80
 80013da:	00db      	lsls	r3, r3, #3
 80013dc:	4013      	ands	r3, r2
 80013de:	d141      	bne.n	8001464 <HAL_ADC_ConfigChannel+0x1a4>
 80013e0:	683b      	ldr	r3, [r7, #0]
 80013e2:	681a      	ldr	r2, [r3, #0]
 80013e4:	2380      	movs	r3, #128	; 0x80
 80013e6:	011b      	lsls	r3, r3, #4
 80013e8:	4013      	ands	r3, r2
 80013ea:	d139      	bne.n	8001460 <HAL_ADC_ConfigChannel+0x1a0>
 80013ec:	683b      	ldr	r3, [r7, #0]
 80013ee:	681a      	ldr	r2, [r3, #0]
 80013f0:	2380      	movs	r3, #128	; 0x80
 80013f2:	015b      	lsls	r3, r3, #5
 80013f4:	4013      	ands	r3, r2
 80013f6:	d131      	bne.n	800145c <HAL_ADC_ConfigChannel+0x19c>
 80013f8:	683b      	ldr	r3, [r7, #0]
 80013fa:	681a      	ldr	r2, [r3, #0]
 80013fc:	2380      	movs	r3, #128	; 0x80
 80013fe:	019b      	lsls	r3, r3, #6
 8001400:	4013      	ands	r3, r2
 8001402:	d129      	bne.n	8001458 <HAL_ADC_ConfigChannel+0x198>
 8001404:	683b      	ldr	r3, [r7, #0]
 8001406:	681a      	ldr	r2, [r3, #0]
 8001408:	2380      	movs	r3, #128	; 0x80
 800140a:	01db      	lsls	r3, r3, #7
 800140c:	4013      	ands	r3, r2
 800140e:	d121      	bne.n	8001454 <HAL_ADC_ConfigChannel+0x194>
 8001410:	683b      	ldr	r3, [r7, #0]
 8001412:	681a      	ldr	r2, [r3, #0]
 8001414:	2380      	movs	r3, #128	; 0x80
 8001416:	021b      	lsls	r3, r3, #8
 8001418:	4013      	ands	r3, r2
 800141a:	d119      	bne.n	8001450 <HAL_ADC_ConfigChannel+0x190>
 800141c:	683b      	ldr	r3, [r7, #0]
 800141e:	681a      	ldr	r2, [r3, #0]
 8001420:	2380      	movs	r3, #128	; 0x80
 8001422:	025b      	lsls	r3, r3, #9
 8001424:	4013      	ands	r3, r2
 8001426:	d111      	bne.n	800144c <HAL_ADC_ConfigChannel+0x18c>
 8001428:	683b      	ldr	r3, [r7, #0]
 800142a:	681a      	ldr	r2, [r3, #0]
 800142c:	2380      	movs	r3, #128	; 0x80
 800142e:	029b      	lsls	r3, r3, #10
 8001430:	4013      	ands	r3, r2
 8001432:	d109      	bne.n	8001448 <HAL_ADC_ConfigChannel+0x188>
 8001434:	683b      	ldr	r3, [r7, #0]
 8001436:	681a      	ldr	r2, [r3, #0]
 8001438:	2380      	movs	r3, #128	; 0x80
 800143a:	02db      	lsls	r3, r3, #11
 800143c:	4013      	ands	r3, r2
 800143e:	d001      	beq.n	8001444 <HAL_ADC_ConfigChannel+0x184>
 8001440:	2312      	movs	r3, #18
 8001442:	e024      	b.n	800148e <HAL_ADC_ConfigChannel+0x1ce>
 8001444:	2300      	movs	r3, #0
 8001446:	e022      	b.n	800148e <HAL_ADC_ConfigChannel+0x1ce>
 8001448:	2311      	movs	r3, #17
 800144a:	e020      	b.n	800148e <HAL_ADC_ConfigChannel+0x1ce>
 800144c:	2310      	movs	r3, #16
 800144e:	e01e      	b.n	800148e <HAL_ADC_ConfigChannel+0x1ce>
 8001450:	230f      	movs	r3, #15
 8001452:	e01c      	b.n	800148e <HAL_ADC_ConfigChannel+0x1ce>
 8001454:	230e      	movs	r3, #14
 8001456:	e01a      	b.n	800148e <HAL_ADC_ConfigChannel+0x1ce>
 8001458:	230d      	movs	r3, #13
 800145a:	e018      	b.n	800148e <HAL_ADC_ConfigChannel+0x1ce>
 800145c:	230c      	movs	r3, #12
 800145e:	e016      	b.n	800148e <HAL_ADC_ConfigChannel+0x1ce>
 8001460:	230b      	movs	r3, #11
 8001462:	e014      	b.n	800148e <HAL_ADC_ConfigChannel+0x1ce>
 8001464:	230a      	movs	r3, #10
 8001466:	e012      	b.n	800148e <HAL_ADC_ConfigChannel+0x1ce>
 8001468:	2309      	movs	r3, #9
 800146a:	e010      	b.n	800148e <HAL_ADC_ConfigChannel+0x1ce>
 800146c:	2308      	movs	r3, #8
 800146e:	e00e      	b.n	800148e <HAL_ADC_ConfigChannel+0x1ce>
 8001470:	2307      	movs	r3, #7
 8001472:	e00c      	b.n	800148e <HAL_ADC_ConfigChannel+0x1ce>
 8001474:	2306      	movs	r3, #6
 8001476:	e00a      	b.n	800148e <HAL_ADC_ConfigChannel+0x1ce>
 8001478:	2305      	movs	r3, #5
 800147a:	e008      	b.n	800148e <HAL_ADC_ConfigChannel+0x1ce>
 800147c:	2304      	movs	r3, #4
 800147e:	e006      	b.n	800148e <HAL_ADC_ConfigChannel+0x1ce>
 8001480:	2303      	movs	r3, #3
 8001482:	e004      	b.n	800148e <HAL_ADC_ConfigChannel+0x1ce>
 8001484:	2302      	movs	r3, #2
 8001486:	e002      	b.n	800148e <HAL_ADC_ConfigChannel+0x1ce>
 8001488:	2301      	movs	r3, #1
 800148a:	e000      	b.n	800148e <HAL_ADC_ConfigChannel+0x1ce>
 800148c:	2300      	movs	r3, #0
 800148e:	683a      	ldr	r2, [r7, #0]
 8001490:	6852      	ldr	r2, [r2, #4]
 8001492:	201f      	movs	r0, #31
 8001494:	4002      	ands	r2, r0
 8001496:	4093      	lsls	r3, r2
 8001498:	000a      	movs	r2, r1
 800149a:	431a      	orrs	r2, r3
 800149c:	687b      	ldr	r3, [r7, #4]
 800149e:	661a      	str	r2, [r3, #96]	; 0x60

        /* If the selected rank is below ADC group regular sequencer length,  */
        /* apply the configuration in ADC register.                           */
        /* Note: Otherwise, configuration is not applied.                     */
        /*       To apply it, parameter'NbrOfConversion' must be increased.   */
        if (((pConfig->Rank >> 2UL) + 1UL) <= hadc->Init.NbrOfConversion)
 80014a0:	683b      	ldr	r3, [r7, #0]
 80014a2:	685b      	ldr	r3, [r3, #4]
 80014a4:	089b      	lsrs	r3, r3, #2
 80014a6:	1c5a      	adds	r2, r3, #1
 80014a8:	687b      	ldr	r3, [r7, #4]
 80014aa:	69db      	ldr	r3, [r3, #28]
 80014ac:	429a      	cmp	r2, r3
 80014ae:	d808      	bhi.n	80014c2 <HAL_ADC_ConfigChannel+0x202>
        {
          LL_ADC_REG_SetSequencerRanks(hadc->Instance, pConfig->Rank, pConfig->Channel);
 80014b0:	687b      	ldr	r3, [r7, #4]
 80014b2:	6818      	ldr	r0, [r3, #0]
 80014b4:	683b      	ldr	r3, [r7, #0]
 80014b6:	6859      	ldr	r1, [r3, #4]
 80014b8:	683b      	ldr	r3, [r7, #0]
 80014ba:	681b      	ldr	r3, [r3, #0]
 80014bc:	001a      	movs	r2, r3
 80014be:	f7ff fc5e 	bl	8000d7e <LL_ADC_REG_SetSequencerRanks>
        }
      }

      /* Set sampling time of the selected ADC channel */
      LL_ADC_SetChannelSamplingTime(hadc->Instance, pConfig->Channel, pConfig->SamplingTime);
 80014c2:	687b      	ldr	r3, [r7, #4]
 80014c4:	6818      	ldr	r0, [r3, #0]
 80014c6:	683b      	ldr	r3, [r7, #0]
 80014c8:	6819      	ldr	r1, [r3, #0]
 80014ca:	683b      	ldr	r3, [r7, #0]
 80014cc:	689b      	ldr	r3, [r3, #8]
 80014ce:	001a      	movs	r2, r3
 80014d0:	f7ff fc98 	bl	8000e04 <LL_ADC_SetChannelSamplingTime>
      /* internal measurement paths enable: If internal channel selected,     */
      /* enable dedicated internal buffers and path.                          */
      /* Note: these internal measurement paths can be disabled using         */
      /*       HAL_ADC_DeInit() or removing the channel from sequencer with   */
      /*       channel configuration parameter "Rank".                        */
      if (__LL_ADC_IS_CHANNEL_INTERNAL(pConfig->Channel))
 80014d4:	683b      	ldr	r3, [r7, #0]
 80014d6:	681b      	ldr	r3, [r3, #0]
 80014d8:	2b00      	cmp	r3, #0
 80014da:	db00      	blt.n	80014de <HAL_ADC_ConfigChannel+0x21e>
 80014dc:	e0bc      	b.n	8001658 <HAL_ADC_ConfigChannel+0x398>
      {
        tmp_config_internal_channel = LL_ADC_GetCommonPathInternalCh(__LL_ADC_COMMON_INSTANCE(hadc->Instance));
 80014de:	4b50      	ldr	r3, [pc, #320]	; (8001620 <HAL_ADC_ConfigChannel+0x360>)
 80014e0:	0018      	movs	r0, r3
 80014e2:	f7ff fc0b 	bl	8000cfc <LL_ADC_GetCommonPathInternalCh>
 80014e6:	0003      	movs	r3, r0
 80014e8:	613b      	str	r3, [r7, #16]

        /* If the requested internal measurement path has already been enabled,   */
        /* bypass the configuration processing.                                   */
        if ((pConfig->Channel == ADC_CHANNEL_TEMPSENSOR) &&
 80014ea:	683b      	ldr	r3, [r7, #0]
 80014ec:	681b      	ldr	r3, [r3, #0]
 80014ee:	4a4d      	ldr	r2, [pc, #308]	; (8001624 <HAL_ADC_ConfigChannel+0x364>)
 80014f0:	4293      	cmp	r3, r2
 80014f2:	d122      	bne.n	800153a <HAL_ADC_ConfigChannel+0x27a>
            ((tmp_config_internal_channel & LL_ADC_PATH_INTERNAL_TEMPSENSOR) == 0UL))
 80014f4:	693a      	ldr	r2, [r7, #16]
 80014f6:	2380      	movs	r3, #128	; 0x80
 80014f8:	041b      	lsls	r3, r3, #16
 80014fa:	4013      	ands	r3, r2
        if ((pConfig->Channel == ADC_CHANNEL_TEMPSENSOR) &&
 80014fc:	d11d      	bne.n	800153a <HAL_ADC_ConfigChannel+0x27a>
        {
          LL_ADC_SetCommonPathInternalCh(__LL_ADC_COMMON_INSTANCE(hadc->Instance),
 80014fe:	693b      	ldr	r3, [r7, #16]
 8001500:	2280      	movs	r2, #128	; 0x80
 8001502:	0412      	lsls	r2, r2, #16
 8001504:	4313      	orrs	r3, r2
 8001506:	4a46      	ldr	r2, [pc, #280]	; (8001620 <HAL_ADC_ConfigChannel+0x360>)
 8001508:	0019      	movs	r1, r3
 800150a:	0010      	movs	r0, r2
 800150c:	f7ff fbe2 	bl	8000cd4 <LL_ADC_SetCommonPathInternalCh>
          /* Delay for temperature sensor stabilization time */
          /* Wait loop initialization and execution */
          /* Note: Variable divided by 2 to compensate partially              */
          /*       CPU processing cycles, scaling in us split to not          */
          /*       exceed 32 bits register capacity and handle low frequency. */
          wait_loop_index = ((LL_ADC_DELAY_TEMPSENSOR_STAB_US / 10UL) * ((SystemCoreClock / (100000UL * 2UL)) + 1UL));
 8001510:	4b45      	ldr	r3, [pc, #276]	; (8001628 <HAL_ADC_ConfigChannel+0x368>)
 8001512:	681b      	ldr	r3, [r3, #0]
 8001514:	4945      	ldr	r1, [pc, #276]	; (800162c <HAL_ADC_ConfigChannel+0x36c>)
 8001516:	0018      	movs	r0, r3
 8001518:	f7fe fdd0 	bl	80000bc <__udivsi3>
 800151c:	0003      	movs	r3, r0
 800151e:	1c5a      	adds	r2, r3, #1
 8001520:	0013      	movs	r3, r2
 8001522:	005b      	lsls	r3, r3, #1
 8001524:	189b      	adds	r3, r3, r2
 8001526:	009b      	lsls	r3, r3, #2
 8001528:	60fb      	str	r3, [r7, #12]
          while (wait_loop_index != 0UL)
 800152a:	e002      	b.n	8001532 <HAL_ADC_ConfigChannel+0x272>
          {
            wait_loop_index--;
 800152c:	68fb      	ldr	r3, [r7, #12]
 800152e:	3b01      	subs	r3, #1
 8001530:	60fb      	str	r3, [r7, #12]
          while (wait_loop_index != 0UL)
 8001532:	68fb      	ldr	r3, [r7, #12]
 8001534:	2b00      	cmp	r3, #0
 8001536:	d1f9      	bne.n	800152c <HAL_ADC_ConfigChannel+0x26c>
        if ((pConfig->Channel == ADC_CHANNEL_TEMPSENSOR) &&
 8001538:	e08e      	b.n	8001658 <HAL_ADC_ConfigChannel+0x398>
          }
        }
        else if ((pConfig->Channel == ADC_CHANNEL_VBAT)
 800153a:	683b      	ldr	r3, [r7, #0]
 800153c:	681b      	ldr	r3, [r3, #0]
 800153e:	4a3c      	ldr	r2, [pc, #240]	; (8001630 <HAL_ADC_ConfigChannel+0x370>)
 8001540:	4293      	cmp	r3, r2
 8001542:	d10e      	bne.n	8001562 <HAL_ADC_ConfigChannel+0x2a2>
                 && ((tmp_config_internal_channel & LL_ADC_PATH_INTERNAL_VBAT) == 0UL))
 8001544:	693a      	ldr	r2, [r7, #16]
 8001546:	2380      	movs	r3, #128	; 0x80
 8001548:	045b      	lsls	r3, r3, #17
 800154a:	4013      	ands	r3, r2
 800154c:	d109      	bne.n	8001562 <HAL_ADC_ConfigChannel+0x2a2>
        {
          LL_ADC_SetCommonPathInternalCh(__LL_ADC_COMMON_INSTANCE(hadc->Instance),
 800154e:	693b      	ldr	r3, [r7, #16]
 8001550:	2280      	movs	r2, #128	; 0x80
 8001552:	0452      	lsls	r2, r2, #17
 8001554:	4313      	orrs	r3, r2
 8001556:	4a32      	ldr	r2, [pc, #200]	; (8001620 <HAL_ADC_ConfigChannel+0x360>)
 8001558:	0019      	movs	r1, r3
 800155a:	0010      	movs	r0, r2
 800155c:	f7ff fbba 	bl	8000cd4 <LL_ADC_SetCommonPathInternalCh>
 8001560:	e07a      	b.n	8001658 <HAL_ADC_ConfigChannel+0x398>
                                         LL_ADC_PATH_INTERNAL_VBAT | tmp_config_internal_channel);
        }
        else if ((pConfig->Channel == ADC_CHANNEL_VREFINT) &&
 8001562:	683b      	ldr	r3, [r7, #0]
 8001564:	681b      	ldr	r3, [r3, #0]
 8001566:	4a33      	ldr	r2, [pc, #204]	; (8001634 <HAL_ADC_ConfigChannel+0x374>)
 8001568:	4293      	cmp	r3, r2
 800156a:	d000      	beq.n	800156e <HAL_ADC_ConfigChannel+0x2ae>
 800156c:	e074      	b.n	8001658 <HAL_ADC_ConfigChannel+0x398>
                 ((tmp_config_internal_channel & LL_ADC_PATH_INTERNAL_VREFINT) == 0UL))
 800156e:	693a      	ldr	r2, [r7, #16]
 8001570:	2380      	movs	r3, #128	; 0x80
 8001572:	03db      	lsls	r3, r3, #15
 8001574:	4013      	ands	r3, r2
        else if ((pConfig->Channel == ADC_CHANNEL_VREFINT) &&
 8001576:	d000      	beq.n	800157a <HAL_ADC_ConfigChannel+0x2ba>
 8001578:	e06e      	b.n	8001658 <HAL_ADC_ConfigChannel+0x398>
        {
          LL_ADC_SetCommonPathInternalCh(__LL_ADC_COMMON_INSTANCE(hadc->Instance),
 800157a:	693b      	ldr	r3, [r7, #16]
 800157c:	2280      	movs	r2, #128	; 0x80
 800157e:	03d2      	lsls	r2, r2, #15
 8001580:	4313      	orrs	r3, r2
 8001582:	4a27      	ldr	r2, [pc, #156]	; (8001620 <HAL_ADC_ConfigChannel+0x360>)
 8001584:	0019      	movs	r1, r3
 8001586:	0010      	movs	r0, r2
 8001588:	f7ff fba4 	bl	8000cd4 <LL_ADC_SetCommonPathInternalCh>
 800158c:	e064      	b.n	8001658 <HAL_ADC_ConfigChannel+0x398>
      /* Regular sequencer configuration */
      /* Note: Case of sequencer set to fully configurable:                   */
      /*       Sequencer rank cannot be disabled, only affected to            */
      /*       another channel.                                               */
      /*       To remove a rank, use parameter 'NbrOfConversion".             */
      if ((hadc->Init.ScanConvMode == ADC_SCAN_SEQ_FIXED)       ||
 800158e:	687b      	ldr	r3, [r7, #4]
 8001590:	691a      	ldr	r2, [r3, #16]
 8001592:	2380      	movs	r3, #128	; 0x80
 8001594:	061b      	lsls	r3, r3, #24
 8001596:	429a      	cmp	r2, r3
 8001598:	d004      	beq.n	80015a4 <HAL_ADC_ConfigChannel+0x2e4>
          (hadc->Init.ScanConvMode == ADC_SCAN_SEQ_FIXED_BACKWARD))
 800159a:	687b      	ldr	r3, [r7, #4]
 800159c:	691b      	ldr	r3, [r3, #16]
      if ((hadc->Init.ScanConvMode == ADC_SCAN_SEQ_FIXED)       ||
 800159e:	4a1f      	ldr	r2, [pc, #124]	; (800161c <HAL_ADC_ConfigChannel+0x35c>)
 80015a0:	4293      	cmp	r3, r2
 80015a2:	d107      	bne.n	80015b4 <HAL_ADC_ConfigChannel+0x2f4>
      {
        /* Sequencer set to not fully configurable:                           */
        /* Reset the channel by disabling the corresponding bitfield.         */
        LL_ADC_REG_SetSequencerChRem(hadc->Instance, pConfig->Channel);
 80015a4:	687b      	ldr	r3, [r7, #4]
 80015a6:	681a      	ldr	r2, [r3, #0]
 80015a8:	683b      	ldr	r3, [r7, #0]
 80015aa:	681b      	ldr	r3, [r3, #0]
 80015ac:	0019      	movs	r1, r3
 80015ae:	0010      	movs	r0, r2
 80015b0:	f7ff fc16 	bl	8000de0 <LL_ADC_REG_SetSequencerChRem>
      }

      /* Management of internal measurement channels: Vbat/VrefInt/TempSensor.  */
      /* If internal channel selected, enable dedicated internal buffers and    */
      /* paths.                                                                 */
      if (__LL_ADC_IS_CHANNEL_INTERNAL(pConfig->Channel))
 80015b4:	683b      	ldr	r3, [r7, #0]
 80015b6:	681b      	ldr	r3, [r3, #0]
 80015b8:	2b00      	cmp	r3, #0
 80015ba:	da4d      	bge.n	8001658 <HAL_ADC_ConfigChannel+0x398>
      {
        tmp_config_internal_channel = LL_ADC_GetCommonPathInternalCh(__LL_ADC_COMMON_INSTANCE(hadc->Instance));
 80015bc:	4b18      	ldr	r3, [pc, #96]	; (8001620 <HAL_ADC_ConfigChannel+0x360>)
 80015be:	0018      	movs	r0, r3
 80015c0:	f7ff fb9c 	bl	8000cfc <LL_ADC_GetCommonPathInternalCh>
 80015c4:	0003      	movs	r3, r0
 80015c6:	613b      	str	r3, [r7, #16]

        if (pConfig->Channel == ADC_CHANNEL_TEMPSENSOR)
 80015c8:	683b      	ldr	r3, [r7, #0]
 80015ca:	681b      	ldr	r3, [r3, #0]
 80015cc:	4a15      	ldr	r2, [pc, #84]	; (8001624 <HAL_ADC_ConfigChannel+0x364>)
 80015ce:	4293      	cmp	r3, r2
 80015d0:	d108      	bne.n	80015e4 <HAL_ADC_ConfigChannel+0x324>
        {
          LL_ADC_SetCommonPathInternalCh(__LL_ADC_COMMON_INSTANCE(hadc->Instance),
 80015d2:	693b      	ldr	r3, [r7, #16]
 80015d4:	4a18      	ldr	r2, [pc, #96]	; (8001638 <HAL_ADC_ConfigChannel+0x378>)
 80015d6:	4013      	ands	r3, r2
 80015d8:	4a11      	ldr	r2, [pc, #68]	; (8001620 <HAL_ADC_ConfigChannel+0x360>)
 80015da:	0019      	movs	r1, r3
 80015dc:	0010      	movs	r0, r2
 80015de:	f7ff fb79 	bl	8000cd4 <LL_ADC_SetCommonPathInternalCh>
 80015e2:	e039      	b.n	8001658 <HAL_ADC_ConfigChannel+0x398>
                                         ~LL_ADC_PATH_INTERNAL_TEMPSENSOR & tmp_config_internal_channel);
        }
        else if (pConfig->Channel == ADC_CHANNEL_VBAT)
 80015e4:	683b      	ldr	r3, [r7, #0]
 80015e6:	681b      	ldr	r3, [r3, #0]
 80015e8:	4a11      	ldr	r2, [pc, #68]	; (8001630 <HAL_ADC_ConfigChannel+0x370>)
 80015ea:	4293      	cmp	r3, r2
 80015ec:	d108      	bne.n	8001600 <HAL_ADC_ConfigChannel+0x340>
        {
          LL_ADC_SetCommonPathInternalCh(__LL_ADC_COMMON_INSTANCE(hadc->Instance),
 80015ee:	693b      	ldr	r3, [r7, #16]
 80015f0:	4a12      	ldr	r2, [pc, #72]	; (800163c <HAL_ADC_ConfigChannel+0x37c>)
 80015f2:	4013      	ands	r3, r2
 80015f4:	4a0a      	ldr	r2, [pc, #40]	; (8001620 <HAL_ADC_ConfigChannel+0x360>)
 80015f6:	0019      	movs	r1, r3
 80015f8:	0010      	movs	r0, r2
 80015fa:	f7ff fb6b 	bl	8000cd4 <LL_ADC_SetCommonPathInternalCh>
 80015fe:	e02b      	b.n	8001658 <HAL_ADC_ConfigChannel+0x398>
                                         ~LL_ADC_PATH_INTERNAL_VBAT & tmp_config_internal_channel);
        }
        else if (pConfig->Channel == ADC_CHANNEL_VREFINT)
 8001600:	683b      	ldr	r3, [r7, #0]
 8001602:	681b      	ldr	r3, [r3, #0]
 8001604:	4a0b      	ldr	r2, [pc, #44]	; (8001634 <HAL_ADC_ConfigChannel+0x374>)
 8001606:	4293      	cmp	r3, r2
 8001608:	d126      	bne.n	8001658 <HAL_ADC_ConfigChannel+0x398>
        {
          LL_ADC_SetCommonPathInternalCh(__LL_ADC_COMMON_INSTANCE(hadc->Instance),
 800160a:	693b      	ldr	r3, [r7, #16]
 800160c:	4a0c      	ldr	r2, [pc, #48]	; (8001640 <HAL_ADC_ConfigChannel+0x380>)
 800160e:	4013      	ands	r3, r2
 8001610:	4a03      	ldr	r2, [pc, #12]	; (8001620 <HAL_ADC_ConfigChannel+0x360>)
 8001612:	0019      	movs	r1, r3
 8001614:	0010      	movs	r0, r2
 8001616:	f7ff fb5d 	bl	8000cd4 <LL_ADC_SetCommonPathInternalCh>
 800161a:	e01d      	b.n	8001658 <HAL_ADC_ConfigChannel+0x398>
 800161c:	80000004 	.word	0x80000004
 8001620:	40012708 	.word	0x40012708
 8001624:	b0001000 	.word	0xb0001000
 8001628:	20000000 	.word	0x20000000
 800162c:	00030d40 	.word	0x00030d40
 8001630:	b8004000 	.word	0xb8004000
 8001634:	b4002000 	.word	0xb4002000
 8001638:	ff7fffff 	.word	0xff7fffff
 800163c:	feffffff 	.word	0xfeffffff
 8001640:	ffbfffff 	.word	0xffbfffff
  /* channel could be done on neither of the channel configuration structure  */
  /* parameters.                                                              */
  else
  {
    /* Update ADC state machine to error */
    SET_BIT(hadc->State, HAL_ADC_STATE_ERROR_CONFIG);
 8001644:	687b      	ldr	r3, [r7, #4]
 8001646:	6d9b      	ldr	r3, [r3, #88]	; 0x58
 8001648:	2220      	movs	r2, #32
 800164a:	431a      	orrs	r2, r3
 800164c:	687b      	ldr	r3, [r7, #4]
 800164e:	659a      	str	r2, [r3, #88]	; 0x58

    tmp_hal_status = HAL_ERROR;
 8001650:	2317      	movs	r3, #23
 8001652:	18fb      	adds	r3, r7, r3
 8001654:	2201      	movs	r2, #1
 8001656:	701a      	strb	r2, [r3, #0]
  }

  __HAL_UNLOCK(hadc);
 8001658:	687b      	ldr	r3, [r7, #4]
 800165a:	2254      	movs	r2, #84	; 0x54
 800165c:	2100      	movs	r1, #0
 800165e:	5499      	strb	r1, [r3, r2]

  return tmp_hal_status;
 8001660:	2317      	movs	r3, #23
 8001662:	18fb      	adds	r3, r7, r3
 8001664:	781b      	ldrb	r3, [r3, #0]
}
 8001666:	0018      	movs	r0, r3
 8001668:	46bd      	mov	sp, r7
 800166a:	b006      	add	sp, #24
 800166c:	bd80      	pop	{r7, pc}
 800166e:	46c0      	nop			; (mov r8, r8)

08001670 <HAL_ADCEx_LevelOutOfWindow2Callback>:
  * @brief  Analog watchdog 2 callback in non-blocking mode.
  * @param hadc ADC handle
  * @retval None
  */
__weak void HAL_ADCEx_LevelOutOfWindow2Callback(ADC_HandleTypeDef *hadc)
{
 8001670:	b580      	push	{r7, lr}
 8001672:	b082      	sub	sp, #8
 8001674:	af00      	add	r7, sp, #0
 8001676:	6078      	str	r0, [r7, #4]
  UNUSED(hadc);

  /* NOTE : This function should not be modified. When the callback is needed,
            function HAL_ADCEx_LevelOutOfWindow2Callback must be implemented in the user file.
  */
}
 8001678:	46c0      	nop			; (mov r8, r8)
 800167a:	46bd      	mov	sp, r7
 800167c:	b002      	add	sp, #8
 800167e:	bd80      	pop	{r7, pc}

08001680 <HAL_ADCEx_LevelOutOfWindow3Callback>:
  * @brief  Analog watchdog 3 callback in non-blocking mode.
  * @param hadc ADC handle
  * @retval None
  */
__weak void HAL_ADCEx_LevelOutOfWindow3Callback(ADC_HandleTypeDef *hadc)
{
 8001680:	b580      	push	{r7, lr}
 8001682:	b082      	sub	sp, #8
 8001684:	af00      	add	r7, sp, #0
 8001686:	6078      	str	r0, [r7, #4]
  UNUSED(hadc);

  /* NOTE : This function should not be modified. When the callback is needed,
            function HAL_ADCEx_LevelOutOfWindow3Callback must be implemented in the user file.
  */
}
 8001688:	46c0      	nop			; (mov r8, r8)
 800168a:	46bd      	mov	sp, r7
 800168c:	b002      	add	sp, #8
 800168e:	bd80      	pop	{r7, pc}

08001690 <HAL_ADCEx_EndOfSamplingCallback>:
  * @brief  End Of Sampling callback in non-blocking mode.
  * @param hadc ADC handle
  * @retval None
  */
__weak void HAL_ADCEx_EndOfSamplingCallback(ADC_HandleTypeDef *hadc)
{
 8001690:	b580      	push	{r7, lr}
 8001692:	b082      	sub	sp, #8
 8001694:	af00      	add	r7, sp, #0
 8001696:	6078      	str	r0, [r7, #4]
  UNUSED(hadc);

  /* NOTE : This function should not be modified. When the callback is needed,
            function HAL_ADCEx_EndOfSamplingCallback must be implemented in the user file.
  */
}
 8001698:	46c0      	nop			; (mov r8, r8)
 800169a:	46bd      	mov	sp, r7
 800169c:	b002      	add	sp, #8
 800169e:	bd80      	pop	{r7, pc}

080016a0 <__NVIC_EnableIRQ>:
  \details Enables a device specific interrupt in the NVIC interrupt controller.
  \param [in]      IRQn  Device specific interrupt number.
  \note    IRQn must not be negative.
 */
__STATIC_INLINE void __NVIC_EnableIRQ(IRQn_Type IRQn)
{
 80016a0:	b580      	push	{r7, lr}
 80016a2:	b082      	sub	sp, #8
 80016a4:	af00      	add	r7, sp, #0
 80016a6:	0002      	movs	r2, r0
 80016a8:	1dfb      	adds	r3, r7, #7
 80016aa:	701a      	strb	r2, [r3, #0]
  if ((int32_t)(IRQn) >= 0)
 80016ac:	1dfb      	adds	r3, r7, #7
 80016ae:	781b      	ldrb	r3, [r3, #0]
 80016b0:	2b7f      	cmp	r3, #127	; 0x7f
 80016b2:	d809      	bhi.n	80016c8 <__NVIC_EnableIRQ+0x28>
  {
    __COMPILER_BARRIER();
    NVIC->ISER[0U] = (uint32_t)(1UL << (((uint32_t)IRQn) & 0x1FUL));
 80016b4:	1dfb      	adds	r3, r7, #7
 80016b6:	781b      	ldrb	r3, [r3, #0]
 80016b8:	001a      	movs	r2, r3
 80016ba:	231f      	movs	r3, #31
 80016bc:	401a      	ands	r2, r3
 80016be:	4b04      	ldr	r3, [pc, #16]	; (80016d0 <__NVIC_EnableIRQ+0x30>)
 80016c0:	2101      	movs	r1, #1
 80016c2:	4091      	lsls	r1, r2
 80016c4:	000a      	movs	r2, r1
 80016c6:	601a      	str	r2, [r3, #0]
    __COMPILER_BARRIER();
  }
}
 80016c8:	46c0      	nop			; (mov r8, r8)
 80016ca:	46bd      	mov	sp, r7
 80016cc:	b002      	add	sp, #8
 80016ce:	bd80      	pop	{r7, pc}
 80016d0:	e000e100 	.word	0xe000e100

080016d4 <__NVIC_SetPriority>:
  \param [in]      IRQn  Interrupt number.
  \param [in]  priority  Priority to set.
  \note    The priority cannot be set for every processor exception.
 */
__STATIC_INLINE void __NVIC_SetPriority(IRQn_Type IRQn, uint32_t priority)
{
 80016d4:	b590      	push	{r4, r7, lr}
 80016d6:	b083      	sub	sp, #12
 80016d8:	af00      	add	r7, sp, #0
 80016da:	0002      	movs	r2, r0
 80016dc:	6039      	str	r1, [r7, #0]
 80016de:	1dfb      	adds	r3, r7, #7
 80016e0:	701a      	strb	r2, [r3, #0]
  if ((int32_t)(IRQn) >= 0)
 80016e2:	1dfb      	adds	r3, r7, #7
 80016e4:	781b      	ldrb	r3, [r3, #0]
 80016e6:	2b7f      	cmp	r3, #127	; 0x7f
 80016e8:	d828      	bhi.n	800173c <__NVIC_SetPriority+0x68>
  {
    NVIC->IP[_IP_IDX(IRQn)]  = ((uint32_t)(NVIC->IP[_IP_IDX(IRQn)]  & ~(0xFFUL << _BIT_SHIFT(IRQn))) |
 80016ea:	4a2f      	ldr	r2, [pc, #188]	; (80017a8 <__NVIC_SetPriority+0xd4>)
 80016ec:	1dfb      	adds	r3, r7, #7
 80016ee:	781b      	ldrb	r3, [r3, #0]
 80016f0:	b25b      	sxtb	r3, r3
 80016f2:	089b      	lsrs	r3, r3, #2
 80016f4:	33c0      	adds	r3, #192	; 0xc0
 80016f6:	009b      	lsls	r3, r3, #2
 80016f8:	589b      	ldr	r3, [r3, r2]
 80016fa:	1dfa      	adds	r2, r7, #7
 80016fc:	7812      	ldrb	r2, [r2, #0]
 80016fe:	0011      	movs	r1, r2
 8001700:	2203      	movs	r2, #3
 8001702:	400a      	ands	r2, r1
 8001704:	00d2      	lsls	r2, r2, #3
 8001706:	21ff      	movs	r1, #255	; 0xff
 8001708:	4091      	lsls	r1, r2
 800170a:	000a      	movs	r2, r1
 800170c:	43d2      	mvns	r2, r2
 800170e:	401a      	ands	r2, r3
 8001710:	0011      	movs	r1, r2
       (((priority << (8U - __NVIC_PRIO_BITS)) & (uint32_t)0xFFUL) << _BIT_SHIFT(IRQn)));
 8001712:	683b      	ldr	r3, [r7, #0]
 8001714:	019b      	lsls	r3, r3, #6
 8001716:	22ff      	movs	r2, #255	; 0xff
 8001718:	401a      	ands	r2, r3
 800171a:	1dfb      	adds	r3, r7, #7
 800171c:	781b      	ldrb	r3, [r3, #0]
 800171e:	0018      	movs	r0, r3
 8001720:	2303      	movs	r3, #3
 8001722:	4003      	ands	r3, r0
 8001724:	00db      	lsls	r3, r3, #3
 8001726:	409a      	lsls	r2, r3
    NVIC->IP[_IP_IDX(IRQn)]  = ((uint32_t)(NVIC->IP[_IP_IDX(IRQn)]  & ~(0xFFUL << _BIT_SHIFT(IRQn))) |
 8001728:	481f      	ldr	r0, [pc, #124]	; (80017a8 <__NVIC_SetPriority+0xd4>)
 800172a:	1dfb      	adds	r3, r7, #7
 800172c:	781b      	ldrb	r3, [r3, #0]
 800172e:	b25b      	sxtb	r3, r3
 8001730:	089b      	lsrs	r3, r3, #2
 8001732:	430a      	orrs	r2, r1
 8001734:	33c0      	adds	r3, #192	; 0xc0
 8001736:	009b      	lsls	r3, r3, #2
 8001738:	501a      	str	r2, [r3, r0]
  else
  {
    SCB->SHP[_SHP_IDX(IRQn)] = ((uint32_t)(SCB->SHP[_SHP_IDX(IRQn)] & ~(0xFFUL << _BIT_SHIFT(IRQn))) |
       (((priority << (8U - __NVIC_PRIO_BITS)) & (uint32_t)0xFFUL) << _BIT_SHIFT(IRQn)));
  }
}
 800173a:	e031      	b.n	80017a0 <__NVIC_SetPriority+0xcc>
    SCB->SHP[_SHP_IDX(IRQn)] = ((uint32_t)(SCB->SHP[_SHP_IDX(IRQn)] & ~(0xFFUL << _BIT_SHIFT(IRQn))) |
 800173c:	4a1b      	ldr	r2, [pc, #108]	; (80017ac <__NVIC_SetPriority+0xd8>)
 800173e:	1dfb      	adds	r3, r7, #7
 8001740:	781b      	ldrb	r3, [r3, #0]
 8001742:	0019      	movs	r1, r3
 8001744:	230f      	movs	r3, #15
 8001746:	400b      	ands	r3, r1
 8001748:	3b08      	subs	r3, #8
 800174a:	089b      	lsrs	r3, r3, #2
 800174c:	3306      	adds	r3, #6
 800174e:	009b      	lsls	r3, r3, #2
 8001750:	18d3      	adds	r3, r2, r3
 8001752:	3304      	adds	r3, #4
 8001754:	681b      	ldr	r3, [r3, #0]
 8001756:	1dfa      	adds	r2, r7, #7
 8001758:	7812      	ldrb	r2, [r2, #0]
 800175a:	0011      	movs	r1, r2
 800175c:	2203      	movs	r2, #3
 800175e:	400a      	ands	r2, r1
 8001760:	00d2      	lsls	r2, r2, #3
 8001762:	21ff      	movs	r1, #255	; 0xff
 8001764:	4091      	lsls	r1, r2
 8001766:	000a      	movs	r2, r1
 8001768:	43d2      	mvns	r2, r2
 800176a:	401a      	ands	r2, r3
 800176c:	0011      	movs	r1, r2
       (((priority << (8U - __NVIC_PRIO_BITS)) & (uint32_t)0xFFUL) << _BIT_SHIFT(IRQn)));
 800176e:	683b      	ldr	r3, [r7, #0]
 8001770:	019b      	lsls	r3, r3, #6
 8001772:	22ff      	movs	r2, #255	; 0xff
 8001774:	401a      	ands	r2, r3
 8001776:	1dfb      	adds	r3, r7, #7
 8001778:	781b      	ldrb	r3, [r3, #0]
 800177a:	0018      	movs	r0, r3
 800177c:	2303      	movs	r3, #3
 800177e:	4003      	ands	r3, r0
 8001780:	00db      	lsls	r3, r3, #3
 8001782:	409a      	lsls	r2, r3
    SCB->SHP[_SHP_IDX(IRQn)] = ((uint32_t)(SCB->SHP[_SHP_IDX(IRQn)] & ~(0xFFUL << _BIT_SHIFT(IRQn))) |
 8001784:	4809      	ldr	r0, [pc, #36]	; (80017ac <__NVIC_SetPriority+0xd8>)
 8001786:	1dfb      	adds	r3, r7, #7
 8001788:	781b      	ldrb	r3, [r3, #0]
 800178a:	001c      	movs	r4, r3
 800178c:	230f      	movs	r3, #15
 800178e:	4023      	ands	r3, r4
 8001790:	3b08      	subs	r3, #8
 8001792:	089b      	lsrs	r3, r3, #2
 8001794:	430a      	orrs	r2, r1
 8001796:	3306      	adds	r3, #6
 8001798:	009b      	lsls	r3, r3, #2
 800179a:	18c3      	adds	r3, r0, r3
 800179c:	3304      	adds	r3, #4
 800179e:	601a      	str	r2, [r3, #0]
}
 80017a0:	46c0      	nop			; (mov r8, r8)
 80017a2:	46bd      	mov	sp, r7
 80017a4:	b003      	add	sp, #12
 80017a6:	bd90      	pop	{r4, r7, pc}
 80017a8:	e000e100 	.word	0xe000e100
 80017ac:	e000ed00 	.word	0xe000ed00

080017b0 <SysTick_Config>:
  \note    When the variable <b>__Vendor_SysTickConfig</b> is set to 1, then the
           function <b>SysTick_Config</b> is not included. In this case, the file <b><i>device</i>.h</b>
           must contain a vendor-specific implementation of this function.
 */
__STATIC_INLINE uint32_t SysTick_Config(uint32_t ticks)
{
 80017b0:	b580      	push	{r7, lr}
 80017b2:	b082      	sub	sp, #8
 80017b4:	af00      	add	r7, sp, #0
 80017b6:	6078      	str	r0, [r7, #4]
  if ((ticks - 1UL) > SysTick_LOAD_RELOAD_Msk)
 80017b8:	687b      	ldr	r3, [r7, #4]
 80017ba:	1e5a      	subs	r2, r3, #1
 80017bc:	2380      	movs	r3, #128	; 0x80
 80017be:	045b      	lsls	r3, r3, #17
 80017c0:	429a      	cmp	r2, r3
 80017c2:	d301      	bcc.n	80017c8 <SysTick_Config+0x18>
  {
    return (1UL);                                                   /* Reload value impossible */
 80017c4:	2301      	movs	r3, #1
 80017c6:	e010      	b.n	80017ea <SysTick_Config+0x3a>
  }

  SysTick->LOAD  = (uint32_t)(ticks - 1UL);                         /* set reload register */
 80017c8:	4b0a      	ldr	r3, [pc, #40]	; (80017f4 <SysTick_Config+0x44>)
 80017ca:	687a      	ldr	r2, [r7, #4]
 80017cc:	3a01      	subs	r2, #1
 80017ce:	605a      	str	r2, [r3, #4]
  NVIC_SetPriority (SysTick_IRQn, (1UL << __NVIC_PRIO_BITS) - 1UL); /* set Priority for Systick Interrupt */
 80017d0:	2301      	movs	r3, #1
 80017d2:	425b      	negs	r3, r3
 80017d4:	2103      	movs	r1, #3
 80017d6:	0018      	movs	r0, r3
 80017d8:	f7ff ff7c 	bl	80016d4 <__NVIC_SetPriority>
  SysTick->VAL   = 0UL;                                             /* Load the SysTick Counter Value */
 80017dc:	4b05      	ldr	r3, [pc, #20]	; (80017f4 <SysTick_Config+0x44>)
 80017de:	2200      	movs	r2, #0
 80017e0:	609a      	str	r2, [r3, #8]
  SysTick->CTRL  = SysTick_CTRL_CLKSOURCE_Msk |
 80017e2:	4b04      	ldr	r3, [pc, #16]	; (80017f4 <SysTick_Config+0x44>)
 80017e4:	2207      	movs	r2, #7
 80017e6:	601a      	str	r2, [r3, #0]
                   SysTick_CTRL_TICKINT_Msk   |
                   SysTick_CTRL_ENABLE_Msk;                         /* Enable SysTick IRQ and SysTick Timer */
  return (0UL);                                                     /* Function successful */
 80017e8:	2300      	movs	r3, #0
}
 80017ea:	0018      	movs	r0, r3
 80017ec:	46bd      	mov	sp, r7
 80017ee:	b002      	add	sp, #8
 80017f0:	bd80      	pop	{r7, pc}
 80017f2:	46c0      	nop			; (mov r8, r8)
 80017f4:	e000e010 	.word	0xe000e010

080017f8 <HAL_NVIC_SetPriority>:
  *         with stm32g0xx devices, this parameter is a dummy value and it is ignored, because
  *         no subpriority supported in Cortex M0+ based products.
  * @retval None
  */
void HAL_NVIC_SetPriority(IRQn_Type IRQn, uint32_t PreemptPriority, uint32_t SubPriority)
{
 80017f8:	b580      	push	{r7, lr}
 80017fa:	b084      	sub	sp, #16
 80017fc:	af00      	add	r7, sp, #0
 80017fe:	60b9      	str	r1, [r7, #8]
 8001800:	607a      	str	r2, [r7, #4]
 8001802:	210f      	movs	r1, #15
 8001804:	187b      	adds	r3, r7, r1
 8001806:	1c02      	adds	r2, r0, #0
 8001808:	701a      	strb	r2, [r3, #0]
  /* Prevent unused argument(s) compilation warning */
  UNUSED(SubPriority);

  /* Check the parameters */
  assert_param(IS_NVIC_PREEMPTION_PRIORITY(PreemptPriority));
  NVIC_SetPriority(IRQn, PreemptPriority);
 800180a:	68ba      	ldr	r2, [r7, #8]
 800180c:	187b      	adds	r3, r7, r1
 800180e:	781b      	ldrb	r3, [r3, #0]
 8001810:	b25b      	sxtb	r3, r3
 8001812:	0011      	movs	r1, r2
 8001814:	0018      	movs	r0, r3
 8001816:	f7ff ff5d 	bl	80016d4 <__NVIC_SetPriority>
}
 800181a:	46c0      	nop			; (mov r8, r8)
 800181c:	46bd      	mov	sp, r7
 800181e:	b004      	add	sp, #16
 8001820:	bd80      	pop	{r7, pc}

08001822 <HAL_NVIC_EnableIRQ>:
  *         This parameter can be an enumerator of IRQn_Type enumeration
  *         (For the complete STM32 Devices IRQ Channels list, please refer to the appropriate CMSIS device file (stm32g0xxxx.h))
  * @retval None
  */
void HAL_NVIC_EnableIRQ(IRQn_Type IRQn)
{
 8001822:	b580      	push	{r7, lr}
 8001824:	b082      	sub	sp, #8
 8001826:	af00      	add	r7, sp, #0
 8001828:	0002      	movs	r2, r0
 800182a:	1dfb      	adds	r3, r7, #7
 800182c:	701a      	strb	r2, [r3, #0]
  /* Check the parameters */
  assert_param(IS_NVIC_DEVICE_IRQ(IRQn));

  /* Enable interrupt */
  NVIC_EnableIRQ(IRQn);
 800182e:	1dfb      	adds	r3, r7, #7
 8001830:	781b      	ldrb	r3, [r3, #0]
 8001832:	b25b      	sxtb	r3, r3
 8001834:	0018      	movs	r0, r3
 8001836:	f7ff ff33 	bl	80016a0 <__NVIC_EnableIRQ>
}
 800183a:	46c0      	nop			; (mov r8, r8)
 800183c:	46bd      	mov	sp, r7
 800183e:	b002      	add	sp, #8
 8001840:	bd80      	pop	{r7, pc}

08001842 <HAL_SYSTICK_Config>:
  * @param  TicksNumb Specifies the ticks Number of ticks between two interrupts.
  * @retval status:  - 0  Function succeeded.
  *                  - 1  Function failed.
  */
uint32_t HAL_SYSTICK_Config(uint32_t TicksNumb)
{
 8001842:	b580      	push	{r7, lr}
 8001844:	b082      	sub	sp, #8
 8001846:	af00      	add	r7, sp, #0
 8001848:	6078      	str	r0, [r7, #4]
  return SysTick_Config(TicksNumb);
 800184a:	687b      	ldr	r3, [r7, #4]
 800184c:	0018      	movs	r0, r3
 800184e:	f7ff ffaf 	bl	80017b0 <SysTick_Config>
 8001852:	0003      	movs	r3, r0
}
 8001854:	0018      	movs	r0, r3
 8001856:	46bd      	mov	sp, r7
 8001858:	b002      	add	sp, #8
 800185a:	bd80      	pop	{r7, pc}

0800185c <HAL_DMA_Init>:
  * @param hdma Pointer to a DMA_HandleTypeDef structure that contains
  *             the configuration information for the specified DMA Channel.
  * @retval HAL status
  */
HAL_StatusTypeDef HAL_DMA_Init(DMA_HandleTypeDef *hdma)
{
 800185c:	b580      	push	{r7, lr}
 800185e:	b082      	sub	sp, #8
 8001860:	af00      	add	r7, sp, #0
 8001862:	6078      	str	r0, [r7, #4]
  /* Check the DMA handle allocation */
  if (hdma == NULL)
 8001864:	687b      	ldr	r3, [r7, #4]
 8001866:	2b00      	cmp	r3, #0
 8001868:	d101      	bne.n	800186e <HAL_DMA_Init+0x12>
  {
    return HAL_ERROR;
 800186a:	2301      	movs	r3, #1
 800186c:	e077      	b.n	800195e <HAL_DMA_Init+0x102>
    /* DMA2 */
    hdma->ChannelIndex = (((uint32_t)hdma->Instance - (uint32_t)DMA2_Channel1) / ((uint32_t)DMA2_Channel2 - (uint32_t)DMA2_Channel1)) << 2U;
    hdma->DmaBaseAddress = DMA2;
  }
#else
  hdma->ChannelIndex = (((uint32_t)hdma->Instance - (uint32_t)DMA1_Channel1) / ((uint32_t)DMA1_Channel2 - (uint32_t)DMA1_Channel1)) << 2U;
 800186e:	687b      	ldr	r3, [r7, #4]
 8001870:	681b      	ldr	r3, [r3, #0]
 8001872:	4a3d      	ldr	r2, [pc, #244]	; (8001968 <HAL_DMA_Init+0x10c>)
 8001874:	4694      	mov	ip, r2
 8001876:	4463      	add	r3, ip
 8001878:	2114      	movs	r1, #20
 800187a:	0018      	movs	r0, r3
 800187c:	f7fe fc1e 	bl	80000bc <__udivsi3>
 8001880:	0003      	movs	r3, r0
 8001882:	009a      	lsls	r2, r3, #2
 8001884:	687b      	ldr	r3, [r7, #4]
 8001886:	641a      	str	r2, [r3, #64]	; 0x40
#endif /* DMA2 */

  /* Change DMA peripheral state */
  hdma->State = HAL_DMA_STATE_BUSY;
 8001888:	687b      	ldr	r3, [r7, #4]
 800188a:	2225      	movs	r2, #37	; 0x25
 800188c:	2102      	movs	r1, #2
 800188e:	5499      	strb	r1, [r3, r2]

  /* Clear PL, MSIZE, PSIZE, MINC, PINC, CIRC, DIR and MEM2MEM bits */
  CLEAR_BIT(hdma->Instance->CCR, (DMA_CCR_PL    | DMA_CCR_MSIZE  | DMA_CCR_PSIZE  | \
 8001890:	687b      	ldr	r3, [r7, #4]
 8001892:	681b      	ldr	r3, [r3, #0]
 8001894:	681a      	ldr	r2, [r3, #0]
 8001896:	687b      	ldr	r3, [r7, #4]
 8001898:	681b      	ldr	r3, [r3, #0]
 800189a:	4934      	ldr	r1, [pc, #208]	; (800196c <HAL_DMA_Init+0x110>)
 800189c:	400a      	ands	r2, r1
 800189e:	601a      	str	r2, [r3, #0]
                                  DMA_CCR_MINC  | DMA_CCR_PINC   | DMA_CCR_CIRC   | \
                                  DMA_CCR_DIR   | DMA_CCR_MEM2MEM));

  /* Set the DMA Channel configuration */
  SET_BIT(hdma->Instance->CCR, (hdma->Init.Direction           |                               \
 80018a0:	687b      	ldr	r3, [r7, #4]
 80018a2:	681b      	ldr	r3, [r3, #0]
 80018a4:	6819      	ldr	r1, [r3, #0]
 80018a6:	687b      	ldr	r3, [r7, #4]
 80018a8:	689a      	ldr	r2, [r3, #8]
 80018aa:	687b      	ldr	r3, [r7, #4]
 80018ac:	68db      	ldr	r3, [r3, #12]
 80018ae:	431a      	orrs	r2, r3
 80018b0:	687b      	ldr	r3, [r7, #4]
 80018b2:	691b      	ldr	r3, [r3, #16]
 80018b4:	431a      	orrs	r2, r3
 80018b6:	687b      	ldr	r3, [r7, #4]
 80018b8:	695b      	ldr	r3, [r3, #20]
 80018ba:	431a      	orrs	r2, r3
 80018bc:	687b      	ldr	r3, [r7, #4]
 80018be:	699b      	ldr	r3, [r3, #24]
 80018c0:	431a      	orrs	r2, r3
 80018c2:	687b      	ldr	r3, [r7, #4]
 80018c4:	69db      	ldr	r3, [r3, #28]
 80018c6:	431a      	orrs	r2, r3
 80018c8:	687b      	ldr	r3, [r7, #4]
 80018ca:	6a1b      	ldr	r3, [r3, #32]
 80018cc:	431a      	orrs	r2, r3
 80018ce:	687b      	ldr	r3, [r7, #4]
 80018d0:	681b      	ldr	r3, [r3, #0]
 80018d2:	430a      	orrs	r2, r1
 80018d4:	601a      	str	r2, [r3, #0]
                                hdma->Init.Mode                | hdma->Init.Priority));

  /* Initialize parameters for DMAMUX channel :
     DMAmuxChannel, DMAmuxChannelStatus and DMAmuxChannelStatusMask
  */
  DMA_CalcDMAMUXChannelBaseAndMask(hdma);
 80018d6:	687b      	ldr	r3, [r7, #4]
 80018d8:	0018      	movs	r0, r3
 80018da:	f000 f8fb 	bl	8001ad4 <DMA_CalcDMAMUXChannelBaseAndMask>

  if (hdma->Init.Direction == DMA_MEMORY_TO_MEMORY)
 80018de:	687b      	ldr	r3, [r7, #4]
 80018e0:	689a      	ldr	r2, [r3, #8]
 80018e2:	2380      	movs	r3, #128	; 0x80
 80018e4:	01db      	lsls	r3, r3, #7
 80018e6:	429a      	cmp	r2, r3
 80018e8:	d102      	bne.n	80018f0 <HAL_DMA_Init+0x94>
  {
    /* if memory to memory force the request to 0*/
    hdma->Init.Request = DMA_REQUEST_MEM2MEM;
 80018ea:	687b      	ldr	r3, [r7, #4]
 80018ec:	2200      	movs	r2, #0
 80018ee:	605a      	str	r2, [r3, #4]
  }

  /* Set peripheral request  to DMAMUX channel */
  hdma->DMAmuxChannel->CCR = (hdma->Init.Request & DMAMUX_CxCR_DMAREQ_ID);
 80018f0:	687b      	ldr	r3, [r7, #4]
 80018f2:	685a      	ldr	r2, [r3, #4]
 80018f4:	687b      	ldr	r3, [r7, #4]
 80018f6:	6c5b      	ldr	r3, [r3, #68]	; 0x44
 80018f8:	213f      	movs	r1, #63	; 0x3f
 80018fa:	400a      	ands	r2, r1
 80018fc:	601a      	str	r2, [r3, #0]

  /* Clear the DMAMUX synchro overrun flag */
  hdma->DMAmuxChannelStatus->CFR = hdma->DMAmuxChannelStatusMask;
 80018fe:	687b      	ldr	r3, [r7, #4]
 8001900:	6c9b      	ldr	r3, [r3, #72]	; 0x48
 8001902:	687a      	ldr	r2, [r7, #4]
 8001904:	6cd2      	ldr	r2, [r2, #76]	; 0x4c
 8001906:	605a      	str	r2, [r3, #4]

  if (((hdma->Init.Request >  0UL) && (hdma->Init.Request <= DMA_REQUEST_GENERATOR3)))
 8001908:	687b      	ldr	r3, [r7, #4]
 800190a:	685b      	ldr	r3, [r3, #4]
 800190c:	2b00      	cmp	r3, #0
 800190e:	d011      	beq.n	8001934 <HAL_DMA_Init+0xd8>
 8001910:	687b      	ldr	r3, [r7, #4]
 8001912:	685b      	ldr	r3, [r3, #4]
 8001914:	2b04      	cmp	r3, #4
 8001916:	d80d      	bhi.n	8001934 <HAL_DMA_Init+0xd8>
  {
    /* Initialize parameters for DMAMUX request generator :
       DMAmuxRequestGen, DMAmuxRequestGenStatus and DMAmuxRequestGenStatusMask
    */
    DMA_CalcDMAMUXRequestGenBaseAndMask(hdma);
 8001918:	687b      	ldr	r3, [r7, #4]
 800191a:	0018      	movs	r0, r3
 800191c:	f000 f906 	bl	8001b2c <DMA_CalcDMAMUXRequestGenBaseAndMask>

    /* Reset the DMAMUX request generator register*/
    hdma->DMAmuxRequestGen->RGCR = 0U;
 8001920:	687b      	ldr	r3, [r7, #4]
 8001922:	6d1b      	ldr	r3, [r3, #80]	; 0x50
 8001924:	2200      	movs	r2, #0
 8001926:	601a      	str	r2, [r3, #0]

    /* Clear the DMAMUX request generator overrun flag */
    hdma->DMAmuxRequestGenStatus->RGCFR = hdma->DMAmuxRequestGenStatusMask;
 8001928:	687b      	ldr	r3, [r7, #4]
 800192a:	6d5b      	ldr	r3, [r3, #84]	; 0x54
 800192c:	687a      	ldr	r2, [r7, #4]
 800192e:	6d92      	ldr	r2, [r2, #88]	; 0x58
 8001930:	605a      	str	r2, [r3, #4]
 8001932:	e008      	b.n	8001946 <HAL_DMA_Init+0xea>
  }
  else
  {
    hdma->DMAmuxRequestGen = 0U;
 8001934:	687b      	ldr	r3, [r7, #4]
 8001936:	2200      	movs	r2, #0
 8001938:	651a      	str	r2, [r3, #80]	; 0x50
    hdma->DMAmuxRequestGenStatus = 0U;
 800193a:	687b      	ldr	r3, [r7, #4]
 800193c:	2200      	movs	r2, #0
 800193e:	655a      	str	r2, [r3, #84]	; 0x54
    hdma->DMAmuxRequestGenStatusMask = 0U;
 8001940:	687b      	ldr	r3, [r7, #4]
 8001942:	2200      	movs	r2, #0
 8001944:	659a      	str	r2, [r3, #88]	; 0x58
  }

  /* Initialize the error code */
  hdma->ErrorCode = HAL_DMA_ERROR_NONE;
 8001946:	687b      	ldr	r3, [r7, #4]
 8001948:	2200      	movs	r2, #0
 800194a:	63da      	str	r2, [r3, #60]	; 0x3c

  /* Initialize the DMA state*/
  hdma->State = HAL_DMA_STATE_READY;
 800194c:	687b      	ldr	r3, [r7, #4]
 800194e:	2225      	movs	r2, #37	; 0x25
 8001950:	2101      	movs	r1, #1
 8001952:	5499      	strb	r1, [r3, r2]

  /* Release Lock */
  __HAL_UNLOCK(hdma);
 8001954:	687b      	ldr	r3, [r7, #4]
 8001956:	2224      	movs	r2, #36	; 0x24
 8001958:	2100      	movs	r1, #0
 800195a:	5499      	strb	r1, [r3, r2]

  return HAL_OK;
 800195c:	2300      	movs	r3, #0
}
 800195e:	0018      	movs	r0, r3
 8001960:	46bd      	mov	sp, r7
 8001962:	b002      	add	sp, #8
 8001964:	bd80      	pop	{r7, pc}
 8001966:	46c0      	nop			; (mov r8, r8)
 8001968:	bffdfff8 	.word	0xbffdfff8
 800196c:	ffff800f 	.word	0xffff800f

08001970 <HAL_DMA_IRQHandler>:
  * @param hdma Pointer to a DMA_HandleTypeDef structure that contains
  *             the configuration information for the specified DMA Channel.
  * @retval None
  */
void HAL_DMA_IRQHandler(DMA_HandleTypeDef *hdma)
{
 8001970:	b580      	push	{r7, lr}
 8001972:	b084      	sub	sp, #16
 8001974:	af00      	add	r7, sp, #0
 8001976:	6078      	str	r0, [r7, #4]
#if defined(DMA2)
  uint32_t flag_it = hdma->DmaBaseAddress->ISR;
#else
  uint32_t flag_it = DMA1->ISR;
 8001978:	4b55      	ldr	r3, [pc, #340]	; (8001ad0 <HAL_DMA_IRQHandler+0x160>)
 800197a:	681b      	ldr	r3, [r3, #0]
 800197c:	60fb      	str	r3, [r7, #12]
#endif /* DMA2 */
  uint32_t source_it = hdma->Instance->CCR;
 800197e:	687b      	ldr	r3, [r7, #4]
 8001980:	681b      	ldr	r3, [r3, #0]
 8001982:	681b      	ldr	r3, [r3, #0]
 8001984:	60bb      	str	r3, [r7, #8]

  /* Half Transfer Complete Interrupt management ******************************/
  if (((flag_it & (DMA_FLAG_HT1 << (hdma->ChannelIndex & 0x1CU))) != 0U) && ((source_it & DMA_IT_HT) != 0U))
 8001986:	687b      	ldr	r3, [r7, #4]
 8001988:	6c1b      	ldr	r3, [r3, #64]	; 0x40
 800198a:	221c      	movs	r2, #28
 800198c:	4013      	ands	r3, r2
 800198e:	2204      	movs	r2, #4
 8001990:	409a      	lsls	r2, r3
 8001992:	0013      	movs	r3, r2
 8001994:	68fa      	ldr	r2, [r7, #12]
 8001996:	4013      	ands	r3, r2
 8001998:	d027      	beq.n	80019ea <HAL_DMA_IRQHandler+0x7a>
 800199a:	68bb      	ldr	r3, [r7, #8]
 800199c:	2204      	movs	r2, #4
 800199e:	4013      	ands	r3, r2
 80019a0:	d023      	beq.n	80019ea <HAL_DMA_IRQHandler+0x7a>
  {
      /* Disable the half transfer interrupt if the DMA mode is not CIRCULAR */
      if ((hdma->Instance->CCR & DMA_CCR_CIRC) == 0U)
 80019a2:	687b      	ldr	r3, [r7, #4]
 80019a4:	681b      	ldr	r3, [r3, #0]
 80019a6:	681b      	ldr	r3, [r3, #0]
 80019a8:	2220      	movs	r2, #32
 80019aa:	4013      	ands	r3, r2
 80019ac:	d107      	bne.n	80019be <HAL_DMA_IRQHandler+0x4e>
      {
        /* Disable the half transfer interrupt */
        __HAL_DMA_DISABLE_IT(hdma, DMA_IT_HT);
 80019ae:	687b      	ldr	r3, [r7, #4]
 80019b0:	681b      	ldr	r3, [r3, #0]
 80019b2:	681a      	ldr	r2, [r3, #0]
 80019b4:	687b      	ldr	r3, [r7, #4]
 80019b6:	681b      	ldr	r3, [r3, #0]
 80019b8:	2104      	movs	r1, #4
 80019ba:	438a      	bics	r2, r1
 80019bc:	601a      	str	r2, [r3, #0]
      }
      /* Clear the half transfer complete flag */
#if defined(DMA2)
      hdma->DmaBaseAddress->IFCR = DMA_ISR_HTIF1 << (hdma->ChannelIndex & 0x1CU);
#else
      __HAL_DMA_CLEAR_FLAG(hdma, (DMA_FLAG_HT1 << (hdma->ChannelIndex & 0x1CU)));
 80019be:	4b44      	ldr	r3, [pc, #272]	; (8001ad0 <HAL_DMA_IRQHandler+0x160>)
 80019c0:	6859      	ldr	r1, [r3, #4]
 80019c2:	687b      	ldr	r3, [r7, #4]
 80019c4:	6c1b      	ldr	r3, [r3, #64]	; 0x40
 80019c6:	221c      	movs	r2, #28
 80019c8:	4013      	ands	r3, r2
 80019ca:	2204      	movs	r2, #4
 80019cc:	409a      	lsls	r2, r3
 80019ce:	4b40      	ldr	r3, [pc, #256]	; (8001ad0 <HAL_DMA_IRQHandler+0x160>)
 80019d0:	430a      	orrs	r2, r1
 80019d2:	605a      	str	r2, [r3, #4]
#endif /* DMA2 */

      /* DMA peripheral state is not updated in Half Transfer */
      /* but in Transfer Complete case */

      if (hdma->XferHalfCpltCallback != NULL)
 80019d4:	687b      	ldr	r3, [r7, #4]
 80019d6:	6b1b      	ldr	r3, [r3, #48]	; 0x30
 80019d8:	2b00      	cmp	r3, #0
 80019da:	d100      	bne.n	80019de <HAL_DMA_IRQHandler+0x6e>
 80019dc:	e073      	b.n	8001ac6 <HAL_DMA_IRQHandler+0x156>
      {
        /* Half transfer callback */
        hdma->XferHalfCpltCallback(hdma);
 80019de:	687b      	ldr	r3, [r7, #4]
 80019e0:	6b1b      	ldr	r3, [r3, #48]	; 0x30
 80019e2:	687a      	ldr	r2, [r7, #4]
 80019e4:	0010      	movs	r0, r2
 80019e6:	4798      	blx	r3
      if (hdma->XferHalfCpltCallback != NULL)
 80019e8:	e06d      	b.n	8001ac6 <HAL_DMA_IRQHandler+0x156>
      }
  }

  /* Transfer Complete Interrupt management ***********************************/
  else if ((0U != (flag_it & (DMA_FLAG_TC1 << (hdma->ChannelIndex & 0x1CU)))) && (0U != (source_it & DMA_IT_TC)))
 80019ea:	687b      	ldr	r3, [r7, #4]
 80019ec:	6c1b      	ldr	r3, [r3, #64]	; 0x40
 80019ee:	221c      	movs	r2, #28
 80019f0:	4013      	ands	r3, r2
 80019f2:	2202      	movs	r2, #2
 80019f4:	409a      	lsls	r2, r3
 80019f6:	0013      	movs	r3, r2
 80019f8:	68fa      	ldr	r2, [r7, #12]
 80019fa:	4013      	ands	r3, r2
 80019fc:	d02e      	beq.n	8001a5c <HAL_DMA_IRQHandler+0xec>
 80019fe:	68bb      	ldr	r3, [r7, #8]
 8001a00:	2202      	movs	r2, #2
 8001a02:	4013      	ands	r3, r2
 8001a04:	d02a      	beq.n	8001a5c <HAL_DMA_IRQHandler+0xec>
  {
      if ((hdma->Instance->CCR & DMA_CCR_CIRC) == 0U)
 8001a06:	687b      	ldr	r3, [r7, #4]
 8001a08:	681b      	ldr	r3, [r3, #0]
 8001a0a:	681b      	ldr	r3, [r3, #0]
 8001a0c:	2220      	movs	r2, #32
 8001a0e:	4013      	ands	r3, r2
 8001a10:	d10b      	bne.n	8001a2a <HAL_DMA_IRQHandler+0xba>
      {
        /* Disable the transfer complete and error interrupt */
        __HAL_DMA_DISABLE_IT(hdma, DMA_IT_TE | DMA_IT_TC);
 8001a12:	687b      	ldr	r3, [r7, #4]
 8001a14:	681b      	ldr	r3, [r3, #0]
 8001a16:	681a      	ldr	r2, [r3, #0]
 8001a18:	687b      	ldr	r3, [r7, #4]
 8001a1a:	681b      	ldr	r3, [r3, #0]
 8001a1c:	210a      	movs	r1, #10
 8001a1e:	438a      	bics	r2, r1
 8001a20:	601a      	str	r2, [r3, #0]

        /* Change the DMA state */
        hdma->State = HAL_DMA_STATE_READY;
 8001a22:	687b      	ldr	r3, [r7, #4]
 8001a24:	2225      	movs	r2, #37	; 0x25
 8001a26:	2101      	movs	r1, #1
 8001a28:	5499      	strb	r1, [r3, r2]
      }
      /* Clear the transfer complete flag */
      __HAL_DMA_CLEAR_FLAG(hdma, (DMA_FLAG_TC1 << (hdma->ChannelIndex & 0x1CU)));
 8001a2a:	4b29      	ldr	r3, [pc, #164]	; (8001ad0 <HAL_DMA_IRQHandler+0x160>)
 8001a2c:	6859      	ldr	r1, [r3, #4]
 8001a2e:	687b      	ldr	r3, [r7, #4]
 8001a30:	6c1b      	ldr	r3, [r3, #64]	; 0x40
 8001a32:	221c      	movs	r2, #28
 8001a34:	4013      	ands	r3, r2
 8001a36:	2202      	movs	r2, #2
 8001a38:	409a      	lsls	r2, r3
 8001a3a:	4b25      	ldr	r3, [pc, #148]	; (8001ad0 <HAL_DMA_IRQHandler+0x160>)
 8001a3c:	430a      	orrs	r2, r1
 8001a3e:	605a      	str	r2, [r3, #4]

      /* Process Unlocked */
      __HAL_UNLOCK(hdma);
 8001a40:	687b      	ldr	r3, [r7, #4]
 8001a42:	2224      	movs	r2, #36	; 0x24
 8001a44:	2100      	movs	r1, #0
 8001a46:	5499      	strb	r1, [r3, r2]

      if (hdma->XferCpltCallback != NULL)
 8001a48:	687b      	ldr	r3, [r7, #4]
 8001a4a:	6adb      	ldr	r3, [r3, #44]	; 0x2c
 8001a4c:	2b00      	cmp	r3, #0
 8001a4e:	d03a      	beq.n	8001ac6 <HAL_DMA_IRQHandler+0x156>
      {
        /* Transfer complete callback */
        hdma->XferCpltCallback(hdma);
 8001a50:	687b      	ldr	r3, [r7, #4]
 8001a52:	6adb      	ldr	r3, [r3, #44]	; 0x2c
 8001a54:	687a      	ldr	r2, [r7, #4]
 8001a56:	0010      	movs	r0, r2
 8001a58:	4798      	blx	r3
      if (hdma->XferCpltCallback != NULL)
 8001a5a:	e034      	b.n	8001ac6 <HAL_DMA_IRQHandler+0x156>
      }
  }

  /* Transfer Error Interrupt management **************************************/
  else if (((flag_it & (DMA_FLAG_TE1 << (hdma->ChannelIndex & 0x1CU))) != 0U) && ((source_it & DMA_IT_TE) != 0U))
 8001a5c:	687b      	ldr	r3, [r7, #4]
 8001a5e:	6c1b      	ldr	r3, [r3, #64]	; 0x40
 8001a60:	221c      	movs	r2, #28
 8001a62:	4013      	ands	r3, r2
 8001a64:	2208      	movs	r2, #8
 8001a66:	409a      	lsls	r2, r3
 8001a68:	0013      	movs	r3, r2
 8001a6a:	68fa      	ldr	r2, [r7, #12]
 8001a6c:	4013      	ands	r3, r2
 8001a6e:	d02b      	beq.n	8001ac8 <HAL_DMA_IRQHandler+0x158>
 8001a70:	68bb      	ldr	r3, [r7, #8]
 8001a72:	2208      	movs	r2, #8
 8001a74:	4013      	ands	r3, r2
 8001a76:	d027      	beq.n	8001ac8 <HAL_DMA_IRQHandler+0x158>
  {
    /* When a DMA transfer error occurs */
    /* A hardware clear of its EN bits is performed */
    /* Disable ALL DMA IT */
    __HAL_DMA_DISABLE_IT(hdma, (DMA_IT_TC | DMA_IT_HT | DMA_IT_TE));
 8001a78:	687b      	ldr	r3, [r7, #4]
 8001a7a:	681b      	ldr	r3, [r3, #0]
 8001a7c:	681a      	ldr	r2, [r3, #0]
 8001a7e:	687b      	ldr	r3, [r7, #4]
 8001a80:	681b      	ldr	r3, [r3, #0]
 8001a82:	210e      	movs	r1, #14
 8001a84:	438a      	bics	r2, r1
 8001a86:	601a      	str	r2, [r3, #0]

    /* Clear all flags */
#if defined(DMA2)
    hdma->DmaBaseAddress->IFCR = (DMA_ISR_GIF1 << (hdma->ChannelIndex & 0x1CU));
#else
    __HAL_DMA_CLEAR_FLAG(hdma, (DMA_FLAG_GI1 << (hdma->ChannelIndex & 0x1CU)));
 8001a88:	4b11      	ldr	r3, [pc, #68]	; (8001ad0 <HAL_DMA_IRQHandler+0x160>)
 8001a8a:	6859      	ldr	r1, [r3, #4]
 8001a8c:	687b      	ldr	r3, [r7, #4]
 8001a8e:	6c1b      	ldr	r3, [r3, #64]	; 0x40
 8001a90:	221c      	movs	r2, #28
 8001a92:	4013      	ands	r3, r2
 8001a94:	2201      	movs	r2, #1
 8001a96:	409a      	lsls	r2, r3
 8001a98:	4b0d      	ldr	r3, [pc, #52]	; (8001ad0 <HAL_DMA_IRQHandler+0x160>)
 8001a9a:	430a      	orrs	r2, r1
 8001a9c:	605a      	str	r2, [r3, #4]
#endif /* DMA2 */

    /* Update error code */
    hdma->ErrorCode = HAL_DMA_ERROR_TE;
 8001a9e:	687b      	ldr	r3, [r7, #4]
 8001aa0:	2201      	movs	r2, #1
 8001aa2:	63da      	str	r2, [r3, #60]	; 0x3c

    /* Change the DMA state */
    hdma->State = HAL_DMA_STATE_READY;
 8001aa4:	687b      	ldr	r3, [r7, #4]
 8001aa6:	2225      	movs	r2, #37	; 0x25
 8001aa8:	2101      	movs	r1, #1
 8001aaa:	5499      	strb	r1, [r3, r2]

    /* Process Unlocked */
    __HAL_UNLOCK(hdma);
 8001aac:	687b      	ldr	r3, [r7, #4]
 8001aae:	2224      	movs	r2, #36	; 0x24
 8001ab0:	2100      	movs	r1, #0
 8001ab2:	5499      	strb	r1, [r3, r2]

    if (hdma->XferErrorCallback != NULL)
 8001ab4:	687b      	ldr	r3, [r7, #4]
 8001ab6:	6b5b      	ldr	r3, [r3, #52]	; 0x34
 8001ab8:	2b00      	cmp	r3, #0
 8001aba:	d005      	beq.n	8001ac8 <HAL_DMA_IRQHandler+0x158>
    {
      /* Transfer error callback */
      hdma->XferErrorCallback(hdma);
 8001abc:	687b      	ldr	r3, [r7, #4]
 8001abe:	6b5b      	ldr	r3, [r3, #52]	; 0x34
 8001ac0:	687a      	ldr	r2, [r7, #4]
 8001ac2:	0010      	movs	r0, r2
 8001ac4:	4798      	blx	r3
  }
  else
  {
    /* Nothing To Do */
  }
  return;
 8001ac6:	46c0      	nop			; (mov r8, r8)
 8001ac8:	46c0      	nop			; (mov r8, r8)
}
 8001aca:	46bd      	mov	sp, r7
 8001acc:	b004      	add	sp, #16
 8001ace:	bd80      	pop	{r7, pc}
 8001ad0:	40020000 	.word	0x40020000

08001ad4 <DMA_CalcDMAMUXChannelBaseAndMask>:
  * @param hdma Pointer to a DMA_HandleTypeDef structure that contains
  *             the configuration information for the specified DMA Channel.
  * @retval None
  */
static void DMA_CalcDMAMUXChannelBaseAndMask(DMA_HandleTypeDef *hdma)
{
 8001ad4:	b580      	push	{r7, lr}
 8001ad6:	b084      	sub	sp, #16
 8001ad8:	af00      	add	r7, sp, #0
 8001ada:	6078      	str	r0, [r7, #4]
    /* Prepare channel_number used for DMAmuxChannelStatusMask computation */
    channel_number = (((((uint32_t)hdma->Instance & 0xFFU) - 8U) / 20U) + 7U);
  }
#else
  /* Associate a DMA Channel to a DMAMUX channel */
  hdma->DMAmuxChannel = (DMAMUX_Channel_TypeDef *)(uint32_t)((uint32_t)DMAMUX1_Channel0 + ((hdma->ChannelIndex >> 2U) * ((uint32_t)DMAMUX1_Channel1 - (uint32_t)DMAMUX1_Channel0)));
 8001adc:	687b      	ldr	r3, [r7, #4]
 8001ade:	6c1b      	ldr	r3, [r3, #64]	; 0x40
 8001ae0:	089b      	lsrs	r3, r3, #2
 8001ae2:	4a10      	ldr	r2, [pc, #64]	; (8001b24 <DMA_CalcDMAMUXChannelBaseAndMask+0x50>)
 8001ae4:	4694      	mov	ip, r2
 8001ae6:	4463      	add	r3, ip
 8001ae8:	009b      	lsls	r3, r3, #2
 8001aea:	001a      	movs	r2, r3
 8001aec:	687b      	ldr	r3, [r7, #4]
 8001aee:	645a      	str	r2, [r3, #68]	; 0x44

  /* Prepare channel_number used for DMAmuxChannelStatusMask computation */
  channel_number = (((uint32_t)hdma->Instance & 0xFFU) - 8U) / 20U;
 8001af0:	687b      	ldr	r3, [r7, #4]
 8001af2:	681b      	ldr	r3, [r3, #0]
 8001af4:	001a      	movs	r2, r3
 8001af6:	23ff      	movs	r3, #255	; 0xff
 8001af8:	4013      	ands	r3, r2
 8001afa:	3b08      	subs	r3, #8
 8001afc:	2114      	movs	r1, #20
 8001afe:	0018      	movs	r0, r3
 8001b00:	f7fe fadc 	bl	80000bc <__udivsi3>
 8001b04:	0003      	movs	r3, r0
 8001b06:	60fb      	str	r3, [r7, #12]
#endif /* DMA2 */

  /* Initialize the field DMAmuxChannelStatus to DMAMUX1_ChannelStatus base */
  hdma->DMAmuxChannelStatus = DMAMUX1_ChannelStatus;
 8001b08:	687b      	ldr	r3, [r7, #4]
 8001b0a:	4a07      	ldr	r2, [pc, #28]	; (8001b28 <DMA_CalcDMAMUXChannelBaseAndMask+0x54>)
 8001b0c:	649a      	str	r2, [r3, #72]	; 0x48

  /* Initialize the field DMAmuxChannelStatusMask with the corresponding index of the DMAMUX channel selected for the current ChannelIndex */
  hdma->DMAmuxChannelStatusMask = 1UL << (channel_number & 0x1FU);
 8001b0e:	68fb      	ldr	r3, [r7, #12]
 8001b10:	221f      	movs	r2, #31
 8001b12:	4013      	ands	r3, r2
 8001b14:	2201      	movs	r2, #1
 8001b16:	409a      	lsls	r2, r3
 8001b18:	687b      	ldr	r3, [r7, #4]
 8001b1a:	64da      	str	r2, [r3, #76]	; 0x4c
}
 8001b1c:	46c0      	nop			; (mov r8, r8)
 8001b1e:	46bd      	mov	sp, r7
 8001b20:	b004      	add	sp, #16
 8001b22:	bd80      	pop	{r7, pc}
 8001b24:	10008200 	.word	0x10008200
 8001b28:	40020880 	.word	0x40020880

08001b2c <DMA_CalcDMAMUXRequestGenBaseAndMask>:
  *             the configuration information for the specified DMA Channel.
  * @retval None
  */

static void DMA_CalcDMAMUXRequestGenBaseAndMask(DMA_HandleTypeDef *hdma)
{
 8001b2c:	b580      	push	{r7, lr}
 8001b2e:	b084      	sub	sp, #16
 8001b30:	af00      	add	r7, sp, #0
 8001b32:	6078      	str	r0, [r7, #4]
  uint32_t request =  hdma->Init.Request & DMAMUX_CxCR_DMAREQ_ID;
 8001b34:	687b      	ldr	r3, [r7, #4]
 8001b36:	685b      	ldr	r3, [r3, #4]
 8001b38:	223f      	movs	r2, #63	; 0x3f
 8001b3a:	4013      	ands	r3, r2
 8001b3c:	60fb      	str	r3, [r7, #12]

  /* DMA Channels are connected to DMAMUX1 request generator blocks*/
  hdma->DMAmuxRequestGen = (DMAMUX_RequestGen_TypeDef *)((uint32_t)(((uint32_t)DMAMUX1_RequestGenerator0) + ((request - 1U) * 4U)));
 8001b3e:	68fb      	ldr	r3, [r7, #12]
 8001b40:	4a0a      	ldr	r2, [pc, #40]	; (8001b6c <DMA_CalcDMAMUXRequestGenBaseAndMask+0x40>)
 8001b42:	4694      	mov	ip, r2
 8001b44:	4463      	add	r3, ip
 8001b46:	009b      	lsls	r3, r3, #2
 8001b48:	001a      	movs	r2, r3
 8001b4a:	687b      	ldr	r3, [r7, #4]
 8001b4c:	651a      	str	r2, [r3, #80]	; 0x50

  hdma->DMAmuxRequestGenStatus = DMAMUX1_RequestGenStatus;
 8001b4e:	687b      	ldr	r3, [r7, #4]
 8001b50:	4a07      	ldr	r2, [pc, #28]	; (8001b70 <DMA_CalcDMAMUXRequestGenBaseAndMask+0x44>)
 8001b52:	655a      	str	r2, [r3, #84]	; 0x54

  /* here "Request" is either DMA_REQUEST_GENERATOR0 to DMA_REQUEST_GENERATOR3, i.e. <= 4*/
  hdma->DMAmuxRequestGenStatusMask = 1UL << ((request - 1U) & 0x3U);
 8001b54:	68fb      	ldr	r3, [r7, #12]
 8001b56:	3b01      	subs	r3, #1
 8001b58:	2203      	movs	r2, #3
 8001b5a:	4013      	ands	r3, r2
 8001b5c:	2201      	movs	r2, #1
 8001b5e:	409a      	lsls	r2, r3
 8001b60:	687b      	ldr	r3, [r7, #4]
 8001b62:	659a      	str	r2, [r3, #88]	; 0x58
}
 8001b64:	46c0      	nop			; (mov r8, r8)
 8001b66:	46bd      	mov	sp, r7
 8001b68:	b004      	add	sp, #16
 8001b6a:	bd80      	pop	{r7, pc}
 8001b6c:	1000823f 	.word	0x1000823f
 8001b70:	40020940 	.word	0x40020940

08001b74 <HAL_GPIO_Init>:
  * @param  GPIO_Init pointer to a GPIO_InitTypeDef structure that contains
  *         the configuration information for the specified GPIO peripheral.
  * @retval None
  */
void HAL_GPIO_Init(GPIO_TypeDef  *GPIOx, GPIO_InitTypeDef *GPIO_Init)
{
 8001b74:	b580      	push	{r7, lr}
 8001b76:	b086      	sub	sp, #24
 8001b78:	af00      	add	r7, sp, #0
 8001b7a:	6078      	str	r0, [r7, #4]
 8001b7c:	6039      	str	r1, [r7, #0]
  uint32_t position = 0x00u;
 8001b7e:	2300      	movs	r3, #0
 8001b80:	617b      	str	r3, [r7, #20]
  assert_param(IS_GPIO_ALL_INSTANCE(GPIOx));
  assert_param(IS_GPIO_PIN(GPIO_Init->Pin));
  assert_param(IS_GPIO_MODE(GPIO_Init->Mode));

  /* Configure the port pins */
  while (((GPIO_Init->Pin) >> position) != 0x00u)
 8001b82:	e147      	b.n	8001e14 <HAL_GPIO_Init+0x2a0>
  {
    /* Get current io position */
    iocurrent = (GPIO_Init->Pin) & (1uL << position);
 8001b84:	683b      	ldr	r3, [r7, #0]
 8001b86:	681b      	ldr	r3, [r3, #0]
 8001b88:	2101      	movs	r1, #1
 8001b8a:	697a      	ldr	r2, [r7, #20]
 8001b8c:	4091      	lsls	r1, r2
 8001b8e:	000a      	movs	r2, r1
 8001b90:	4013      	ands	r3, r2
 8001b92:	60fb      	str	r3, [r7, #12]

    if (iocurrent != 0x00u)
 8001b94:	68fb      	ldr	r3, [r7, #12]
 8001b96:	2b00      	cmp	r3, #0
 8001b98:	d100      	bne.n	8001b9c <HAL_GPIO_Init+0x28>
 8001b9a:	e138      	b.n	8001e0e <HAL_GPIO_Init+0x29a>
    {
      /*--------------------- GPIO Mode Configuration ------------------------*/
      /* In case of Output or Alternate function mode selection */
      if (((GPIO_Init->Mode & GPIO_MODE) == MODE_OUTPUT) || ((GPIO_Init->Mode & GPIO_MODE) == MODE_AF))
 8001b9c:	683b      	ldr	r3, [r7, #0]
 8001b9e:	685b      	ldr	r3, [r3, #4]
 8001ba0:	2203      	movs	r2, #3
 8001ba2:	4013      	ands	r3, r2
 8001ba4:	2b01      	cmp	r3, #1
 8001ba6:	d005      	beq.n	8001bb4 <HAL_GPIO_Init+0x40>
 8001ba8:	683b      	ldr	r3, [r7, #0]
 8001baa:	685b      	ldr	r3, [r3, #4]
 8001bac:	2203      	movs	r2, #3
 8001bae:	4013      	ands	r3, r2
 8001bb0:	2b02      	cmp	r3, #2
 8001bb2:	d130      	bne.n	8001c16 <HAL_GPIO_Init+0xa2>
      {
        /* Check the Speed parameter */
        assert_param(IS_GPIO_SPEED(GPIO_Init->Speed));

        /* Configure the IO Speed */
        temp = GPIOx->OSPEEDR;
 8001bb4:	687b      	ldr	r3, [r7, #4]
 8001bb6:	689b      	ldr	r3, [r3, #8]
 8001bb8:	613b      	str	r3, [r7, #16]
        temp &= ~(GPIO_OSPEEDR_OSPEED0 << (position * 2u));
 8001bba:	697b      	ldr	r3, [r7, #20]
 8001bbc:	005b      	lsls	r3, r3, #1
 8001bbe:	2203      	movs	r2, #3
 8001bc0:	409a      	lsls	r2, r3
 8001bc2:	0013      	movs	r3, r2
 8001bc4:	43da      	mvns	r2, r3
 8001bc6:	693b      	ldr	r3, [r7, #16]
 8001bc8:	4013      	ands	r3, r2
 8001bca:	613b      	str	r3, [r7, #16]
        temp |= (GPIO_Init->Speed << (position * 2u));
 8001bcc:	683b      	ldr	r3, [r7, #0]
 8001bce:	68da      	ldr	r2, [r3, #12]
 8001bd0:	697b      	ldr	r3, [r7, #20]
 8001bd2:	005b      	lsls	r3, r3, #1
 8001bd4:	409a      	lsls	r2, r3
 8001bd6:	0013      	movs	r3, r2
 8001bd8:	693a      	ldr	r2, [r7, #16]
 8001bda:	4313      	orrs	r3, r2
 8001bdc:	613b      	str	r3, [r7, #16]
        GPIOx->OSPEEDR = temp;
 8001bde:	687b      	ldr	r3, [r7, #4]
 8001be0:	693a      	ldr	r2, [r7, #16]
 8001be2:	609a      	str	r2, [r3, #8]

        /* Configure the IO Output Type */
        temp = GPIOx->OTYPER;
 8001be4:	687b      	ldr	r3, [r7, #4]
 8001be6:	685b      	ldr	r3, [r3, #4]
 8001be8:	613b      	str	r3, [r7, #16]
        temp &= ~(GPIO_OTYPER_OT0 << position) ;
 8001bea:	2201      	movs	r2, #1
 8001bec:	697b      	ldr	r3, [r7, #20]
 8001bee:	409a      	lsls	r2, r3
 8001bf0:	0013      	movs	r3, r2
 8001bf2:	43da      	mvns	r2, r3
 8001bf4:	693b      	ldr	r3, [r7, #16]
 8001bf6:	4013      	ands	r3, r2
 8001bf8:	613b      	str	r3, [r7, #16]
        temp |= (((GPIO_Init->Mode & OUTPUT_TYPE) >> OUTPUT_TYPE_Pos) << position);
 8001bfa:	683b      	ldr	r3, [r7, #0]
 8001bfc:	685b      	ldr	r3, [r3, #4]
 8001bfe:	091b      	lsrs	r3, r3, #4
 8001c00:	2201      	movs	r2, #1
 8001c02:	401a      	ands	r2, r3
 8001c04:	697b      	ldr	r3, [r7, #20]
 8001c06:	409a      	lsls	r2, r3
 8001c08:	0013      	movs	r3, r2
 8001c0a:	693a      	ldr	r2, [r7, #16]
 8001c0c:	4313      	orrs	r3, r2
 8001c0e:	613b      	str	r3, [r7, #16]
        GPIOx->OTYPER = temp;
 8001c10:	687b      	ldr	r3, [r7, #4]
 8001c12:	693a      	ldr	r2, [r7, #16]
 8001c14:	605a      	str	r2, [r3, #4]
      }

      if ((GPIO_Init->Mode & GPIO_MODE) != MODE_ANALOG)
 8001c16:	683b      	ldr	r3, [r7, #0]
 8001c18:	685b      	ldr	r3, [r3, #4]
 8001c1a:	2203      	movs	r2, #3
 8001c1c:	4013      	ands	r3, r2
 8001c1e:	2b03      	cmp	r3, #3
 8001c20:	d017      	beq.n	8001c52 <HAL_GPIO_Init+0xde>
      {
        /* Check the Pull parameter */
        assert_param(IS_GPIO_PULL(GPIO_Init->Pull));

        /* Activate the Pull-up or Pull down resistor for the current IO */
        temp = GPIOx->PUPDR;
 8001c22:	687b      	ldr	r3, [r7, #4]
 8001c24:	68db      	ldr	r3, [r3, #12]
 8001c26:	613b      	str	r3, [r7, #16]
        temp &= ~(GPIO_PUPDR_PUPD0 << (position * 2u));
 8001c28:	697b      	ldr	r3, [r7, #20]
 8001c2a:	005b      	lsls	r3, r3, #1
 8001c2c:	2203      	movs	r2, #3
 8001c2e:	409a      	lsls	r2, r3
 8001c30:	0013      	movs	r3, r2
 8001c32:	43da      	mvns	r2, r3
 8001c34:	693b      	ldr	r3, [r7, #16]
 8001c36:	4013      	ands	r3, r2
 8001c38:	613b      	str	r3, [r7, #16]
        temp |= ((GPIO_Init->Pull) << (position * 2u));
 8001c3a:	683b      	ldr	r3, [r7, #0]
 8001c3c:	689a      	ldr	r2, [r3, #8]
 8001c3e:	697b      	ldr	r3, [r7, #20]
 8001c40:	005b      	lsls	r3, r3, #1
 8001c42:	409a      	lsls	r2, r3
 8001c44:	0013      	movs	r3, r2
 8001c46:	693a      	ldr	r2, [r7, #16]
 8001c48:	4313      	orrs	r3, r2
 8001c4a:	613b      	str	r3, [r7, #16]
        GPIOx->PUPDR = temp;
 8001c4c:	687b      	ldr	r3, [r7, #4]
 8001c4e:	693a      	ldr	r2, [r7, #16]
 8001c50:	60da      	str	r2, [r3, #12]
      }

      /* In case of Alternate function mode selection */
      if ((GPIO_Init->Mode & GPIO_MODE) == MODE_AF)
 8001c52:	683b      	ldr	r3, [r7, #0]
 8001c54:	685b      	ldr	r3, [r3, #4]
 8001c56:	2203      	movs	r2, #3
 8001c58:	4013      	ands	r3, r2
 8001c5a:	2b02      	cmp	r3, #2
 8001c5c:	d123      	bne.n	8001ca6 <HAL_GPIO_Init+0x132>
        /* Check the Alternate function parameters */
        assert_param(IS_GPIO_AF_INSTANCE(GPIOx));
        assert_param(IS_GPIO_AF(GPIO_Init->Alternate));

        /* Configure Alternate function mapped with the current IO */
        temp = GPIOx->AFR[position >> 3u];
 8001c5e:	697b      	ldr	r3, [r7, #20]
 8001c60:	08da      	lsrs	r2, r3, #3
 8001c62:	687b      	ldr	r3, [r7, #4]
 8001c64:	3208      	adds	r2, #8
 8001c66:	0092      	lsls	r2, r2, #2
 8001c68:	58d3      	ldr	r3, [r2, r3]
 8001c6a:	613b      	str	r3, [r7, #16]
        temp &= ~(0xFu << ((position & 0x07u) * 4u));
 8001c6c:	697b      	ldr	r3, [r7, #20]
 8001c6e:	2207      	movs	r2, #7
 8001c70:	4013      	ands	r3, r2
 8001c72:	009b      	lsls	r3, r3, #2
 8001c74:	220f      	movs	r2, #15
 8001c76:	409a      	lsls	r2, r3
 8001c78:	0013      	movs	r3, r2
 8001c7a:	43da      	mvns	r2, r3
 8001c7c:	693b      	ldr	r3, [r7, #16]
 8001c7e:	4013      	ands	r3, r2
 8001c80:	613b      	str	r3, [r7, #16]
        temp |= ((GPIO_Init->Alternate) << ((position & 0x07u) * 4u));
 8001c82:	683b      	ldr	r3, [r7, #0]
 8001c84:	691a      	ldr	r2, [r3, #16]
 8001c86:	697b      	ldr	r3, [r7, #20]
 8001c88:	2107      	movs	r1, #7
 8001c8a:	400b      	ands	r3, r1
 8001c8c:	009b      	lsls	r3, r3, #2
 8001c8e:	409a      	lsls	r2, r3
 8001c90:	0013      	movs	r3, r2
 8001c92:	693a      	ldr	r2, [r7, #16]
 8001c94:	4313      	orrs	r3, r2
 8001c96:	613b      	str	r3, [r7, #16]
        GPIOx->AFR[position >> 3u] = temp;
 8001c98:	697b      	ldr	r3, [r7, #20]
 8001c9a:	08da      	lsrs	r2, r3, #3
 8001c9c:	687b      	ldr	r3, [r7, #4]
 8001c9e:	3208      	adds	r2, #8
 8001ca0:	0092      	lsls	r2, r2, #2
 8001ca2:	6939      	ldr	r1, [r7, #16]
 8001ca4:	50d1      	str	r1, [r2, r3]
      }

      /* Configure IO Direction mode (Input, Output, Alternate or Analog) */
      temp = GPIOx->MODER;
 8001ca6:	687b      	ldr	r3, [r7, #4]
 8001ca8:	681b      	ldr	r3, [r3, #0]
 8001caa:	613b      	str	r3, [r7, #16]
      temp &= ~(GPIO_MODER_MODE0 << (position * 2u));
 8001cac:	697b      	ldr	r3, [r7, #20]
 8001cae:	005b      	lsls	r3, r3, #1
 8001cb0:	2203      	movs	r2, #3
 8001cb2:	409a      	lsls	r2, r3
 8001cb4:	0013      	movs	r3, r2
 8001cb6:	43da      	mvns	r2, r3
 8001cb8:	693b      	ldr	r3, [r7, #16]
 8001cba:	4013      	ands	r3, r2
 8001cbc:	613b      	str	r3, [r7, #16]
      temp |= ((GPIO_Init->Mode & GPIO_MODE) << (position * 2u));
 8001cbe:	683b      	ldr	r3, [r7, #0]
 8001cc0:	685b      	ldr	r3, [r3, #4]
 8001cc2:	2203      	movs	r2, #3
 8001cc4:	401a      	ands	r2, r3
 8001cc6:	697b      	ldr	r3, [r7, #20]
 8001cc8:	005b      	lsls	r3, r3, #1
 8001cca:	409a      	lsls	r2, r3
 8001ccc:	0013      	movs	r3, r2
 8001cce:	693a      	ldr	r2, [r7, #16]
 8001cd0:	4313      	orrs	r3, r2
 8001cd2:	613b      	str	r3, [r7, #16]
      GPIOx->MODER = temp;
 8001cd4:	687b      	ldr	r3, [r7, #4]
 8001cd6:	693a      	ldr	r2, [r7, #16]
 8001cd8:	601a      	str	r2, [r3, #0]

      /*--------------------- EXTI Mode Configuration ------------------------*/
      /* Configure the External Interrupt or event for the current IO */
      if ((GPIO_Init->Mode & EXTI_MODE) != 0x00u)
 8001cda:	683b      	ldr	r3, [r7, #0]
 8001cdc:	685a      	ldr	r2, [r3, #4]
 8001cde:	23c0      	movs	r3, #192	; 0xc0
 8001ce0:	029b      	lsls	r3, r3, #10
 8001ce2:	4013      	ands	r3, r2
 8001ce4:	d100      	bne.n	8001ce8 <HAL_GPIO_Init+0x174>
 8001ce6:	e092      	b.n	8001e0e <HAL_GPIO_Init+0x29a>
      {
        temp = EXTI->EXTICR[position >> 2u];
 8001ce8:	4a50      	ldr	r2, [pc, #320]	; (8001e2c <HAL_GPIO_Init+0x2b8>)
 8001cea:	697b      	ldr	r3, [r7, #20]
 8001cec:	089b      	lsrs	r3, r3, #2
 8001cee:	3318      	adds	r3, #24
 8001cf0:	009b      	lsls	r3, r3, #2
 8001cf2:	589b      	ldr	r3, [r3, r2]
 8001cf4:	613b      	str	r3, [r7, #16]
        temp &= ~(0x0FuL << (8u * (position & 0x03u)));
 8001cf6:	697b      	ldr	r3, [r7, #20]
 8001cf8:	2203      	movs	r2, #3
 8001cfa:	4013      	ands	r3, r2
 8001cfc:	00db      	lsls	r3, r3, #3
 8001cfe:	220f      	movs	r2, #15
 8001d00:	409a      	lsls	r2, r3
 8001d02:	0013      	movs	r3, r2
 8001d04:	43da      	mvns	r2, r3
 8001d06:	693b      	ldr	r3, [r7, #16]
 8001d08:	4013      	ands	r3, r2
 8001d0a:	613b      	str	r3, [r7, #16]
        temp |= (GPIO_GET_INDEX(GPIOx) << (8u * (position & 0x03u)));
 8001d0c:	687a      	ldr	r2, [r7, #4]
 8001d0e:	23a0      	movs	r3, #160	; 0xa0
 8001d10:	05db      	lsls	r3, r3, #23
 8001d12:	429a      	cmp	r2, r3
 8001d14:	d013      	beq.n	8001d3e <HAL_GPIO_Init+0x1ca>
 8001d16:	687b      	ldr	r3, [r7, #4]
 8001d18:	4a45      	ldr	r2, [pc, #276]	; (8001e30 <HAL_GPIO_Init+0x2bc>)
 8001d1a:	4293      	cmp	r3, r2
 8001d1c:	d00d      	beq.n	8001d3a <HAL_GPIO_Init+0x1c6>
 8001d1e:	687b      	ldr	r3, [r7, #4]
 8001d20:	4a44      	ldr	r2, [pc, #272]	; (8001e34 <HAL_GPIO_Init+0x2c0>)
 8001d22:	4293      	cmp	r3, r2
 8001d24:	d007      	beq.n	8001d36 <HAL_GPIO_Init+0x1c2>
 8001d26:	687b      	ldr	r3, [r7, #4]
 8001d28:	4a43      	ldr	r2, [pc, #268]	; (8001e38 <HAL_GPIO_Init+0x2c4>)
 8001d2a:	4293      	cmp	r3, r2
 8001d2c:	d101      	bne.n	8001d32 <HAL_GPIO_Init+0x1be>
 8001d2e:	2303      	movs	r3, #3
 8001d30:	e006      	b.n	8001d40 <HAL_GPIO_Init+0x1cc>
 8001d32:	2305      	movs	r3, #5
 8001d34:	e004      	b.n	8001d40 <HAL_GPIO_Init+0x1cc>
 8001d36:	2302      	movs	r3, #2
 8001d38:	e002      	b.n	8001d40 <HAL_GPIO_Init+0x1cc>
 8001d3a:	2301      	movs	r3, #1
 8001d3c:	e000      	b.n	8001d40 <HAL_GPIO_Init+0x1cc>
 8001d3e:	2300      	movs	r3, #0
 8001d40:	697a      	ldr	r2, [r7, #20]
 8001d42:	2103      	movs	r1, #3
 8001d44:	400a      	ands	r2, r1
 8001d46:	00d2      	lsls	r2, r2, #3
 8001d48:	4093      	lsls	r3, r2
 8001d4a:	693a      	ldr	r2, [r7, #16]
 8001d4c:	4313      	orrs	r3, r2
 8001d4e:	613b      	str	r3, [r7, #16]
        EXTI->EXTICR[position >> 2u] = temp;
 8001d50:	4936      	ldr	r1, [pc, #216]	; (8001e2c <HAL_GPIO_Init+0x2b8>)
 8001d52:	697b      	ldr	r3, [r7, #20]
 8001d54:	089b      	lsrs	r3, r3, #2
 8001d56:	3318      	adds	r3, #24
 8001d58:	009b      	lsls	r3, r3, #2
 8001d5a:	693a      	ldr	r2, [r7, #16]
 8001d5c:	505a      	str	r2, [r3, r1]

        /* Clear Rising Falling edge configuration */
        temp = EXTI->RTSR1;
 8001d5e:	4b33      	ldr	r3, [pc, #204]	; (8001e2c <HAL_GPIO_Init+0x2b8>)
 8001d60:	681b      	ldr	r3, [r3, #0]
 8001d62:	613b      	str	r3, [r7, #16]
        temp &= ~(iocurrent);
 8001d64:	68fb      	ldr	r3, [r7, #12]
 8001d66:	43da      	mvns	r2, r3
 8001d68:	693b      	ldr	r3, [r7, #16]
 8001d6a:	4013      	ands	r3, r2
 8001d6c:	613b      	str	r3, [r7, #16]
        if ((GPIO_Init->Mode & TRIGGER_RISING) != 0x00u)
 8001d6e:	683b      	ldr	r3, [r7, #0]
 8001d70:	685a      	ldr	r2, [r3, #4]
 8001d72:	2380      	movs	r3, #128	; 0x80
 8001d74:	035b      	lsls	r3, r3, #13
 8001d76:	4013      	ands	r3, r2
 8001d78:	d003      	beq.n	8001d82 <HAL_GPIO_Init+0x20e>
        {
          temp |= iocurrent;
 8001d7a:	693a      	ldr	r2, [r7, #16]
 8001d7c:	68fb      	ldr	r3, [r7, #12]
 8001d7e:	4313      	orrs	r3, r2
 8001d80:	613b      	str	r3, [r7, #16]
        }
        EXTI->RTSR1 = temp;
 8001d82:	4b2a      	ldr	r3, [pc, #168]	; (8001e2c <HAL_GPIO_Init+0x2b8>)
 8001d84:	693a      	ldr	r2, [r7, #16]
 8001d86:	601a      	str	r2, [r3, #0]

        temp = EXTI->FTSR1;
 8001d88:	4b28      	ldr	r3, [pc, #160]	; (8001e2c <HAL_GPIO_Init+0x2b8>)
 8001d8a:	685b      	ldr	r3, [r3, #4]
 8001d8c:	613b      	str	r3, [r7, #16]
        temp &= ~(iocurrent);
 8001d8e:	68fb      	ldr	r3, [r7, #12]
 8001d90:	43da      	mvns	r2, r3
 8001d92:	693b      	ldr	r3, [r7, #16]
 8001d94:	4013      	ands	r3, r2
 8001d96:	613b      	str	r3, [r7, #16]
        if ((GPIO_Init->Mode & TRIGGER_FALLING) != 0x00u)
 8001d98:	683b      	ldr	r3, [r7, #0]
 8001d9a:	685a      	ldr	r2, [r3, #4]
 8001d9c:	2380      	movs	r3, #128	; 0x80
 8001d9e:	039b      	lsls	r3, r3, #14
 8001da0:	4013      	ands	r3, r2
 8001da2:	d003      	beq.n	8001dac <HAL_GPIO_Init+0x238>
        {
          temp |= iocurrent;
 8001da4:	693a      	ldr	r2, [r7, #16]
 8001da6:	68fb      	ldr	r3, [r7, #12]
 8001da8:	4313      	orrs	r3, r2
 8001daa:	613b      	str	r3, [r7, #16]
        }
        EXTI->FTSR1 = temp;
 8001dac:	4b1f      	ldr	r3, [pc, #124]	; (8001e2c <HAL_GPIO_Init+0x2b8>)
 8001dae:	693a      	ldr	r2, [r7, #16]
 8001db0:	605a      	str	r2, [r3, #4]

        /* Clear EXTI line configuration */
        temp = EXTI->EMR1;
 8001db2:	4a1e      	ldr	r2, [pc, #120]	; (8001e2c <HAL_GPIO_Init+0x2b8>)
 8001db4:	2384      	movs	r3, #132	; 0x84
 8001db6:	58d3      	ldr	r3, [r2, r3]
 8001db8:	613b      	str	r3, [r7, #16]
        temp &= ~(iocurrent);
 8001dba:	68fb      	ldr	r3, [r7, #12]
 8001dbc:	43da      	mvns	r2, r3
 8001dbe:	693b      	ldr	r3, [r7, #16]
 8001dc0:	4013      	ands	r3, r2
 8001dc2:	613b      	str	r3, [r7, #16]
        if ((GPIO_Init->Mode & EXTI_EVT) != 0x00u)
 8001dc4:	683b      	ldr	r3, [r7, #0]
 8001dc6:	685a      	ldr	r2, [r3, #4]
 8001dc8:	2380      	movs	r3, #128	; 0x80
 8001dca:	029b      	lsls	r3, r3, #10
 8001dcc:	4013      	ands	r3, r2
 8001dce:	d003      	beq.n	8001dd8 <HAL_GPIO_Init+0x264>
        {
          temp |= iocurrent;
 8001dd0:	693a      	ldr	r2, [r7, #16]
 8001dd2:	68fb      	ldr	r3, [r7, #12]
 8001dd4:	4313      	orrs	r3, r2
 8001dd6:	613b      	str	r3, [r7, #16]
        }
        EXTI->EMR1 = temp;
 8001dd8:	4914      	ldr	r1, [pc, #80]	; (8001e2c <HAL_GPIO_Init+0x2b8>)
 8001dda:	2284      	movs	r2, #132	; 0x84
 8001ddc:	693b      	ldr	r3, [r7, #16]
 8001dde:	508b      	str	r3, [r1, r2]

        temp = EXTI->IMR1;
 8001de0:	4a12      	ldr	r2, [pc, #72]	; (8001e2c <HAL_GPIO_Init+0x2b8>)
 8001de2:	2380      	movs	r3, #128	; 0x80
 8001de4:	58d3      	ldr	r3, [r2, r3]
 8001de6:	613b      	str	r3, [r7, #16]
        temp &= ~(iocurrent);
 8001de8:	68fb      	ldr	r3, [r7, #12]
 8001dea:	43da      	mvns	r2, r3
 8001dec:	693b      	ldr	r3, [r7, #16]
 8001dee:	4013      	ands	r3, r2
 8001df0:	613b      	str	r3, [r7, #16]
        if ((GPIO_Init->Mode & EXTI_IT) != 0x00u)
 8001df2:	683b      	ldr	r3, [r7, #0]
 8001df4:	685a      	ldr	r2, [r3, #4]
 8001df6:	2380      	movs	r3, #128	; 0x80
 8001df8:	025b      	lsls	r3, r3, #9
 8001dfa:	4013      	ands	r3, r2
 8001dfc:	d003      	beq.n	8001e06 <HAL_GPIO_Init+0x292>
        {
          temp |= iocurrent;
 8001dfe:	693a      	ldr	r2, [r7, #16]
 8001e00:	68fb      	ldr	r3, [r7, #12]
 8001e02:	4313      	orrs	r3, r2
 8001e04:	613b      	str	r3, [r7, #16]
        }
        EXTI->IMR1 = temp;
 8001e06:	4909      	ldr	r1, [pc, #36]	; (8001e2c <HAL_GPIO_Init+0x2b8>)
 8001e08:	2280      	movs	r2, #128	; 0x80
 8001e0a:	693b      	ldr	r3, [r7, #16]
 8001e0c:	508b      	str	r3, [r1, r2]
      }
    }

    position++;
 8001e0e:	697b      	ldr	r3, [r7, #20]
 8001e10:	3301      	adds	r3, #1
 8001e12:	617b      	str	r3, [r7, #20]
  while (((GPIO_Init->Pin) >> position) != 0x00u)
 8001e14:	683b      	ldr	r3, [r7, #0]
 8001e16:	681a      	ldr	r2, [r3, #0]
 8001e18:	697b      	ldr	r3, [r7, #20]
 8001e1a:	40da      	lsrs	r2, r3
 8001e1c:	1e13      	subs	r3, r2, #0
 8001e1e:	d000      	beq.n	8001e22 <HAL_GPIO_Init+0x2ae>
 8001e20:	e6b0      	b.n	8001b84 <HAL_GPIO_Init+0x10>
  }
}
 8001e22:	46c0      	nop			; (mov r8, r8)
 8001e24:	46c0      	nop			; (mov r8, r8)
 8001e26:	46bd      	mov	sp, r7
 8001e28:	b006      	add	sp, #24
 8001e2a:	bd80      	pop	{r7, pc}
 8001e2c:	40021800 	.word	0x40021800
 8001e30:	50000400 	.word	0x50000400
 8001e34:	50000800 	.word	0x50000800
 8001e38:	50000c00 	.word	0x50000c00

08001e3c <HAL_GPIO_WritePin>:
  *            @arg GPIO_PIN_RESET: to clear the port pin
  *            @arg GPIO_PIN_SET: to set the port pin
  * @retval None
  */
void HAL_GPIO_WritePin(GPIO_TypeDef *GPIOx, uint16_t GPIO_Pin, GPIO_PinState PinState)
{
 8001e3c:	b580      	push	{r7, lr}
 8001e3e:	b082      	sub	sp, #8
 8001e40:	af00      	add	r7, sp, #0
 8001e42:	6078      	str	r0, [r7, #4]
 8001e44:	0008      	movs	r0, r1
 8001e46:	0011      	movs	r1, r2
 8001e48:	1cbb      	adds	r3, r7, #2
 8001e4a:	1c02      	adds	r2, r0, #0
 8001e4c:	801a      	strh	r2, [r3, #0]
 8001e4e:	1c7b      	adds	r3, r7, #1
 8001e50:	1c0a      	adds	r2, r1, #0
 8001e52:	701a      	strb	r2, [r3, #0]
  /* Check the parameters */
  assert_param(IS_GPIO_PIN(GPIO_Pin));
  assert_param(IS_GPIO_PIN_ACTION(PinState));

  if (PinState != GPIO_PIN_RESET)
 8001e54:	1c7b      	adds	r3, r7, #1
 8001e56:	781b      	ldrb	r3, [r3, #0]
 8001e58:	2b00      	cmp	r3, #0
 8001e5a:	d004      	beq.n	8001e66 <HAL_GPIO_WritePin+0x2a>
  {
    GPIOx->BSRR = (uint32_t)GPIO_Pin;
 8001e5c:	1cbb      	adds	r3, r7, #2
 8001e5e:	881a      	ldrh	r2, [r3, #0]
 8001e60:	687b      	ldr	r3, [r7, #4]
 8001e62:	619a      	str	r2, [r3, #24]
  }
  else
  {
    GPIOx->BRR = (uint32_t)GPIO_Pin;
  }
}
 8001e64:	e003      	b.n	8001e6e <HAL_GPIO_WritePin+0x32>
    GPIOx->BRR = (uint32_t)GPIO_Pin;
 8001e66:	1cbb      	adds	r3, r7, #2
 8001e68:	881a      	ldrh	r2, [r3, #0]
 8001e6a:	687b      	ldr	r3, [r7, #4]
 8001e6c:	629a      	str	r2, [r3, #40]	; 0x28
}
 8001e6e:	46c0      	nop			; (mov r8, r8)
 8001e70:	46bd      	mov	sp, r7
 8001e72:	b002      	add	sp, #8
 8001e74:	bd80      	pop	{r7, pc}
	...

08001e78 <HAL_PWREx_ControlVoltageScaling>:
  *        cleared before returning the status. If the flag is not cleared within
  *        6 microseconds, HAL_TIMEOUT status is reported.
  * @retval HAL Status
  */
HAL_StatusTypeDef HAL_PWREx_ControlVoltageScaling(uint32_t VoltageScaling)
{
 8001e78:	b580      	push	{r7, lr}
 8001e7a:	b084      	sub	sp, #16
 8001e7c:	af00      	add	r7, sp, #0
 8001e7e:	6078      	str	r0, [r7, #4]
  uint32_t wait_loop_index;

  assert_param(IS_PWR_VOLTAGE_SCALING_RANGE(VoltageScaling));

  /* Modify voltage scaling range */
  MODIFY_REG(PWR->CR1, PWR_CR1_VOS, VoltageScaling);
 8001e80:	4b19      	ldr	r3, [pc, #100]	; (8001ee8 <HAL_PWREx_ControlVoltageScaling+0x70>)
 8001e82:	681b      	ldr	r3, [r3, #0]
 8001e84:	4a19      	ldr	r2, [pc, #100]	; (8001eec <HAL_PWREx_ControlVoltageScaling+0x74>)
 8001e86:	4013      	ands	r3, r2
 8001e88:	0019      	movs	r1, r3
 8001e8a:	4b17      	ldr	r3, [pc, #92]	; (8001ee8 <HAL_PWREx_ControlVoltageScaling+0x70>)
 8001e8c:	687a      	ldr	r2, [r7, #4]
 8001e8e:	430a      	orrs	r2, r1
 8001e90:	601a      	str	r2, [r3, #0]

  /* In case of Range 1 selected, we need to ensure that main regulator reaches new value */
  if (VoltageScaling == PWR_REGULATOR_VOLTAGE_SCALE1)
 8001e92:	687a      	ldr	r2, [r7, #4]
 8001e94:	2380      	movs	r3, #128	; 0x80
 8001e96:	009b      	lsls	r3, r3, #2
 8001e98:	429a      	cmp	r2, r3
 8001e9a:	d11f      	bne.n	8001edc <HAL_PWREx_ControlVoltageScaling+0x64>
  {
    /* Set timeout value */
    wait_loop_index = ((PWR_VOSF_SETTING_DELAY_6_US * SystemCoreClock) / 1000000U) + 1U;
 8001e9c:	4b14      	ldr	r3, [pc, #80]	; (8001ef0 <HAL_PWREx_ControlVoltageScaling+0x78>)
 8001e9e:	681a      	ldr	r2, [r3, #0]
 8001ea0:	0013      	movs	r3, r2
 8001ea2:	005b      	lsls	r3, r3, #1
 8001ea4:	189b      	adds	r3, r3, r2
 8001ea6:	005b      	lsls	r3, r3, #1
 8001ea8:	4912      	ldr	r1, [pc, #72]	; (8001ef4 <HAL_PWREx_ControlVoltageScaling+0x7c>)
 8001eaa:	0018      	movs	r0, r3
 8001eac:	f7fe f906 	bl	80000bc <__udivsi3>
 8001eb0:	0003      	movs	r3, r0
 8001eb2:	3301      	adds	r3, #1
 8001eb4:	60fb      	str	r3, [r7, #12]

    /* Wait until VOSF is reset */
    while (HAL_IS_BIT_SET(PWR->SR2, PWR_SR2_VOSF))
 8001eb6:	e008      	b.n	8001eca <HAL_PWREx_ControlVoltageScaling+0x52>
    {
      if (wait_loop_index != 0U)
 8001eb8:	68fb      	ldr	r3, [r7, #12]
 8001eba:	2b00      	cmp	r3, #0
 8001ebc:	d003      	beq.n	8001ec6 <HAL_PWREx_ControlVoltageScaling+0x4e>
      {
        wait_loop_index--;
 8001ebe:	68fb      	ldr	r3, [r7, #12]
 8001ec0:	3b01      	subs	r3, #1
 8001ec2:	60fb      	str	r3, [r7, #12]
 8001ec4:	e001      	b.n	8001eca <HAL_PWREx_ControlVoltageScaling+0x52>
      }
      else
      {
        return HAL_TIMEOUT;
 8001ec6:	2303      	movs	r3, #3
 8001ec8:	e009      	b.n	8001ede <HAL_PWREx_ControlVoltageScaling+0x66>
    while (HAL_IS_BIT_SET(PWR->SR2, PWR_SR2_VOSF))
 8001eca:	4b07      	ldr	r3, [pc, #28]	; (8001ee8 <HAL_PWREx_ControlVoltageScaling+0x70>)
 8001ecc:	695a      	ldr	r2, [r3, #20]
 8001ece:	2380      	movs	r3, #128	; 0x80
 8001ed0:	00db      	lsls	r3, r3, #3
 8001ed2:	401a      	ands	r2, r3
 8001ed4:	2380      	movs	r3, #128	; 0x80
 8001ed6:	00db      	lsls	r3, r3, #3
 8001ed8:	429a      	cmp	r2, r3
 8001eda:	d0ed      	beq.n	8001eb8 <HAL_PWREx_ControlVoltageScaling+0x40>
      }
    }
  }

  return HAL_OK;
 8001edc:	2300      	movs	r3, #0
}
 8001ede:	0018      	movs	r0, r3
 8001ee0:	46bd      	mov	sp, r7
 8001ee2:	b004      	add	sp, #16
 8001ee4:	bd80      	pop	{r7, pc}
 8001ee6:	46c0      	nop			; (mov r8, r8)
 8001ee8:	40007000 	.word	0x40007000
 8001eec:	fffff9ff 	.word	0xfffff9ff
 8001ef0:	20000000 	.word	0x20000000
 8001ef4:	000f4240 	.word	0x000f4240

08001ef8 <HAL_RCC_OscConfig>:
  *         supported by this function. User should request a transition to LSE Off
  *         first and then to LSE On or LSE Bypass.
  * @retval HAL status
  */
HAL_StatusTypeDef HAL_RCC_OscConfig(RCC_OscInitTypeDef  *RCC_OscInitStruct)
{
 8001ef8:	b580      	push	{r7, lr}
 8001efa:	b088      	sub	sp, #32
 8001efc:	af00      	add	r7, sp, #0
 8001efe:	6078      	str	r0, [r7, #4]
  uint32_t tickstart;
  uint32_t temp_sysclksrc;
  uint32_t temp_pllckcfg;

  /* Check Null pointer */
  if (RCC_OscInitStruct == NULL)
 8001f00:	687b      	ldr	r3, [r7, #4]
 8001f02:	2b00      	cmp	r3, #0
 8001f04:	d101      	bne.n	8001f0a <HAL_RCC_OscConfig+0x12>
  {
    return HAL_ERROR;
 8001f06:	2301      	movs	r3, #1
 8001f08:	e2fe      	b.n	8002508 <HAL_RCC_OscConfig+0x610>

  /* Check the parameters */
  assert_param(IS_RCC_OSCILLATORTYPE(RCC_OscInitStruct->OscillatorType));

  /*------------------------------- HSE Configuration ------------------------*/
  if (((RCC_OscInitStruct->OscillatorType) & RCC_OSCILLATORTYPE_HSE) == RCC_OSCILLATORTYPE_HSE)
 8001f0a:	687b      	ldr	r3, [r7, #4]
 8001f0c:	681b      	ldr	r3, [r3, #0]
 8001f0e:	2201      	movs	r2, #1
 8001f10:	4013      	ands	r3, r2
 8001f12:	d100      	bne.n	8001f16 <HAL_RCC_OscConfig+0x1e>
 8001f14:	e07c      	b.n	8002010 <HAL_RCC_OscConfig+0x118>
  {
    /* Check the parameters */
    assert_param(IS_RCC_HSE(RCC_OscInitStruct->HSEState));

    temp_sysclksrc = __HAL_RCC_GET_SYSCLK_SOURCE();
 8001f16:	4bc3      	ldr	r3, [pc, #780]	; (8002224 <HAL_RCC_OscConfig+0x32c>)
 8001f18:	689b      	ldr	r3, [r3, #8]
 8001f1a:	2238      	movs	r2, #56	; 0x38
 8001f1c:	4013      	ands	r3, r2
 8001f1e:	61bb      	str	r3, [r7, #24]
    temp_pllckcfg = __HAL_RCC_GET_PLL_OSCSOURCE();
 8001f20:	4bc0      	ldr	r3, [pc, #768]	; (8002224 <HAL_RCC_OscConfig+0x32c>)
 8001f22:	68db      	ldr	r3, [r3, #12]
 8001f24:	2203      	movs	r2, #3
 8001f26:	4013      	ands	r3, r2
 8001f28:	617b      	str	r3, [r7, #20]

    /* When the HSE is used as system clock or clock source for PLL in these cases it is not allowed to be disabled */
    if (((temp_sysclksrc == RCC_SYSCLKSOURCE_STATUS_PLLCLK) && (temp_pllckcfg == RCC_PLLSOURCE_HSE))
 8001f2a:	69bb      	ldr	r3, [r7, #24]
 8001f2c:	2b10      	cmp	r3, #16
 8001f2e:	d102      	bne.n	8001f36 <HAL_RCC_OscConfig+0x3e>
 8001f30:	697b      	ldr	r3, [r7, #20]
 8001f32:	2b03      	cmp	r3, #3
 8001f34:	d002      	beq.n	8001f3c <HAL_RCC_OscConfig+0x44>
        || (temp_sysclksrc == RCC_SYSCLKSOURCE_STATUS_HSE))
 8001f36:	69bb      	ldr	r3, [r7, #24]
 8001f38:	2b08      	cmp	r3, #8
 8001f3a:	d10b      	bne.n	8001f54 <HAL_RCC_OscConfig+0x5c>
    {
      if ((READ_BIT(RCC->CR, RCC_CR_HSERDY) != 0U) && (RCC_OscInitStruct->HSEState == RCC_HSE_OFF))
 8001f3c:	4bb9      	ldr	r3, [pc, #740]	; (8002224 <HAL_RCC_OscConfig+0x32c>)
 8001f3e:	681a      	ldr	r2, [r3, #0]
 8001f40:	2380      	movs	r3, #128	; 0x80
 8001f42:	029b      	lsls	r3, r3, #10
 8001f44:	4013      	ands	r3, r2
 8001f46:	d062      	beq.n	800200e <HAL_RCC_OscConfig+0x116>
 8001f48:	687b      	ldr	r3, [r7, #4]
 8001f4a:	685b      	ldr	r3, [r3, #4]
 8001f4c:	2b00      	cmp	r3, #0
 8001f4e:	d15e      	bne.n	800200e <HAL_RCC_OscConfig+0x116>
      {
        return HAL_ERROR;
 8001f50:	2301      	movs	r3, #1
 8001f52:	e2d9      	b.n	8002508 <HAL_RCC_OscConfig+0x610>
      }
    }
    else
    {
      /* Set the new HSE configuration ---------------------------------------*/
      __HAL_RCC_HSE_CONFIG(RCC_OscInitStruct->HSEState);
 8001f54:	687b      	ldr	r3, [r7, #4]
 8001f56:	685a      	ldr	r2, [r3, #4]
 8001f58:	2380      	movs	r3, #128	; 0x80
 8001f5a:	025b      	lsls	r3, r3, #9
 8001f5c:	429a      	cmp	r2, r3
 8001f5e:	d107      	bne.n	8001f70 <HAL_RCC_OscConfig+0x78>
 8001f60:	4bb0      	ldr	r3, [pc, #704]	; (8002224 <HAL_RCC_OscConfig+0x32c>)
 8001f62:	681a      	ldr	r2, [r3, #0]
 8001f64:	4baf      	ldr	r3, [pc, #700]	; (8002224 <HAL_RCC_OscConfig+0x32c>)
 8001f66:	2180      	movs	r1, #128	; 0x80
 8001f68:	0249      	lsls	r1, r1, #9
 8001f6a:	430a      	orrs	r2, r1
 8001f6c:	601a      	str	r2, [r3, #0]
 8001f6e:	e020      	b.n	8001fb2 <HAL_RCC_OscConfig+0xba>
 8001f70:	687b      	ldr	r3, [r7, #4]
 8001f72:	685a      	ldr	r2, [r3, #4]
 8001f74:	23a0      	movs	r3, #160	; 0xa0
 8001f76:	02db      	lsls	r3, r3, #11
 8001f78:	429a      	cmp	r2, r3
 8001f7a:	d10e      	bne.n	8001f9a <HAL_RCC_OscConfig+0xa2>
 8001f7c:	4ba9      	ldr	r3, [pc, #676]	; (8002224 <HAL_RCC_OscConfig+0x32c>)
 8001f7e:	681a      	ldr	r2, [r3, #0]
 8001f80:	4ba8      	ldr	r3, [pc, #672]	; (8002224 <HAL_RCC_OscConfig+0x32c>)
 8001f82:	2180      	movs	r1, #128	; 0x80
 8001f84:	02c9      	lsls	r1, r1, #11
 8001f86:	430a      	orrs	r2, r1
 8001f88:	601a      	str	r2, [r3, #0]
 8001f8a:	4ba6      	ldr	r3, [pc, #664]	; (8002224 <HAL_RCC_OscConfig+0x32c>)
 8001f8c:	681a      	ldr	r2, [r3, #0]
 8001f8e:	4ba5      	ldr	r3, [pc, #660]	; (8002224 <HAL_RCC_OscConfig+0x32c>)
 8001f90:	2180      	movs	r1, #128	; 0x80
 8001f92:	0249      	lsls	r1, r1, #9
 8001f94:	430a      	orrs	r2, r1
 8001f96:	601a      	str	r2, [r3, #0]
 8001f98:	e00b      	b.n	8001fb2 <HAL_RCC_OscConfig+0xba>
 8001f9a:	4ba2      	ldr	r3, [pc, #648]	; (8002224 <HAL_RCC_OscConfig+0x32c>)
 8001f9c:	681a      	ldr	r2, [r3, #0]
 8001f9e:	4ba1      	ldr	r3, [pc, #644]	; (8002224 <HAL_RCC_OscConfig+0x32c>)
 8001fa0:	49a1      	ldr	r1, [pc, #644]	; (8002228 <HAL_RCC_OscConfig+0x330>)
 8001fa2:	400a      	ands	r2, r1
 8001fa4:	601a      	str	r2, [r3, #0]
 8001fa6:	4b9f      	ldr	r3, [pc, #636]	; (8002224 <HAL_RCC_OscConfig+0x32c>)
 8001fa8:	681a      	ldr	r2, [r3, #0]
 8001faa:	4b9e      	ldr	r3, [pc, #632]	; (8002224 <HAL_RCC_OscConfig+0x32c>)
 8001fac:	499f      	ldr	r1, [pc, #636]	; (800222c <HAL_RCC_OscConfig+0x334>)
 8001fae:	400a      	ands	r2, r1
 8001fb0:	601a      	str	r2, [r3, #0]

      /* Check the HSE State */
      if (RCC_OscInitStruct->HSEState != RCC_HSE_OFF)
 8001fb2:	687b      	ldr	r3, [r7, #4]
 8001fb4:	685b      	ldr	r3, [r3, #4]
 8001fb6:	2b00      	cmp	r3, #0
 8001fb8:	d014      	beq.n	8001fe4 <HAL_RCC_OscConfig+0xec>
      {
        /* Get Start Tick*/
        tickstart = HAL_GetTick();
 8001fba:	f7fe fe81 	bl	8000cc0 <HAL_GetTick>
 8001fbe:	0003      	movs	r3, r0
 8001fc0:	613b      	str	r3, [r7, #16]

        /* Wait till HSE is ready */
        while (READ_BIT(RCC->CR, RCC_CR_HSERDY) == 0U)
 8001fc2:	e008      	b.n	8001fd6 <HAL_RCC_OscConfig+0xde>
        {
          if ((HAL_GetTick() - tickstart) > HSE_TIMEOUT_VALUE)
 8001fc4:	f7fe fe7c 	bl	8000cc0 <HAL_GetTick>
 8001fc8:	0002      	movs	r2, r0
 8001fca:	693b      	ldr	r3, [r7, #16]
 8001fcc:	1ad3      	subs	r3, r2, r3
 8001fce:	2b64      	cmp	r3, #100	; 0x64
 8001fd0:	d901      	bls.n	8001fd6 <HAL_RCC_OscConfig+0xde>
          {
            return HAL_TIMEOUT;
 8001fd2:	2303      	movs	r3, #3
 8001fd4:	e298      	b.n	8002508 <HAL_RCC_OscConfig+0x610>
        while (READ_BIT(RCC->CR, RCC_CR_HSERDY) == 0U)
 8001fd6:	4b93      	ldr	r3, [pc, #588]	; (8002224 <HAL_RCC_OscConfig+0x32c>)
 8001fd8:	681a      	ldr	r2, [r3, #0]
 8001fda:	2380      	movs	r3, #128	; 0x80
 8001fdc:	029b      	lsls	r3, r3, #10
 8001fde:	4013      	ands	r3, r2
 8001fe0:	d0f0      	beq.n	8001fc4 <HAL_RCC_OscConfig+0xcc>
 8001fe2:	e015      	b.n	8002010 <HAL_RCC_OscConfig+0x118>
        }
      }
      else
      {
        /* Get Start Tick*/
        tickstart = HAL_GetTick();
 8001fe4:	f7fe fe6c 	bl	8000cc0 <HAL_GetTick>
 8001fe8:	0003      	movs	r3, r0
 8001fea:	613b      	str	r3, [r7, #16]

        /* Wait till HSE is disabled */
        while (READ_BIT(RCC->CR, RCC_CR_HSERDY) != 0U)
 8001fec:	e008      	b.n	8002000 <HAL_RCC_OscConfig+0x108>
        {
          if ((HAL_GetTick() - tickstart) > HSE_TIMEOUT_VALUE)
 8001fee:	f7fe fe67 	bl	8000cc0 <HAL_GetTick>
 8001ff2:	0002      	movs	r2, r0
 8001ff4:	693b      	ldr	r3, [r7, #16]
 8001ff6:	1ad3      	subs	r3, r2, r3
 8001ff8:	2b64      	cmp	r3, #100	; 0x64
 8001ffa:	d901      	bls.n	8002000 <HAL_RCC_OscConfig+0x108>
          {
            return HAL_TIMEOUT;
 8001ffc:	2303      	movs	r3, #3
 8001ffe:	e283      	b.n	8002508 <HAL_RCC_OscConfig+0x610>
        while (READ_BIT(RCC->CR, RCC_CR_HSERDY) != 0U)
 8002000:	4b88      	ldr	r3, [pc, #544]	; (8002224 <HAL_RCC_OscConfig+0x32c>)
 8002002:	681a      	ldr	r2, [r3, #0]
 8002004:	2380      	movs	r3, #128	; 0x80
 8002006:	029b      	lsls	r3, r3, #10
 8002008:	4013      	ands	r3, r2
 800200a:	d1f0      	bne.n	8001fee <HAL_RCC_OscConfig+0xf6>
 800200c:	e000      	b.n	8002010 <HAL_RCC_OscConfig+0x118>
      if ((READ_BIT(RCC->CR, RCC_CR_HSERDY) != 0U) && (RCC_OscInitStruct->HSEState == RCC_HSE_OFF))
 800200e:	46c0      	nop			; (mov r8, r8)
        }
      }
    }
  }
  /*----------------------------- HSI Configuration --------------------------*/
  if (((RCC_OscInitStruct->OscillatorType) & RCC_OSCILLATORTYPE_HSI) == RCC_OSCILLATORTYPE_HSI)
 8002010:	687b      	ldr	r3, [r7, #4]
 8002012:	681b      	ldr	r3, [r3, #0]
 8002014:	2202      	movs	r2, #2
 8002016:	4013      	ands	r3, r2
 8002018:	d100      	bne.n	800201c <HAL_RCC_OscConfig+0x124>
 800201a:	e099      	b.n	8002150 <HAL_RCC_OscConfig+0x258>
    assert_param(IS_RCC_HSI(RCC_OscInitStruct->HSIState));
    assert_param(IS_RCC_HSI_CALIBRATION_VALUE(RCC_OscInitStruct->HSICalibrationValue));
    assert_param(IS_RCC_HSIDIV(RCC_OscInitStruct->HSIDiv));

    /* Check if HSI16 is used as system clock or as PLL source when PLL is selected as system clock */
    temp_sysclksrc = __HAL_RCC_GET_SYSCLK_SOURCE();
 800201c:	4b81      	ldr	r3, [pc, #516]	; (8002224 <HAL_RCC_OscConfig+0x32c>)
 800201e:	689b      	ldr	r3, [r3, #8]
 8002020:	2238      	movs	r2, #56	; 0x38
 8002022:	4013      	ands	r3, r2
 8002024:	61bb      	str	r3, [r7, #24]
    temp_pllckcfg = __HAL_RCC_GET_PLL_OSCSOURCE();
 8002026:	4b7f      	ldr	r3, [pc, #508]	; (8002224 <HAL_RCC_OscConfig+0x32c>)
 8002028:	68db      	ldr	r3, [r3, #12]
 800202a:	2203      	movs	r2, #3
 800202c:	4013      	ands	r3, r2
 800202e:	617b      	str	r3, [r7, #20]
    if (((temp_sysclksrc == RCC_SYSCLKSOURCE_STATUS_PLLCLK) && (temp_pllckcfg == RCC_PLLSOURCE_HSI))
 8002030:	69bb      	ldr	r3, [r7, #24]
 8002032:	2b10      	cmp	r3, #16
 8002034:	d102      	bne.n	800203c <HAL_RCC_OscConfig+0x144>
 8002036:	697b      	ldr	r3, [r7, #20]
 8002038:	2b02      	cmp	r3, #2
 800203a:	d002      	beq.n	8002042 <HAL_RCC_OscConfig+0x14a>
        || (temp_sysclksrc == RCC_SYSCLKSOURCE_STATUS_HSI))
 800203c:	69bb      	ldr	r3, [r7, #24]
 800203e:	2b00      	cmp	r3, #0
 8002040:	d135      	bne.n	80020ae <HAL_RCC_OscConfig+0x1b6>
    {
      /* When HSI is used as system clock or as PLL input clock it can not be disabled */
      if ((READ_BIT(RCC->CR, RCC_CR_HSIRDY) != 0U) && (RCC_OscInitStruct->HSIState == RCC_HSI_OFF))
 8002042:	4b78      	ldr	r3, [pc, #480]	; (8002224 <HAL_RCC_OscConfig+0x32c>)
 8002044:	681a      	ldr	r2, [r3, #0]
 8002046:	2380      	movs	r3, #128	; 0x80
 8002048:	00db      	lsls	r3, r3, #3
 800204a:	4013      	ands	r3, r2
 800204c:	d005      	beq.n	800205a <HAL_RCC_OscConfig+0x162>
 800204e:	687b      	ldr	r3, [r7, #4]
 8002050:	68db      	ldr	r3, [r3, #12]
 8002052:	2b00      	cmp	r3, #0
 8002054:	d101      	bne.n	800205a <HAL_RCC_OscConfig+0x162>
      {
        return HAL_ERROR;
 8002056:	2301      	movs	r3, #1
 8002058:	e256      	b.n	8002508 <HAL_RCC_OscConfig+0x610>
      }
      /* Otherwise, just the calibration is allowed */
      else
      {
        /* Adjusts the Internal High Speed oscillator (HSI) calibration value.*/
        __HAL_RCC_HSI_CALIBRATIONVALUE_ADJUST(RCC_OscInitStruct->HSICalibrationValue);
 800205a:	4b72      	ldr	r3, [pc, #456]	; (8002224 <HAL_RCC_OscConfig+0x32c>)
 800205c:	685b      	ldr	r3, [r3, #4]
 800205e:	4a74      	ldr	r2, [pc, #464]	; (8002230 <HAL_RCC_OscConfig+0x338>)
 8002060:	4013      	ands	r3, r2
 8002062:	0019      	movs	r1, r3
 8002064:	687b      	ldr	r3, [r7, #4]
 8002066:	695b      	ldr	r3, [r3, #20]
 8002068:	021a      	lsls	r2, r3, #8
 800206a:	4b6e      	ldr	r3, [pc, #440]	; (8002224 <HAL_RCC_OscConfig+0x32c>)
 800206c:	430a      	orrs	r2, r1
 800206e:	605a      	str	r2, [r3, #4]

        if (temp_sysclksrc == RCC_SYSCLKSOURCE_STATUS_HSI)
 8002070:	69bb      	ldr	r3, [r7, #24]
 8002072:	2b00      	cmp	r3, #0
 8002074:	d112      	bne.n	800209c <HAL_RCC_OscConfig+0x1a4>
        {
          /* Adjust the HSI16 division factor */
          __HAL_RCC_HSI_CONFIG(RCC_OscInitStruct->HSIDiv);
 8002076:	4b6b      	ldr	r3, [pc, #428]	; (8002224 <HAL_RCC_OscConfig+0x32c>)
 8002078:	681b      	ldr	r3, [r3, #0]
 800207a:	4a6e      	ldr	r2, [pc, #440]	; (8002234 <HAL_RCC_OscConfig+0x33c>)
 800207c:	4013      	ands	r3, r2
 800207e:	0019      	movs	r1, r3
 8002080:	687b      	ldr	r3, [r7, #4]
 8002082:	691a      	ldr	r2, [r3, #16]
 8002084:	4b67      	ldr	r3, [pc, #412]	; (8002224 <HAL_RCC_OscConfig+0x32c>)
 8002086:	430a      	orrs	r2, r1
 8002088:	601a      	str	r2, [r3, #0]

          /* Update the SystemCoreClock global variable with HSISYS value  */
          SystemCoreClock = (HSI_VALUE / (1UL << ((READ_BIT(RCC->CR, RCC_CR_HSIDIV)) >> RCC_CR_HSIDIV_Pos)));
 800208a:	4b66      	ldr	r3, [pc, #408]	; (8002224 <HAL_RCC_OscConfig+0x32c>)
 800208c:	681b      	ldr	r3, [r3, #0]
 800208e:	0adb      	lsrs	r3, r3, #11
 8002090:	2207      	movs	r2, #7
 8002092:	4013      	ands	r3, r2
 8002094:	4a68      	ldr	r2, [pc, #416]	; (8002238 <HAL_RCC_OscConfig+0x340>)
 8002096:	40da      	lsrs	r2, r3
 8002098:	4b68      	ldr	r3, [pc, #416]	; (800223c <HAL_RCC_OscConfig+0x344>)
 800209a:	601a      	str	r2, [r3, #0]
        }

        /* Adapt Systick interrupt period */
        if (HAL_InitTick(uwTickPrio) != HAL_OK)
 800209c:	4b68      	ldr	r3, [pc, #416]	; (8002240 <HAL_RCC_OscConfig+0x348>)
 800209e:	681b      	ldr	r3, [r3, #0]
 80020a0:	0018      	movs	r0, r3
 80020a2:	f7fe fdb1 	bl	8000c08 <HAL_InitTick>
 80020a6:	1e03      	subs	r3, r0, #0
 80020a8:	d051      	beq.n	800214e <HAL_RCC_OscConfig+0x256>
        {
          return HAL_ERROR;
 80020aa:	2301      	movs	r3, #1
 80020ac:	e22c      	b.n	8002508 <HAL_RCC_OscConfig+0x610>
      }
    }
    else
    {
      /* Check the HSI State */
      if (RCC_OscInitStruct->HSIState != RCC_HSI_OFF)
 80020ae:	687b      	ldr	r3, [r7, #4]
 80020b0:	68db      	ldr	r3, [r3, #12]
 80020b2:	2b00      	cmp	r3, #0
 80020b4:	d030      	beq.n	8002118 <HAL_RCC_OscConfig+0x220>
      {
        /* Configure the HSI16 division factor */
        __HAL_RCC_HSI_CONFIG(RCC_OscInitStruct->HSIDiv);
 80020b6:	4b5b      	ldr	r3, [pc, #364]	; (8002224 <HAL_RCC_OscConfig+0x32c>)
 80020b8:	681b      	ldr	r3, [r3, #0]
 80020ba:	4a5e      	ldr	r2, [pc, #376]	; (8002234 <HAL_RCC_OscConfig+0x33c>)
 80020bc:	4013      	ands	r3, r2
 80020be:	0019      	movs	r1, r3
 80020c0:	687b      	ldr	r3, [r7, #4]
 80020c2:	691a      	ldr	r2, [r3, #16]
 80020c4:	4b57      	ldr	r3, [pc, #348]	; (8002224 <HAL_RCC_OscConfig+0x32c>)
 80020c6:	430a      	orrs	r2, r1
 80020c8:	601a      	str	r2, [r3, #0]

        /* Enable the Internal High Speed oscillator (HSI16). */
        __HAL_RCC_HSI_ENABLE();
 80020ca:	4b56      	ldr	r3, [pc, #344]	; (8002224 <HAL_RCC_OscConfig+0x32c>)
 80020cc:	681a      	ldr	r2, [r3, #0]
 80020ce:	4b55      	ldr	r3, [pc, #340]	; (8002224 <HAL_RCC_OscConfig+0x32c>)
 80020d0:	2180      	movs	r1, #128	; 0x80
 80020d2:	0049      	lsls	r1, r1, #1
 80020d4:	430a      	orrs	r2, r1
 80020d6:	601a      	str	r2, [r3, #0]

        /* Get Start Tick*/
        tickstart = HAL_GetTick();
 80020d8:	f7fe fdf2 	bl	8000cc0 <HAL_GetTick>
 80020dc:	0003      	movs	r3, r0
 80020de:	613b      	str	r3, [r7, #16]

        /* Wait till HSI is ready */
        while (READ_BIT(RCC->CR, RCC_CR_HSIRDY) == 0U)
 80020e0:	e008      	b.n	80020f4 <HAL_RCC_OscConfig+0x1fc>
        {
          if ((HAL_GetTick() - tickstart) > HSI_TIMEOUT_VALUE)
 80020e2:	f7fe fded 	bl	8000cc0 <HAL_GetTick>
 80020e6:	0002      	movs	r2, r0
 80020e8:	693b      	ldr	r3, [r7, #16]
 80020ea:	1ad3      	subs	r3, r2, r3
 80020ec:	2b02      	cmp	r3, #2
 80020ee:	d901      	bls.n	80020f4 <HAL_RCC_OscConfig+0x1fc>
          {
            return HAL_TIMEOUT;
 80020f0:	2303      	movs	r3, #3
 80020f2:	e209      	b.n	8002508 <HAL_RCC_OscConfig+0x610>
        while (READ_BIT(RCC->CR, RCC_CR_HSIRDY) == 0U)
 80020f4:	4b4b      	ldr	r3, [pc, #300]	; (8002224 <HAL_RCC_OscConfig+0x32c>)
 80020f6:	681a      	ldr	r2, [r3, #0]
 80020f8:	2380      	movs	r3, #128	; 0x80
 80020fa:	00db      	lsls	r3, r3, #3
 80020fc:	4013      	ands	r3, r2
 80020fe:	d0f0      	beq.n	80020e2 <HAL_RCC_OscConfig+0x1ea>
          }
        }

        /* Adjusts the Internal High Speed oscillator (HSI) calibration value.*/
        __HAL_RCC_HSI_CALIBRATIONVALUE_ADJUST(RCC_OscInitStruct->HSICalibrationValue);
 8002100:	4b48      	ldr	r3, [pc, #288]	; (8002224 <HAL_RCC_OscConfig+0x32c>)
 8002102:	685b      	ldr	r3, [r3, #4]
 8002104:	4a4a      	ldr	r2, [pc, #296]	; (8002230 <HAL_RCC_OscConfig+0x338>)
 8002106:	4013      	ands	r3, r2
 8002108:	0019      	movs	r1, r3
 800210a:	687b      	ldr	r3, [r7, #4]
 800210c:	695b      	ldr	r3, [r3, #20]
 800210e:	021a      	lsls	r2, r3, #8
 8002110:	4b44      	ldr	r3, [pc, #272]	; (8002224 <HAL_RCC_OscConfig+0x32c>)
 8002112:	430a      	orrs	r2, r1
 8002114:	605a      	str	r2, [r3, #4]
 8002116:	e01b      	b.n	8002150 <HAL_RCC_OscConfig+0x258>
      }
      else
      {
        /* Disable the Internal High Speed oscillator (HSI16). */
        __HAL_RCC_HSI_DISABLE();
 8002118:	4b42      	ldr	r3, [pc, #264]	; (8002224 <HAL_RCC_OscConfig+0x32c>)
 800211a:	681a      	ldr	r2, [r3, #0]
 800211c:	4b41      	ldr	r3, [pc, #260]	; (8002224 <HAL_RCC_OscConfig+0x32c>)
 800211e:	4949      	ldr	r1, [pc, #292]	; (8002244 <HAL_RCC_OscConfig+0x34c>)
 8002120:	400a      	ands	r2, r1
 8002122:	601a      	str	r2, [r3, #0]

        /* Get Start Tick*/
        tickstart = HAL_GetTick();
 8002124:	f7fe fdcc 	bl	8000cc0 <HAL_GetTick>
 8002128:	0003      	movs	r3, r0
 800212a:	613b      	str	r3, [r7, #16]

        /* Wait till HSI is disabled */
        while (READ_BIT(RCC->CR, RCC_CR_HSIRDY) != 0U)
 800212c:	e008      	b.n	8002140 <HAL_RCC_OscConfig+0x248>
        {
          if ((HAL_GetTick() - tickstart) > HSI_TIMEOUT_VALUE)
 800212e:	f7fe fdc7 	bl	8000cc0 <HAL_GetTick>
 8002132:	0002      	movs	r2, r0
 8002134:	693b      	ldr	r3, [r7, #16]
 8002136:	1ad3      	subs	r3, r2, r3
 8002138:	2b02      	cmp	r3, #2
 800213a:	d901      	bls.n	8002140 <HAL_RCC_OscConfig+0x248>
          {
            return HAL_TIMEOUT;
 800213c:	2303      	movs	r3, #3
 800213e:	e1e3      	b.n	8002508 <HAL_RCC_OscConfig+0x610>
        while (READ_BIT(RCC->CR, RCC_CR_HSIRDY) != 0U)
 8002140:	4b38      	ldr	r3, [pc, #224]	; (8002224 <HAL_RCC_OscConfig+0x32c>)
 8002142:	681a      	ldr	r2, [r3, #0]
 8002144:	2380      	movs	r3, #128	; 0x80
 8002146:	00db      	lsls	r3, r3, #3
 8002148:	4013      	ands	r3, r2
 800214a:	d1f0      	bne.n	800212e <HAL_RCC_OscConfig+0x236>
 800214c:	e000      	b.n	8002150 <HAL_RCC_OscConfig+0x258>
      if ((READ_BIT(RCC->CR, RCC_CR_HSIRDY) != 0U) && (RCC_OscInitStruct->HSIState == RCC_HSI_OFF))
 800214e:	46c0      	nop			; (mov r8, r8)
        }
      }
    }
  }
  /*------------------------------ LSI Configuration -------------------------*/
  if (((RCC_OscInitStruct->OscillatorType) & RCC_OSCILLATORTYPE_LSI) == RCC_OSCILLATORTYPE_LSI)
 8002150:	687b      	ldr	r3, [r7, #4]
 8002152:	681b      	ldr	r3, [r3, #0]
 8002154:	2208      	movs	r2, #8
 8002156:	4013      	ands	r3, r2
 8002158:	d047      	beq.n	80021ea <HAL_RCC_OscConfig+0x2f2>
  {
    /* Check the parameters */
    assert_param(IS_RCC_LSI(RCC_OscInitStruct->LSIState));

    /* Check if LSI is used as system clock */
    if (__HAL_RCC_GET_SYSCLK_SOURCE() == RCC_SYSCLKSOURCE_STATUS_LSI)
 800215a:	4b32      	ldr	r3, [pc, #200]	; (8002224 <HAL_RCC_OscConfig+0x32c>)
 800215c:	689b      	ldr	r3, [r3, #8]
 800215e:	2238      	movs	r2, #56	; 0x38
 8002160:	4013      	ands	r3, r2
 8002162:	2b18      	cmp	r3, #24
 8002164:	d10a      	bne.n	800217c <HAL_RCC_OscConfig+0x284>
    {
      /* When LSI is used as system clock it will not be disabled */
      if ((((RCC->CSR) & RCC_CSR_LSIRDY) != 0U) && (RCC_OscInitStruct->LSIState == RCC_LSI_OFF))
 8002166:	4b2f      	ldr	r3, [pc, #188]	; (8002224 <HAL_RCC_OscConfig+0x32c>)
 8002168:	6e1b      	ldr	r3, [r3, #96]	; 0x60
 800216a:	2202      	movs	r2, #2
 800216c:	4013      	ands	r3, r2
 800216e:	d03c      	beq.n	80021ea <HAL_RCC_OscConfig+0x2f2>
 8002170:	687b      	ldr	r3, [r7, #4]
 8002172:	699b      	ldr	r3, [r3, #24]
 8002174:	2b00      	cmp	r3, #0
 8002176:	d138      	bne.n	80021ea <HAL_RCC_OscConfig+0x2f2>
      {
        return HAL_ERROR;
 8002178:	2301      	movs	r3, #1
 800217a:	e1c5      	b.n	8002508 <HAL_RCC_OscConfig+0x610>
      }
    }
    else
    {
      /* Check the LSI State */
      if (RCC_OscInitStruct->LSIState != RCC_LSI_OFF)
 800217c:	687b      	ldr	r3, [r7, #4]
 800217e:	699b      	ldr	r3, [r3, #24]
 8002180:	2b00      	cmp	r3, #0
 8002182:	d019      	beq.n	80021b8 <HAL_RCC_OscConfig+0x2c0>
      {
        /* Enable the Internal Low Speed oscillator (LSI). */
        __HAL_RCC_LSI_ENABLE();
 8002184:	4b27      	ldr	r3, [pc, #156]	; (8002224 <HAL_RCC_OscConfig+0x32c>)
 8002186:	6e1a      	ldr	r2, [r3, #96]	; 0x60
 8002188:	4b26      	ldr	r3, [pc, #152]	; (8002224 <HAL_RCC_OscConfig+0x32c>)
 800218a:	2101      	movs	r1, #1
 800218c:	430a      	orrs	r2, r1
 800218e:	661a      	str	r2, [r3, #96]	; 0x60

        /* Get Start Tick*/
        tickstart = HAL_GetTick();
 8002190:	f7fe fd96 	bl	8000cc0 <HAL_GetTick>
 8002194:	0003      	movs	r3, r0
 8002196:	613b      	str	r3, [r7, #16]

        /* Wait till LSI is ready */
        while (READ_BIT(RCC->CSR, RCC_CSR_LSIRDY) == 0U)
 8002198:	e008      	b.n	80021ac <HAL_RCC_OscConfig+0x2b4>
        {
          if ((HAL_GetTick() - tickstart) > LSI_TIMEOUT_VALUE)
 800219a:	f7fe fd91 	bl	8000cc0 <HAL_GetTick>
 800219e:	0002      	movs	r2, r0
 80021a0:	693b      	ldr	r3, [r7, #16]
 80021a2:	1ad3      	subs	r3, r2, r3
 80021a4:	2b02      	cmp	r3, #2
 80021a6:	d901      	bls.n	80021ac <HAL_RCC_OscConfig+0x2b4>
          {
            return HAL_TIMEOUT;
 80021a8:	2303      	movs	r3, #3
 80021aa:	e1ad      	b.n	8002508 <HAL_RCC_OscConfig+0x610>
        while (READ_BIT(RCC->CSR, RCC_CSR_LSIRDY) == 0U)
 80021ac:	4b1d      	ldr	r3, [pc, #116]	; (8002224 <HAL_RCC_OscConfig+0x32c>)
 80021ae:	6e1b      	ldr	r3, [r3, #96]	; 0x60
 80021b0:	2202      	movs	r2, #2
 80021b2:	4013      	ands	r3, r2
 80021b4:	d0f1      	beq.n	800219a <HAL_RCC_OscConfig+0x2a2>
 80021b6:	e018      	b.n	80021ea <HAL_RCC_OscConfig+0x2f2>
        }
      }
      else
      {
        /* Disable the Internal Low Speed oscillator (LSI). */
        __HAL_RCC_LSI_DISABLE();
 80021b8:	4b1a      	ldr	r3, [pc, #104]	; (8002224 <HAL_RCC_OscConfig+0x32c>)
 80021ba:	6e1a      	ldr	r2, [r3, #96]	; 0x60
 80021bc:	4b19      	ldr	r3, [pc, #100]	; (8002224 <HAL_RCC_OscConfig+0x32c>)
 80021be:	2101      	movs	r1, #1
 80021c0:	438a      	bics	r2, r1
 80021c2:	661a      	str	r2, [r3, #96]	; 0x60

        /* Get Start Tick*/
        tickstart = HAL_GetTick();
 80021c4:	f7fe fd7c 	bl	8000cc0 <HAL_GetTick>
 80021c8:	0003      	movs	r3, r0
 80021ca:	613b      	str	r3, [r7, #16]

        /* Wait till LSI is disabled */
        while (READ_BIT(RCC->CSR, RCC_CSR_LSIRDY) != 0U)
 80021cc:	e008      	b.n	80021e0 <HAL_RCC_OscConfig+0x2e8>
        {
          if ((HAL_GetTick() - tickstart) > LSI_TIMEOUT_VALUE)
 80021ce:	f7fe fd77 	bl	8000cc0 <HAL_GetTick>
 80021d2:	0002      	movs	r2, r0
 80021d4:	693b      	ldr	r3, [r7, #16]
 80021d6:	1ad3      	subs	r3, r2, r3
 80021d8:	2b02      	cmp	r3, #2
 80021da:	d901      	bls.n	80021e0 <HAL_RCC_OscConfig+0x2e8>
          {
            return HAL_TIMEOUT;
 80021dc:	2303      	movs	r3, #3
 80021de:	e193      	b.n	8002508 <HAL_RCC_OscConfig+0x610>
        while (READ_BIT(RCC->CSR, RCC_CSR_LSIRDY) != 0U)
 80021e0:	4b10      	ldr	r3, [pc, #64]	; (8002224 <HAL_RCC_OscConfig+0x32c>)
 80021e2:	6e1b      	ldr	r3, [r3, #96]	; 0x60
 80021e4:	2202      	movs	r2, #2
 80021e6:	4013      	ands	r3, r2
 80021e8:	d1f1      	bne.n	80021ce <HAL_RCC_OscConfig+0x2d6>
        }
      }
    }
  }
  /*------------------------------ LSE Configuration -------------------------*/
  if (((RCC_OscInitStruct->OscillatorType) & RCC_OSCILLATORTYPE_LSE) == RCC_OSCILLATORTYPE_LSE)
 80021ea:	687b      	ldr	r3, [r7, #4]
 80021ec:	681b      	ldr	r3, [r3, #0]
 80021ee:	2204      	movs	r2, #4
 80021f0:	4013      	ands	r3, r2
 80021f2:	d100      	bne.n	80021f6 <HAL_RCC_OscConfig+0x2fe>
 80021f4:	e0c6      	b.n	8002384 <HAL_RCC_OscConfig+0x48c>
  {
    FlagStatus       pwrclkchanged = RESET;
 80021f6:	231f      	movs	r3, #31
 80021f8:	18fb      	adds	r3, r7, r3
 80021fa:	2200      	movs	r2, #0
 80021fc:	701a      	strb	r2, [r3, #0]

    /* Check the parameters */
    assert_param(IS_RCC_LSE(RCC_OscInitStruct->LSEState));

    /* When the LSE is used as system clock, it is not allowed disable it */
    if (__HAL_RCC_GET_SYSCLK_SOURCE() == RCC_SYSCLKSOURCE_STATUS_LSE)
 80021fe:	4b09      	ldr	r3, [pc, #36]	; (8002224 <HAL_RCC_OscConfig+0x32c>)
 8002200:	689b      	ldr	r3, [r3, #8]
 8002202:	2238      	movs	r2, #56	; 0x38
 8002204:	4013      	ands	r3, r2
 8002206:	2b20      	cmp	r3, #32
 8002208:	d11e      	bne.n	8002248 <HAL_RCC_OscConfig+0x350>
    {
      if ((((RCC->BDCR) & RCC_BDCR_LSERDY) != 0U) && (RCC_OscInitStruct->LSEState == RCC_LSE_OFF))
 800220a:	4b06      	ldr	r3, [pc, #24]	; (8002224 <HAL_RCC_OscConfig+0x32c>)
 800220c:	6ddb      	ldr	r3, [r3, #92]	; 0x5c
 800220e:	2202      	movs	r2, #2
 8002210:	4013      	ands	r3, r2
 8002212:	d100      	bne.n	8002216 <HAL_RCC_OscConfig+0x31e>
 8002214:	e0b6      	b.n	8002384 <HAL_RCC_OscConfig+0x48c>
 8002216:	687b      	ldr	r3, [r7, #4]
 8002218:	689b      	ldr	r3, [r3, #8]
 800221a:	2b00      	cmp	r3, #0
 800221c:	d000      	beq.n	8002220 <HAL_RCC_OscConfig+0x328>
 800221e:	e0b1      	b.n	8002384 <HAL_RCC_OscConfig+0x48c>
      {
        return HAL_ERROR;
 8002220:	2301      	movs	r3, #1
 8002222:	e171      	b.n	8002508 <HAL_RCC_OscConfig+0x610>
 8002224:	40021000 	.word	0x40021000
 8002228:	fffeffff 	.word	0xfffeffff
 800222c:	fffbffff 	.word	0xfffbffff
 8002230:	ffff80ff 	.word	0xffff80ff
 8002234:	ffffc7ff 	.word	0xffffc7ff
 8002238:	00f42400 	.word	0x00f42400
 800223c:	20000000 	.word	0x20000000
 8002240:	20000004 	.word	0x20000004
 8002244:	fffffeff 	.word	0xfffffeff
    }
    else
    {
      /* Update LSE configuration in Backup Domain control register    */
      /* Requires to enable write access to Backup Domain of necessary */
      if (__HAL_RCC_PWR_IS_CLK_DISABLED() != 0U)
 8002248:	4bb1      	ldr	r3, [pc, #708]	; (8002510 <HAL_RCC_OscConfig+0x618>)
 800224a:	6bda      	ldr	r2, [r3, #60]	; 0x3c
 800224c:	2380      	movs	r3, #128	; 0x80
 800224e:	055b      	lsls	r3, r3, #21
 8002250:	4013      	ands	r3, r2
 8002252:	d101      	bne.n	8002258 <HAL_RCC_OscConfig+0x360>
 8002254:	2301      	movs	r3, #1
 8002256:	e000      	b.n	800225a <HAL_RCC_OscConfig+0x362>
 8002258:	2300      	movs	r3, #0
 800225a:	2b00      	cmp	r3, #0
 800225c:	d011      	beq.n	8002282 <HAL_RCC_OscConfig+0x38a>
      {
        __HAL_RCC_PWR_CLK_ENABLE();
 800225e:	4bac      	ldr	r3, [pc, #688]	; (8002510 <HAL_RCC_OscConfig+0x618>)
 8002260:	6bda      	ldr	r2, [r3, #60]	; 0x3c
 8002262:	4bab      	ldr	r3, [pc, #684]	; (8002510 <HAL_RCC_OscConfig+0x618>)
 8002264:	2180      	movs	r1, #128	; 0x80
 8002266:	0549      	lsls	r1, r1, #21
 8002268:	430a      	orrs	r2, r1
 800226a:	63da      	str	r2, [r3, #60]	; 0x3c
 800226c:	4ba8      	ldr	r3, [pc, #672]	; (8002510 <HAL_RCC_OscConfig+0x618>)
 800226e:	6bda      	ldr	r2, [r3, #60]	; 0x3c
 8002270:	2380      	movs	r3, #128	; 0x80
 8002272:	055b      	lsls	r3, r3, #21
 8002274:	4013      	ands	r3, r2
 8002276:	60fb      	str	r3, [r7, #12]
 8002278:	68fb      	ldr	r3, [r7, #12]
        pwrclkchanged = SET;
 800227a:	231f      	movs	r3, #31
 800227c:	18fb      	adds	r3, r7, r3
 800227e:	2201      	movs	r2, #1
 8002280:	701a      	strb	r2, [r3, #0]
      }

      if (HAL_IS_BIT_CLR(PWR->CR1, PWR_CR1_DBP))
 8002282:	4ba4      	ldr	r3, [pc, #656]	; (8002514 <HAL_RCC_OscConfig+0x61c>)
 8002284:	681a      	ldr	r2, [r3, #0]
 8002286:	2380      	movs	r3, #128	; 0x80
 8002288:	005b      	lsls	r3, r3, #1
 800228a:	4013      	ands	r3, r2
 800228c:	d11a      	bne.n	80022c4 <HAL_RCC_OscConfig+0x3cc>
      {
        /* Enable write access to Backup domain */
        SET_BIT(PWR->CR1, PWR_CR1_DBP);
 800228e:	4ba1      	ldr	r3, [pc, #644]	; (8002514 <HAL_RCC_OscConfig+0x61c>)
 8002290:	681a      	ldr	r2, [r3, #0]
 8002292:	4ba0      	ldr	r3, [pc, #640]	; (8002514 <HAL_RCC_OscConfig+0x61c>)
 8002294:	2180      	movs	r1, #128	; 0x80
 8002296:	0049      	lsls	r1, r1, #1
 8002298:	430a      	orrs	r2, r1
 800229a:	601a      	str	r2, [r3, #0]

        /* Wait for Backup domain Write protection disable */
        tickstart = HAL_GetTick();
 800229c:	f7fe fd10 	bl	8000cc0 <HAL_GetTick>
 80022a0:	0003      	movs	r3, r0
 80022a2:	613b      	str	r3, [r7, #16]

        while (HAL_IS_BIT_CLR(PWR->CR1, PWR_CR1_DBP))
 80022a4:	e008      	b.n	80022b8 <HAL_RCC_OscConfig+0x3c0>
        {
          if ((HAL_GetTick() - tickstart) > RCC_DBP_TIMEOUT_VALUE)
 80022a6:	f7fe fd0b 	bl	8000cc0 <HAL_GetTick>
 80022aa:	0002      	movs	r2, r0
 80022ac:	693b      	ldr	r3, [r7, #16]
 80022ae:	1ad3      	subs	r3, r2, r3
 80022b0:	2b02      	cmp	r3, #2
 80022b2:	d901      	bls.n	80022b8 <HAL_RCC_OscConfig+0x3c0>
          {
            return HAL_TIMEOUT;
 80022b4:	2303      	movs	r3, #3
 80022b6:	e127      	b.n	8002508 <HAL_RCC_OscConfig+0x610>
        while (HAL_IS_BIT_CLR(PWR->CR1, PWR_CR1_DBP))
 80022b8:	4b96      	ldr	r3, [pc, #600]	; (8002514 <HAL_RCC_OscConfig+0x61c>)
 80022ba:	681a      	ldr	r2, [r3, #0]
 80022bc:	2380      	movs	r3, #128	; 0x80
 80022be:	005b      	lsls	r3, r3, #1
 80022c0:	4013      	ands	r3, r2
 80022c2:	d0f0      	beq.n	80022a6 <HAL_RCC_OscConfig+0x3ae>
          }
        }
      }

      /* Set the new LSE configuration -----------------------------------------*/
      __HAL_RCC_LSE_CONFIG(RCC_OscInitStruct->LSEState);
 80022c4:	687b      	ldr	r3, [r7, #4]
 80022c6:	689b      	ldr	r3, [r3, #8]
 80022c8:	2b01      	cmp	r3, #1
 80022ca:	d106      	bne.n	80022da <HAL_RCC_OscConfig+0x3e2>
 80022cc:	4b90      	ldr	r3, [pc, #576]	; (8002510 <HAL_RCC_OscConfig+0x618>)
 80022ce:	6dda      	ldr	r2, [r3, #92]	; 0x5c
 80022d0:	4b8f      	ldr	r3, [pc, #572]	; (8002510 <HAL_RCC_OscConfig+0x618>)
 80022d2:	2101      	movs	r1, #1
 80022d4:	430a      	orrs	r2, r1
 80022d6:	65da      	str	r2, [r3, #92]	; 0x5c
 80022d8:	e01c      	b.n	8002314 <HAL_RCC_OscConfig+0x41c>
 80022da:	687b      	ldr	r3, [r7, #4]
 80022dc:	689b      	ldr	r3, [r3, #8]
 80022de:	2b05      	cmp	r3, #5
 80022e0:	d10c      	bne.n	80022fc <HAL_RCC_OscConfig+0x404>
 80022e2:	4b8b      	ldr	r3, [pc, #556]	; (8002510 <HAL_RCC_OscConfig+0x618>)
 80022e4:	6dda      	ldr	r2, [r3, #92]	; 0x5c
 80022e6:	4b8a      	ldr	r3, [pc, #552]	; (8002510 <HAL_RCC_OscConfig+0x618>)
 80022e8:	2104      	movs	r1, #4
 80022ea:	430a      	orrs	r2, r1
 80022ec:	65da      	str	r2, [r3, #92]	; 0x5c
 80022ee:	4b88      	ldr	r3, [pc, #544]	; (8002510 <HAL_RCC_OscConfig+0x618>)
 80022f0:	6dda      	ldr	r2, [r3, #92]	; 0x5c
 80022f2:	4b87      	ldr	r3, [pc, #540]	; (8002510 <HAL_RCC_OscConfig+0x618>)
 80022f4:	2101      	movs	r1, #1
 80022f6:	430a      	orrs	r2, r1
 80022f8:	65da      	str	r2, [r3, #92]	; 0x5c
 80022fa:	e00b      	b.n	8002314 <HAL_RCC_OscConfig+0x41c>
 80022fc:	4b84      	ldr	r3, [pc, #528]	; (8002510 <HAL_RCC_OscConfig+0x618>)
 80022fe:	6dda      	ldr	r2, [r3, #92]	; 0x5c
 8002300:	4b83      	ldr	r3, [pc, #524]	; (8002510 <HAL_RCC_OscConfig+0x618>)
 8002302:	2101      	movs	r1, #1
 8002304:	438a      	bics	r2, r1
 8002306:	65da      	str	r2, [r3, #92]	; 0x5c
 8002308:	4b81      	ldr	r3, [pc, #516]	; (8002510 <HAL_RCC_OscConfig+0x618>)
 800230a:	6dda      	ldr	r2, [r3, #92]	; 0x5c
 800230c:	4b80      	ldr	r3, [pc, #512]	; (8002510 <HAL_RCC_OscConfig+0x618>)
 800230e:	2104      	movs	r1, #4
 8002310:	438a      	bics	r2, r1
 8002312:	65da      	str	r2, [r3, #92]	; 0x5c

      /* Check the LSE State */
      if (RCC_OscInitStruct->LSEState != RCC_LSE_OFF)
 8002314:	687b      	ldr	r3, [r7, #4]
 8002316:	689b      	ldr	r3, [r3, #8]
 8002318:	2b00      	cmp	r3, #0
 800231a:	d014      	beq.n	8002346 <HAL_RCC_OscConfig+0x44e>
      {
        /* Get Start Tick*/
        tickstart = HAL_GetTick();
 800231c:	f7fe fcd0 	bl	8000cc0 <HAL_GetTick>
 8002320:	0003      	movs	r3, r0
 8002322:	613b      	str	r3, [r7, #16]

        /* Wait till LSE is ready */
        while (READ_BIT(RCC->BDCR, RCC_BDCR_LSERDY) == 0U)
 8002324:	e009      	b.n	800233a <HAL_RCC_OscConfig+0x442>
        {
          if ((HAL_GetTick() - tickstart) > RCC_LSE_TIMEOUT_VALUE)
 8002326:	f7fe fccb 	bl	8000cc0 <HAL_GetTick>
 800232a:	0002      	movs	r2, r0
 800232c:	693b      	ldr	r3, [r7, #16]
 800232e:	1ad3      	subs	r3, r2, r3
 8002330:	4a79      	ldr	r2, [pc, #484]	; (8002518 <HAL_RCC_OscConfig+0x620>)
 8002332:	4293      	cmp	r3, r2
 8002334:	d901      	bls.n	800233a <HAL_RCC_OscConfig+0x442>
          {
            return HAL_TIMEOUT;
 8002336:	2303      	movs	r3, #3
 8002338:	e0e6      	b.n	8002508 <HAL_RCC_OscConfig+0x610>
        while (READ_BIT(RCC->BDCR, RCC_BDCR_LSERDY) == 0U)
 800233a:	4b75      	ldr	r3, [pc, #468]	; (8002510 <HAL_RCC_OscConfig+0x618>)
 800233c:	6ddb      	ldr	r3, [r3, #92]	; 0x5c
 800233e:	2202      	movs	r2, #2
 8002340:	4013      	ands	r3, r2
 8002342:	d0f0      	beq.n	8002326 <HAL_RCC_OscConfig+0x42e>
 8002344:	e013      	b.n	800236e <HAL_RCC_OscConfig+0x476>
        }
      }
      else
      {
        /* Get Start Tick*/
        tickstart = HAL_GetTick();
 8002346:	f7fe fcbb 	bl	8000cc0 <HAL_GetTick>
 800234a:	0003      	movs	r3, r0
 800234c:	613b      	str	r3, [r7, #16]

        /* Wait till LSE is disabled */
        while (READ_BIT(RCC->BDCR, RCC_BDCR_LSERDY) != 0U)
 800234e:	e009      	b.n	8002364 <HAL_RCC_OscConfig+0x46c>
        {
          if ((HAL_GetTick() - tickstart) > RCC_LSE_TIMEOUT_VALUE)
 8002350:	f7fe fcb6 	bl	8000cc0 <HAL_GetTick>
 8002354:	0002      	movs	r2, r0
 8002356:	693b      	ldr	r3, [r7, #16]
 8002358:	1ad3      	subs	r3, r2, r3
 800235a:	4a6f      	ldr	r2, [pc, #444]	; (8002518 <HAL_RCC_OscConfig+0x620>)
 800235c:	4293      	cmp	r3, r2
 800235e:	d901      	bls.n	8002364 <HAL_RCC_OscConfig+0x46c>
          {
            return HAL_TIMEOUT;
 8002360:	2303      	movs	r3, #3
 8002362:	e0d1      	b.n	8002508 <HAL_RCC_OscConfig+0x610>
        while (READ_BIT(RCC->BDCR, RCC_BDCR_LSERDY) != 0U)
 8002364:	4b6a      	ldr	r3, [pc, #424]	; (8002510 <HAL_RCC_OscConfig+0x618>)
 8002366:	6ddb      	ldr	r3, [r3, #92]	; 0x5c
 8002368:	2202      	movs	r2, #2
 800236a:	4013      	ands	r3, r2
 800236c:	d1f0      	bne.n	8002350 <HAL_RCC_OscConfig+0x458>
          }
        }
      }

      /* Restore clock configuration if changed */
      if (pwrclkchanged == SET)
 800236e:	231f      	movs	r3, #31
 8002370:	18fb      	adds	r3, r7, r3
 8002372:	781b      	ldrb	r3, [r3, #0]
 8002374:	2b01      	cmp	r3, #1
 8002376:	d105      	bne.n	8002384 <HAL_RCC_OscConfig+0x48c>
      {
        __HAL_RCC_PWR_CLK_DISABLE();
 8002378:	4b65      	ldr	r3, [pc, #404]	; (8002510 <HAL_RCC_OscConfig+0x618>)
 800237a:	6bda      	ldr	r2, [r3, #60]	; 0x3c
 800237c:	4b64      	ldr	r3, [pc, #400]	; (8002510 <HAL_RCC_OscConfig+0x618>)
 800237e:	4967      	ldr	r1, [pc, #412]	; (800251c <HAL_RCC_OscConfig+0x624>)
 8002380:	400a      	ands	r2, r1
 8002382:	63da      	str	r2, [r3, #60]	; 0x3c
#endif /* RCC_HSI48_SUPPORT */
  /*-------------------------------- PLL Configuration -----------------------*/
  /* Check the parameters */
  assert_param(IS_RCC_PLL(RCC_OscInitStruct->PLL.PLLState));

  if (RCC_OscInitStruct->PLL.PLLState != RCC_PLL_NONE)
 8002384:	687b      	ldr	r3, [r7, #4]
 8002386:	69db      	ldr	r3, [r3, #28]
 8002388:	2b00      	cmp	r3, #0
 800238a:	d100      	bne.n	800238e <HAL_RCC_OscConfig+0x496>
 800238c:	e0bb      	b.n	8002506 <HAL_RCC_OscConfig+0x60e>
  {
    /* Check if the PLL is used as system clock or not */
    if (__HAL_RCC_GET_SYSCLK_SOURCE() != RCC_SYSCLKSOURCE_STATUS_PLLCLK)
 800238e:	4b60      	ldr	r3, [pc, #384]	; (8002510 <HAL_RCC_OscConfig+0x618>)
 8002390:	689b      	ldr	r3, [r3, #8]
 8002392:	2238      	movs	r2, #56	; 0x38
 8002394:	4013      	ands	r3, r2
 8002396:	2b10      	cmp	r3, #16
 8002398:	d100      	bne.n	800239c <HAL_RCC_OscConfig+0x4a4>
 800239a:	e07b      	b.n	8002494 <HAL_RCC_OscConfig+0x59c>
    {
      if (RCC_OscInitStruct->PLL.PLLState == RCC_PLL_ON)
 800239c:	687b      	ldr	r3, [r7, #4]
 800239e:	69db      	ldr	r3, [r3, #28]
 80023a0:	2b02      	cmp	r3, #2
 80023a2:	d156      	bne.n	8002452 <HAL_RCC_OscConfig+0x55a>
        assert_param(IS_RCC_PLLQ_VALUE(RCC_OscInitStruct->PLL.PLLQ));
#endif /* RCC_PLLQ_SUPPORT */
        assert_param(IS_RCC_PLLR_VALUE(RCC_OscInitStruct->PLL.PLLR));

        /* Disable the main PLL. */
        __HAL_RCC_PLL_DISABLE();
 80023a4:	4b5a      	ldr	r3, [pc, #360]	; (8002510 <HAL_RCC_OscConfig+0x618>)
 80023a6:	681a      	ldr	r2, [r3, #0]
 80023a8:	4b59      	ldr	r3, [pc, #356]	; (8002510 <HAL_RCC_OscConfig+0x618>)
 80023aa:	495d      	ldr	r1, [pc, #372]	; (8002520 <HAL_RCC_OscConfig+0x628>)
 80023ac:	400a      	ands	r2, r1
 80023ae:	601a      	str	r2, [r3, #0]

        /* Get Start Tick*/
        tickstart = HAL_GetTick();
 80023b0:	f7fe fc86 	bl	8000cc0 <HAL_GetTick>
 80023b4:	0003      	movs	r3, r0
 80023b6:	613b      	str	r3, [r7, #16]

        /* Wait till PLL is ready */
        while (READ_BIT(RCC->CR, RCC_CR_PLLRDY) != 0U)
 80023b8:	e008      	b.n	80023cc <HAL_RCC_OscConfig+0x4d4>
        {
          if ((HAL_GetTick() - tickstart) > PLL_TIMEOUT_VALUE)
 80023ba:	f7fe fc81 	bl	8000cc0 <HAL_GetTick>
 80023be:	0002      	movs	r2, r0
 80023c0:	693b      	ldr	r3, [r7, #16]
 80023c2:	1ad3      	subs	r3, r2, r3
 80023c4:	2b02      	cmp	r3, #2
 80023c6:	d901      	bls.n	80023cc <HAL_RCC_OscConfig+0x4d4>
          {
            return HAL_TIMEOUT;
 80023c8:	2303      	movs	r3, #3
 80023ca:	e09d      	b.n	8002508 <HAL_RCC_OscConfig+0x610>
        while (READ_BIT(RCC->CR, RCC_CR_PLLRDY) != 0U)
 80023cc:	4b50      	ldr	r3, [pc, #320]	; (8002510 <HAL_RCC_OscConfig+0x618>)
 80023ce:	681a      	ldr	r2, [r3, #0]
 80023d0:	2380      	movs	r3, #128	; 0x80
 80023d2:	049b      	lsls	r3, r3, #18
 80023d4:	4013      	ands	r3, r2
 80023d6:	d1f0      	bne.n	80023ba <HAL_RCC_OscConfig+0x4c2>
          }
        }

        /* Configure the main PLL clock source, multiplication and division factors. */
#if defined(RCC_PLLQ_SUPPORT)
        __HAL_RCC_PLL_CONFIG(RCC_OscInitStruct->PLL.PLLSource,
 80023d8:	4b4d      	ldr	r3, [pc, #308]	; (8002510 <HAL_RCC_OscConfig+0x618>)
 80023da:	68db      	ldr	r3, [r3, #12]
 80023dc:	4a51      	ldr	r2, [pc, #324]	; (8002524 <HAL_RCC_OscConfig+0x62c>)
 80023de:	4013      	ands	r3, r2
 80023e0:	0019      	movs	r1, r3
 80023e2:	687b      	ldr	r3, [r7, #4]
 80023e4:	6a1a      	ldr	r2, [r3, #32]
 80023e6:	687b      	ldr	r3, [r7, #4]
 80023e8:	6a5b      	ldr	r3, [r3, #36]	; 0x24
 80023ea:	431a      	orrs	r2, r3
 80023ec:	687b      	ldr	r3, [r7, #4]
 80023ee:	6a9b      	ldr	r3, [r3, #40]	; 0x28
 80023f0:	021b      	lsls	r3, r3, #8
 80023f2:	431a      	orrs	r2, r3
 80023f4:	687b      	ldr	r3, [r7, #4]
 80023f6:	6adb      	ldr	r3, [r3, #44]	; 0x2c
 80023f8:	431a      	orrs	r2, r3
 80023fa:	687b      	ldr	r3, [r7, #4]
 80023fc:	6b1b      	ldr	r3, [r3, #48]	; 0x30
 80023fe:	431a      	orrs	r2, r3
 8002400:	687b      	ldr	r3, [r7, #4]
 8002402:	6b5b      	ldr	r3, [r3, #52]	; 0x34
 8002404:	431a      	orrs	r2, r3
 8002406:	4b42      	ldr	r3, [pc, #264]	; (8002510 <HAL_RCC_OscConfig+0x618>)
 8002408:	430a      	orrs	r2, r1
 800240a:	60da      	str	r2, [r3, #12]
                             RCC_OscInitStruct->PLL.PLLP,
                             RCC_OscInitStruct->PLL.PLLR);
#endif /* RCC_PLLQ_SUPPORT */

        /* Enable the main PLL. */
        __HAL_RCC_PLL_ENABLE();
 800240c:	4b40      	ldr	r3, [pc, #256]	; (8002510 <HAL_RCC_OscConfig+0x618>)
 800240e:	681a      	ldr	r2, [r3, #0]
 8002410:	4b3f      	ldr	r3, [pc, #252]	; (8002510 <HAL_RCC_OscConfig+0x618>)
 8002412:	2180      	movs	r1, #128	; 0x80
 8002414:	0449      	lsls	r1, r1, #17
 8002416:	430a      	orrs	r2, r1
 8002418:	601a      	str	r2, [r3, #0]

        /* Enable PLLR Clock output. */
        __HAL_RCC_PLLCLKOUT_ENABLE(RCC_PLLRCLK);
 800241a:	4b3d      	ldr	r3, [pc, #244]	; (8002510 <HAL_RCC_OscConfig+0x618>)
 800241c:	68da      	ldr	r2, [r3, #12]
 800241e:	4b3c      	ldr	r3, [pc, #240]	; (8002510 <HAL_RCC_OscConfig+0x618>)
 8002420:	2180      	movs	r1, #128	; 0x80
 8002422:	0549      	lsls	r1, r1, #21
 8002424:	430a      	orrs	r2, r1
 8002426:	60da      	str	r2, [r3, #12]

        /* Get Start Tick*/
        tickstart = HAL_GetTick();
 8002428:	f7fe fc4a 	bl	8000cc0 <HAL_GetTick>
 800242c:	0003      	movs	r3, r0
 800242e:	613b      	str	r3, [r7, #16]

        /* Wait till PLL is ready */
        while (READ_BIT(RCC->CR, RCC_CR_PLLRDY) == 0U)
 8002430:	e008      	b.n	8002444 <HAL_RCC_OscConfig+0x54c>
        {
          if ((HAL_GetTick() - tickstart) > PLL_TIMEOUT_VALUE)
 8002432:	f7fe fc45 	bl	8000cc0 <HAL_GetTick>
 8002436:	0002      	movs	r2, r0
 8002438:	693b      	ldr	r3, [r7, #16]
 800243a:	1ad3      	subs	r3, r2, r3
 800243c:	2b02      	cmp	r3, #2
 800243e:	d901      	bls.n	8002444 <HAL_RCC_OscConfig+0x54c>
          {
            return HAL_TIMEOUT;
 8002440:	2303      	movs	r3, #3
 8002442:	e061      	b.n	8002508 <HAL_RCC_OscConfig+0x610>
        while (READ_BIT(RCC->CR, RCC_CR_PLLRDY) == 0U)
 8002444:	4b32      	ldr	r3, [pc, #200]	; (8002510 <HAL_RCC_OscConfig+0x618>)
 8002446:	681a      	ldr	r2, [r3, #0]
 8002448:	2380      	movs	r3, #128	; 0x80
 800244a:	049b      	lsls	r3, r3, #18
 800244c:	4013      	ands	r3, r2
 800244e:	d0f0      	beq.n	8002432 <HAL_RCC_OscConfig+0x53a>
 8002450:	e059      	b.n	8002506 <HAL_RCC_OscConfig+0x60e>
        }
      }
      else
      {
        /* Disable the main PLL. */
        __HAL_RCC_PLL_DISABLE();
 8002452:	4b2f      	ldr	r3, [pc, #188]	; (8002510 <HAL_RCC_OscConfig+0x618>)
 8002454:	681a      	ldr	r2, [r3, #0]
 8002456:	4b2e      	ldr	r3, [pc, #184]	; (8002510 <HAL_RCC_OscConfig+0x618>)
 8002458:	4931      	ldr	r1, [pc, #196]	; (8002520 <HAL_RCC_OscConfig+0x628>)
 800245a:	400a      	ands	r2, r1
 800245c:	601a      	str	r2, [r3, #0]

        /* Get Start Tick*/
        tickstart = HAL_GetTick();
 800245e:	f7fe fc2f 	bl	8000cc0 <HAL_GetTick>
 8002462:	0003      	movs	r3, r0
 8002464:	613b      	str	r3, [r7, #16]

        /* Wait till PLL is disabled */
        while (READ_BIT(RCC->CR, RCC_CR_PLLRDY) != 0U)
 8002466:	e008      	b.n	800247a <HAL_RCC_OscConfig+0x582>
        {
          if ((HAL_GetTick() - tickstart) > PLL_TIMEOUT_VALUE)
 8002468:	f7fe fc2a 	bl	8000cc0 <HAL_GetTick>
 800246c:	0002      	movs	r2, r0
 800246e:	693b      	ldr	r3, [r7, #16]
 8002470:	1ad3      	subs	r3, r2, r3
 8002472:	2b02      	cmp	r3, #2
 8002474:	d901      	bls.n	800247a <HAL_RCC_OscConfig+0x582>
          {
            return HAL_TIMEOUT;
 8002476:	2303      	movs	r3, #3
 8002478:	e046      	b.n	8002508 <HAL_RCC_OscConfig+0x610>
        while (READ_BIT(RCC->CR, RCC_CR_PLLRDY) != 0U)
 800247a:	4b25      	ldr	r3, [pc, #148]	; (8002510 <HAL_RCC_OscConfig+0x618>)
 800247c:	681a      	ldr	r2, [r3, #0]
 800247e:	2380      	movs	r3, #128	; 0x80
 8002480:	049b      	lsls	r3, r3, #18
 8002482:	4013      	ands	r3, r2
 8002484:	d1f0      	bne.n	8002468 <HAL_RCC_OscConfig+0x570>
          }
        }
        /* Unselect main PLL clock source and disable main PLL outputs to save power */
#if defined(RCC_PLLQ_SUPPORT)
        RCC->PLLCFGR &= ~(RCC_PLLCFGR_PLLSRC | RCC_PLLCFGR_PLLPEN | RCC_PLLCFGR_PLLQEN | RCC_PLLCFGR_PLLREN);
 8002486:	4b22      	ldr	r3, [pc, #136]	; (8002510 <HAL_RCC_OscConfig+0x618>)
 8002488:	68da      	ldr	r2, [r3, #12]
 800248a:	4b21      	ldr	r3, [pc, #132]	; (8002510 <HAL_RCC_OscConfig+0x618>)
 800248c:	4926      	ldr	r1, [pc, #152]	; (8002528 <HAL_RCC_OscConfig+0x630>)
 800248e:	400a      	ands	r2, r1
 8002490:	60da      	str	r2, [r3, #12]
 8002492:	e038      	b.n	8002506 <HAL_RCC_OscConfig+0x60e>
      }
    }
    else
    {
      /* Check if there is a request to disable the PLL used as System clock source */
      if ((RCC_OscInitStruct->PLL.PLLState) == RCC_PLL_OFF)
 8002494:	687b      	ldr	r3, [r7, #4]
 8002496:	69db      	ldr	r3, [r3, #28]
 8002498:	2b01      	cmp	r3, #1
 800249a:	d101      	bne.n	80024a0 <HAL_RCC_OscConfig+0x5a8>
      {
        return HAL_ERROR;
 800249c:	2301      	movs	r3, #1
 800249e:	e033      	b.n	8002508 <HAL_RCC_OscConfig+0x610>
      }
      else
      {
        /* Do not return HAL_ERROR if request repeats the current configuration */
        temp_pllckcfg = RCC->PLLCFGR;
 80024a0:	4b1b      	ldr	r3, [pc, #108]	; (8002510 <HAL_RCC_OscConfig+0x618>)
 80024a2:	68db      	ldr	r3, [r3, #12]
 80024a4:	617b      	str	r3, [r7, #20]
        if ((READ_BIT(temp_pllckcfg, RCC_PLLCFGR_PLLSRC) != RCC_OscInitStruct->PLL.PLLSource) ||
 80024a6:	697b      	ldr	r3, [r7, #20]
 80024a8:	2203      	movs	r2, #3
 80024aa:	401a      	ands	r2, r3
 80024ac:	687b      	ldr	r3, [r7, #4]
 80024ae:	6a1b      	ldr	r3, [r3, #32]
 80024b0:	429a      	cmp	r2, r3
 80024b2:	d126      	bne.n	8002502 <HAL_RCC_OscConfig+0x60a>
            (READ_BIT(temp_pllckcfg, RCC_PLLCFGR_PLLM) != RCC_OscInitStruct->PLL.PLLM) ||
 80024b4:	697b      	ldr	r3, [r7, #20]
 80024b6:	2270      	movs	r2, #112	; 0x70
 80024b8:	401a      	ands	r2, r3
 80024ba:	687b      	ldr	r3, [r7, #4]
 80024bc:	6a5b      	ldr	r3, [r3, #36]	; 0x24
        if ((READ_BIT(temp_pllckcfg, RCC_PLLCFGR_PLLSRC) != RCC_OscInitStruct->PLL.PLLSource) ||
 80024be:	429a      	cmp	r2, r3
 80024c0:	d11f      	bne.n	8002502 <HAL_RCC_OscConfig+0x60a>
            (READ_BIT(temp_pllckcfg, RCC_PLLCFGR_PLLN) != (RCC_OscInitStruct->PLL.PLLN << RCC_PLLCFGR_PLLN_Pos)) ||
 80024c2:	697a      	ldr	r2, [r7, #20]
 80024c4:	23fe      	movs	r3, #254	; 0xfe
 80024c6:	01db      	lsls	r3, r3, #7
 80024c8:	401a      	ands	r2, r3
 80024ca:	687b      	ldr	r3, [r7, #4]
 80024cc:	6a9b      	ldr	r3, [r3, #40]	; 0x28
 80024ce:	021b      	lsls	r3, r3, #8
            (READ_BIT(temp_pllckcfg, RCC_PLLCFGR_PLLM) != RCC_OscInitStruct->PLL.PLLM) ||
 80024d0:	429a      	cmp	r2, r3
 80024d2:	d116      	bne.n	8002502 <HAL_RCC_OscConfig+0x60a>
            (READ_BIT(temp_pllckcfg, RCC_PLLCFGR_PLLP) != RCC_OscInitStruct->PLL.PLLP) ||
 80024d4:	697a      	ldr	r2, [r7, #20]
 80024d6:	23f8      	movs	r3, #248	; 0xf8
 80024d8:	039b      	lsls	r3, r3, #14
 80024da:	401a      	ands	r2, r3
 80024dc:	687b      	ldr	r3, [r7, #4]
 80024de:	6adb      	ldr	r3, [r3, #44]	; 0x2c
            (READ_BIT(temp_pllckcfg, RCC_PLLCFGR_PLLN) != (RCC_OscInitStruct->PLL.PLLN << RCC_PLLCFGR_PLLN_Pos)) ||
 80024e0:	429a      	cmp	r2, r3
 80024e2:	d10e      	bne.n	8002502 <HAL_RCC_OscConfig+0x60a>
#if defined (RCC_PLLQ_SUPPORT)
            (READ_BIT(temp_pllckcfg, RCC_PLLCFGR_PLLQ) != RCC_OscInitStruct->PLL.PLLQ) ||
 80024e4:	697a      	ldr	r2, [r7, #20]
 80024e6:	23e0      	movs	r3, #224	; 0xe0
 80024e8:	051b      	lsls	r3, r3, #20
 80024ea:	401a      	ands	r2, r3
 80024ec:	687b      	ldr	r3, [r7, #4]
 80024ee:	6b1b      	ldr	r3, [r3, #48]	; 0x30
            (READ_BIT(temp_pllckcfg, RCC_PLLCFGR_PLLP) != RCC_OscInitStruct->PLL.PLLP) ||
 80024f0:	429a      	cmp	r2, r3
 80024f2:	d106      	bne.n	8002502 <HAL_RCC_OscConfig+0x60a>
#endif /* RCC_PLLQ_SUPPORT */
            (READ_BIT(temp_pllckcfg, RCC_PLLCFGR_PLLR) != RCC_OscInitStruct->PLL.PLLR))
 80024f4:	697b      	ldr	r3, [r7, #20]
 80024f6:	0f5b      	lsrs	r3, r3, #29
 80024f8:	075a      	lsls	r2, r3, #29
 80024fa:	687b      	ldr	r3, [r7, #4]
 80024fc:	6b5b      	ldr	r3, [r3, #52]	; 0x34
            (READ_BIT(temp_pllckcfg, RCC_PLLCFGR_PLLQ) != RCC_OscInitStruct->PLL.PLLQ) ||
 80024fe:	429a      	cmp	r2, r3
 8002500:	d001      	beq.n	8002506 <HAL_RCC_OscConfig+0x60e>
        {
          return HAL_ERROR;
 8002502:	2301      	movs	r3, #1
 8002504:	e000      	b.n	8002508 <HAL_RCC_OscConfig+0x610>
        }
      }
    }
  }
  return HAL_OK;
 8002506:	2300      	movs	r3, #0
}
 8002508:	0018      	movs	r0, r3
 800250a:	46bd      	mov	sp, r7
 800250c:	b008      	add	sp, #32
 800250e:	bd80      	pop	{r7, pc}
 8002510:	40021000 	.word	0x40021000
 8002514:	40007000 	.word	0x40007000
 8002518:	00001388 	.word	0x00001388
 800251c:	efffffff 	.word	0xefffffff
 8002520:	feffffff 	.word	0xfeffffff
 8002524:	11c1808c 	.word	0x11c1808c
 8002528:	eefefffc 	.word	0xeefefffc

0800252c <HAL_RCC_ClockConfig>:
  *         HPRE[3:0] bits to ensure that HCLK not exceed the maximum allowed frequency
  *         (for more details refer to section above "Initialization/de-initialization functions")
  * @retval None
  */
HAL_StatusTypeDef HAL_RCC_ClockConfig(RCC_ClkInitTypeDef  *RCC_ClkInitStruct, uint32_t FLatency)
{
 800252c:	b580      	push	{r7, lr}
 800252e:	b084      	sub	sp, #16
 8002530:	af00      	add	r7, sp, #0
 8002532:	6078      	str	r0, [r7, #4]
 8002534:	6039      	str	r1, [r7, #0]
  uint32_t tickstart;

  /* Check Null pointer */
  if (RCC_ClkInitStruct == NULL)
 8002536:	687b      	ldr	r3, [r7, #4]
 8002538:	2b00      	cmp	r3, #0
 800253a:	d101      	bne.n	8002540 <HAL_RCC_ClockConfig+0x14>
  {
    return HAL_ERROR;
 800253c:	2301      	movs	r3, #1
 800253e:	e0e9      	b.n	8002714 <HAL_RCC_ClockConfig+0x1e8>
  /* To correctly read data from FLASH memory, the number of wait states (LATENCY)
    must be correctly programmed according to the frequency of the FLASH clock
    (HCLK) and the supply voltage of the device. */

  /* Increasing the number of wait states because of higher CPU frequency */
  if (FLatency > __HAL_FLASH_GET_LATENCY())
 8002540:	4b76      	ldr	r3, [pc, #472]	; (800271c <HAL_RCC_ClockConfig+0x1f0>)
 8002542:	681b      	ldr	r3, [r3, #0]
 8002544:	2207      	movs	r2, #7
 8002546:	4013      	ands	r3, r2
 8002548:	683a      	ldr	r2, [r7, #0]
 800254a:	429a      	cmp	r2, r3
 800254c:	d91e      	bls.n	800258c <HAL_RCC_ClockConfig+0x60>
  {
    /* Program the new number of wait states to the LATENCY bits in the FLASH_ACR register */
    __HAL_FLASH_SET_LATENCY(FLatency);
 800254e:	4b73      	ldr	r3, [pc, #460]	; (800271c <HAL_RCC_ClockConfig+0x1f0>)
 8002550:	681b      	ldr	r3, [r3, #0]
 8002552:	2207      	movs	r2, #7
 8002554:	4393      	bics	r3, r2
 8002556:	0019      	movs	r1, r3
 8002558:	4b70      	ldr	r3, [pc, #448]	; (800271c <HAL_RCC_ClockConfig+0x1f0>)
 800255a:	683a      	ldr	r2, [r7, #0]
 800255c:	430a      	orrs	r2, r1
 800255e:	601a      	str	r2, [r3, #0]

    /* Check that the new number of wait states is taken into account to access the Flash
    memory by polling the FLASH_ACR register */
    tickstart = HAL_GetTick();
 8002560:	f7fe fbae 	bl	8000cc0 <HAL_GetTick>
 8002564:	0003      	movs	r3, r0
 8002566:	60fb      	str	r3, [r7, #12]

    while ((FLASH->ACR & FLASH_ACR_LATENCY) != FLatency)
 8002568:	e009      	b.n	800257e <HAL_RCC_ClockConfig+0x52>
    {
      if ((HAL_GetTick() - tickstart) > CLOCKSWITCH_TIMEOUT_VALUE)
 800256a:	f7fe fba9 	bl	8000cc0 <HAL_GetTick>
 800256e:	0002      	movs	r2, r0
 8002570:	68fb      	ldr	r3, [r7, #12]
 8002572:	1ad3      	subs	r3, r2, r3
 8002574:	4a6a      	ldr	r2, [pc, #424]	; (8002720 <HAL_RCC_ClockConfig+0x1f4>)
 8002576:	4293      	cmp	r3, r2
 8002578:	d901      	bls.n	800257e <HAL_RCC_ClockConfig+0x52>
      {
        return HAL_TIMEOUT;
 800257a:	2303      	movs	r3, #3
 800257c:	e0ca      	b.n	8002714 <HAL_RCC_ClockConfig+0x1e8>
    while ((FLASH->ACR & FLASH_ACR_LATENCY) != FLatency)
 800257e:	4b67      	ldr	r3, [pc, #412]	; (800271c <HAL_RCC_ClockConfig+0x1f0>)
 8002580:	681b      	ldr	r3, [r3, #0]
 8002582:	2207      	movs	r2, #7
 8002584:	4013      	ands	r3, r2
 8002586:	683a      	ldr	r2, [r7, #0]
 8002588:	429a      	cmp	r2, r3
 800258a:	d1ee      	bne.n	800256a <HAL_RCC_ClockConfig+0x3e>
      }
    }
  }

  /*-------------------------- HCLK Configuration --------------------------*/
  if (((RCC_ClkInitStruct->ClockType) & RCC_CLOCKTYPE_HCLK) == RCC_CLOCKTYPE_HCLK)
 800258c:	687b      	ldr	r3, [r7, #4]
 800258e:	681b      	ldr	r3, [r3, #0]
 8002590:	2202      	movs	r2, #2
 8002592:	4013      	ands	r3, r2
 8002594:	d015      	beq.n	80025c2 <HAL_RCC_ClockConfig+0x96>
  {
    /* Set the highest APB divider in order to ensure that we do not go through
       a non-spec phase whatever we decrease or increase HCLK. */
    if (((RCC_ClkInitStruct->ClockType) & RCC_CLOCKTYPE_PCLK1) == RCC_CLOCKTYPE_PCLK1)
 8002596:	687b      	ldr	r3, [r7, #4]
 8002598:	681b      	ldr	r3, [r3, #0]
 800259a:	2204      	movs	r2, #4
 800259c:	4013      	ands	r3, r2
 800259e:	d006      	beq.n	80025ae <HAL_RCC_ClockConfig+0x82>
    {
      MODIFY_REG(RCC->CFGR, RCC_CFGR_PPRE, RCC_HCLK_DIV16);
 80025a0:	4b60      	ldr	r3, [pc, #384]	; (8002724 <HAL_RCC_ClockConfig+0x1f8>)
 80025a2:	689a      	ldr	r2, [r3, #8]
 80025a4:	4b5f      	ldr	r3, [pc, #380]	; (8002724 <HAL_RCC_ClockConfig+0x1f8>)
 80025a6:	21e0      	movs	r1, #224	; 0xe0
 80025a8:	01c9      	lsls	r1, r1, #7
 80025aa:	430a      	orrs	r2, r1
 80025ac:	609a      	str	r2, [r3, #8]
    }

    /* Set the new HCLK clock divider */
    assert_param(IS_RCC_HCLK(RCC_ClkInitStruct->AHBCLKDivider));
    MODIFY_REG(RCC->CFGR, RCC_CFGR_HPRE, RCC_ClkInitStruct->AHBCLKDivider);
 80025ae:	4b5d      	ldr	r3, [pc, #372]	; (8002724 <HAL_RCC_ClockConfig+0x1f8>)
 80025b0:	689b      	ldr	r3, [r3, #8]
 80025b2:	4a5d      	ldr	r2, [pc, #372]	; (8002728 <HAL_RCC_ClockConfig+0x1fc>)
 80025b4:	4013      	ands	r3, r2
 80025b6:	0019      	movs	r1, r3
 80025b8:	687b      	ldr	r3, [r7, #4]
 80025ba:	689a      	ldr	r2, [r3, #8]
 80025bc:	4b59      	ldr	r3, [pc, #356]	; (8002724 <HAL_RCC_ClockConfig+0x1f8>)
 80025be:	430a      	orrs	r2, r1
 80025c0:	609a      	str	r2, [r3, #8]
  }

  /*------------------------- SYSCLK Configuration ---------------------------*/
  if (((RCC_ClkInitStruct->ClockType) & RCC_CLOCKTYPE_SYSCLK) == RCC_CLOCKTYPE_SYSCLK)
 80025c2:	687b      	ldr	r3, [r7, #4]
 80025c4:	681b      	ldr	r3, [r3, #0]
 80025c6:	2201      	movs	r2, #1
 80025c8:	4013      	ands	r3, r2
 80025ca:	d057      	beq.n	800267c <HAL_RCC_ClockConfig+0x150>
  {
    assert_param(IS_RCC_SYSCLKSOURCE(RCC_ClkInitStruct->SYSCLKSource));

    /* HSE is selected as System Clock Source */
    if (RCC_ClkInitStruct->SYSCLKSource == RCC_SYSCLKSOURCE_HSE)
 80025cc:	687b      	ldr	r3, [r7, #4]
 80025ce:	685b      	ldr	r3, [r3, #4]
 80025d0:	2b01      	cmp	r3, #1
 80025d2:	d107      	bne.n	80025e4 <HAL_RCC_ClockConfig+0xb8>
    {
      /* Check the HSE ready flag */
      if (READ_BIT(RCC->CR, RCC_CR_HSERDY) == 0U)
 80025d4:	4b53      	ldr	r3, [pc, #332]	; (8002724 <HAL_RCC_ClockConfig+0x1f8>)
 80025d6:	681a      	ldr	r2, [r3, #0]
 80025d8:	2380      	movs	r3, #128	; 0x80
 80025da:	029b      	lsls	r3, r3, #10
 80025dc:	4013      	ands	r3, r2
 80025de:	d12b      	bne.n	8002638 <HAL_RCC_ClockConfig+0x10c>
      {
        return HAL_ERROR;
 80025e0:	2301      	movs	r3, #1
 80025e2:	e097      	b.n	8002714 <HAL_RCC_ClockConfig+0x1e8>
      }
    }
    /* PLL is selected as System Clock Source */
    else if (RCC_ClkInitStruct->SYSCLKSource == RCC_SYSCLKSOURCE_PLLCLK)
 80025e4:	687b      	ldr	r3, [r7, #4]
 80025e6:	685b      	ldr	r3, [r3, #4]
 80025e8:	2b02      	cmp	r3, #2
 80025ea:	d107      	bne.n	80025fc <HAL_RCC_ClockConfig+0xd0>
    {
      /* Check the PLL ready flag */
      if (READ_BIT(RCC->CR, RCC_CR_PLLRDY) == 0U)
 80025ec:	4b4d      	ldr	r3, [pc, #308]	; (8002724 <HAL_RCC_ClockConfig+0x1f8>)
 80025ee:	681a      	ldr	r2, [r3, #0]
 80025f0:	2380      	movs	r3, #128	; 0x80
 80025f2:	049b      	lsls	r3, r3, #18
 80025f4:	4013      	ands	r3, r2
 80025f6:	d11f      	bne.n	8002638 <HAL_RCC_ClockConfig+0x10c>
      {
        return HAL_ERROR;
 80025f8:	2301      	movs	r3, #1
 80025fa:	e08b      	b.n	8002714 <HAL_RCC_ClockConfig+0x1e8>
      }
    }
    /* HSI is selected as System Clock Source */
    else if (RCC_ClkInitStruct->SYSCLKSource == RCC_SYSCLKSOURCE_HSI)
 80025fc:	687b      	ldr	r3, [r7, #4]
 80025fe:	685b      	ldr	r3, [r3, #4]
 8002600:	2b00      	cmp	r3, #0
 8002602:	d107      	bne.n	8002614 <HAL_RCC_ClockConfig+0xe8>
    {
      /* Check the HSI ready flag */
      if (READ_BIT(RCC->CR, RCC_CR_HSIRDY) == 0U)
 8002604:	4b47      	ldr	r3, [pc, #284]	; (8002724 <HAL_RCC_ClockConfig+0x1f8>)
 8002606:	681a      	ldr	r2, [r3, #0]
 8002608:	2380      	movs	r3, #128	; 0x80
 800260a:	00db      	lsls	r3, r3, #3
 800260c:	4013      	ands	r3, r2
 800260e:	d113      	bne.n	8002638 <HAL_RCC_ClockConfig+0x10c>
      {
        return HAL_ERROR;
 8002610:	2301      	movs	r3, #1
 8002612:	e07f      	b.n	8002714 <HAL_RCC_ClockConfig+0x1e8>
      }
    }
    /* LSI is selected as System Clock Source */
    else if (RCC_ClkInitStruct->SYSCLKSource == RCC_SYSCLKSOURCE_LSI)
 8002614:	687b      	ldr	r3, [r7, #4]
 8002616:	685b      	ldr	r3, [r3, #4]
 8002618:	2b03      	cmp	r3, #3
 800261a:	d106      	bne.n	800262a <HAL_RCC_ClockConfig+0xfe>
    {
      /* Check the LSI ready flag */
      if (READ_BIT(RCC->CSR, RCC_CSR_LSIRDY) == 0U)
 800261c:	4b41      	ldr	r3, [pc, #260]	; (8002724 <HAL_RCC_ClockConfig+0x1f8>)
 800261e:	6e1b      	ldr	r3, [r3, #96]	; 0x60
 8002620:	2202      	movs	r2, #2
 8002622:	4013      	ands	r3, r2
 8002624:	d108      	bne.n	8002638 <HAL_RCC_ClockConfig+0x10c>
      {
        return HAL_ERROR;
 8002626:	2301      	movs	r3, #1
 8002628:	e074      	b.n	8002714 <HAL_RCC_ClockConfig+0x1e8>
    }
    /* LSE is selected as System Clock Source */
    else
    {
      /* Check the LSE ready flag */
      if (READ_BIT(RCC->BDCR, RCC_BDCR_LSERDY) == 0U)
 800262a:	4b3e      	ldr	r3, [pc, #248]	; (8002724 <HAL_RCC_ClockConfig+0x1f8>)
 800262c:	6ddb      	ldr	r3, [r3, #92]	; 0x5c
 800262e:	2202      	movs	r2, #2
 8002630:	4013      	ands	r3, r2
 8002632:	d101      	bne.n	8002638 <HAL_RCC_ClockConfig+0x10c>
      {
        return HAL_ERROR;
 8002634:	2301      	movs	r3, #1
 8002636:	e06d      	b.n	8002714 <HAL_RCC_ClockConfig+0x1e8>
      }
    }
    MODIFY_REG(RCC->CFGR, RCC_CFGR_SW, RCC_ClkInitStruct->SYSCLKSource);
 8002638:	4b3a      	ldr	r3, [pc, #232]	; (8002724 <HAL_RCC_ClockConfig+0x1f8>)
 800263a:	689b      	ldr	r3, [r3, #8]
 800263c:	2207      	movs	r2, #7
 800263e:	4393      	bics	r3, r2
 8002640:	0019      	movs	r1, r3
 8002642:	687b      	ldr	r3, [r7, #4]
 8002644:	685a      	ldr	r2, [r3, #4]
 8002646:	4b37      	ldr	r3, [pc, #220]	; (8002724 <HAL_RCC_ClockConfig+0x1f8>)
 8002648:	430a      	orrs	r2, r1
 800264a:	609a      	str	r2, [r3, #8]

    /* Get Start Tick*/
    tickstart = HAL_GetTick();
 800264c:	f7fe fb38 	bl	8000cc0 <HAL_GetTick>
 8002650:	0003      	movs	r3, r0
 8002652:	60fb      	str	r3, [r7, #12]

    while (__HAL_RCC_GET_SYSCLK_SOURCE() != (RCC_ClkInitStruct->SYSCLKSource << RCC_CFGR_SWS_Pos))
 8002654:	e009      	b.n	800266a <HAL_RCC_ClockConfig+0x13e>
    {
      if ((HAL_GetTick() - tickstart) > CLOCKSWITCH_TIMEOUT_VALUE)
 8002656:	f7fe fb33 	bl	8000cc0 <HAL_GetTick>
 800265a:	0002      	movs	r2, r0
 800265c:	68fb      	ldr	r3, [r7, #12]
 800265e:	1ad3      	subs	r3, r2, r3
 8002660:	4a2f      	ldr	r2, [pc, #188]	; (8002720 <HAL_RCC_ClockConfig+0x1f4>)
 8002662:	4293      	cmp	r3, r2
 8002664:	d901      	bls.n	800266a <HAL_RCC_ClockConfig+0x13e>
      {
        return HAL_TIMEOUT;
 8002666:	2303      	movs	r3, #3
 8002668:	e054      	b.n	8002714 <HAL_RCC_ClockConfig+0x1e8>
    while (__HAL_RCC_GET_SYSCLK_SOURCE() != (RCC_ClkInitStruct->SYSCLKSource << RCC_CFGR_SWS_Pos))
 800266a:	4b2e      	ldr	r3, [pc, #184]	; (8002724 <HAL_RCC_ClockConfig+0x1f8>)
 800266c:	689b      	ldr	r3, [r3, #8]
 800266e:	2238      	movs	r2, #56	; 0x38
 8002670:	401a      	ands	r2, r3
 8002672:	687b      	ldr	r3, [r7, #4]
 8002674:	685b      	ldr	r3, [r3, #4]
 8002676:	00db      	lsls	r3, r3, #3
 8002678:	429a      	cmp	r2, r3
 800267a:	d1ec      	bne.n	8002656 <HAL_RCC_ClockConfig+0x12a>
      }
    }
  }

  /* Decreasing the number of wait states because of lower CPU frequency */
  if (FLatency < __HAL_FLASH_GET_LATENCY())
 800267c:	4b27      	ldr	r3, [pc, #156]	; (800271c <HAL_RCC_ClockConfig+0x1f0>)
 800267e:	681b      	ldr	r3, [r3, #0]
 8002680:	2207      	movs	r2, #7
 8002682:	4013      	ands	r3, r2
 8002684:	683a      	ldr	r2, [r7, #0]
 8002686:	429a      	cmp	r2, r3
 8002688:	d21e      	bcs.n	80026c8 <HAL_RCC_ClockConfig+0x19c>
  {
    /* Program the new number of wait states to the LATENCY bits in the FLASH_ACR register */
    __HAL_FLASH_SET_LATENCY(FLatency);
 800268a:	4b24      	ldr	r3, [pc, #144]	; (800271c <HAL_RCC_ClockConfig+0x1f0>)
 800268c:	681b      	ldr	r3, [r3, #0]
 800268e:	2207      	movs	r2, #7
 8002690:	4393      	bics	r3, r2
 8002692:	0019      	movs	r1, r3
 8002694:	4b21      	ldr	r3, [pc, #132]	; (800271c <HAL_RCC_ClockConfig+0x1f0>)
 8002696:	683a      	ldr	r2, [r7, #0]
 8002698:	430a      	orrs	r2, r1
 800269a:	601a      	str	r2, [r3, #0]

    /* Check that the new number of wait states is taken into account to access the Flash
    memory by polling the FLASH_ACR register */
    tickstart = HAL_GetTick();
 800269c:	f7fe fb10 	bl	8000cc0 <HAL_GetTick>
 80026a0:	0003      	movs	r3, r0
 80026a2:	60fb      	str	r3, [r7, #12]

    while ((FLASH->ACR & FLASH_ACR_LATENCY) != FLatency)
 80026a4:	e009      	b.n	80026ba <HAL_RCC_ClockConfig+0x18e>
    {
      if ((HAL_GetTick() - tickstart) > CLOCKSWITCH_TIMEOUT_VALUE)
 80026a6:	f7fe fb0b 	bl	8000cc0 <HAL_GetTick>
 80026aa:	0002      	movs	r2, r0
 80026ac:	68fb      	ldr	r3, [r7, #12]
 80026ae:	1ad3      	subs	r3, r2, r3
 80026b0:	4a1b      	ldr	r2, [pc, #108]	; (8002720 <HAL_RCC_ClockConfig+0x1f4>)
 80026b2:	4293      	cmp	r3, r2
 80026b4:	d901      	bls.n	80026ba <HAL_RCC_ClockConfig+0x18e>
      {
        return HAL_TIMEOUT;
 80026b6:	2303      	movs	r3, #3
 80026b8:	e02c      	b.n	8002714 <HAL_RCC_ClockConfig+0x1e8>
    while ((FLASH->ACR & FLASH_ACR_LATENCY) != FLatency)
 80026ba:	4b18      	ldr	r3, [pc, #96]	; (800271c <HAL_RCC_ClockConfig+0x1f0>)
 80026bc:	681b      	ldr	r3, [r3, #0]
 80026be:	2207      	movs	r2, #7
 80026c0:	4013      	ands	r3, r2
 80026c2:	683a      	ldr	r2, [r7, #0]
 80026c4:	429a      	cmp	r2, r3
 80026c6:	d1ee      	bne.n	80026a6 <HAL_RCC_ClockConfig+0x17a>
      }
    }
  }

  /*-------------------------- PCLK1 Configuration ---------------------------*/
  if (((RCC_ClkInitStruct->ClockType) & RCC_CLOCKTYPE_PCLK1) == RCC_CLOCKTYPE_PCLK1)
 80026c8:	687b      	ldr	r3, [r7, #4]
 80026ca:	681b      	ldr	r3, [r3, #0]
 80026cc:	2204      	movs	r2, #4
 80026ce:	4013      	ands	r3, r2
 80026d0:	d009      	beq.n	80026e6 <HAL_RCC_ClockConfig+0x1ba>
  {
    assert_param(IS_RCC_PCLK(RCC_ClkInitStruct->APB1CLKDivider));
    MODIFY_REG(RCC->CFGR, RCC_CFGR_PPRE, RCC_ClkInitStruct->APB1CLKDivider);
 80026d2:	4b14      	ldr	r3, [pc, #80]	; (8002724 <HAL_RCC_ClockConfig+0x1f8>)
 80026d4:	689b      	ldr	r3, [r3, #8]
 80026d6:	4a15      	ldr	r2, [pc, #84]	; (800272c <HAL_RCC_ClockConfig+0x200>)
 80026d8:	4013      	ands	r3, r2
 80026da:	0019      	movs	r1, r3
 80026dc:	687b      	ldr	r3, [r7, #4]
 80026de:	68da      	ldr	r2, [r3, #12]
 80026e0:	4b10      	ldr	r3, [pc, #64]	; (8002724 <HAL_RCC_ClockConfig+0x1f8>)
 80026e2:	430a      	orrs	r2, r1
 80026e4:	609a      	str	r2, [r3, #8]
  }

  /* Update the SystemCoreClock global variable */
  SystemCoreClock = (HAL_RCC_GetSysClockFreq() >> ((AHBPrescTable[(RCC->CFGR & RCC_CFGR_HPRE) >> RCC_CFGR_HPRE_Pos]) & 0x1FU));
 80026e6:	f000 f829 	bl	800273c <HAL_RCC_GetSysClockFreq>
 80026ea:	0001      	movs	r1, r0
 80026ec:	4b0d      	ldr	r3, [pc, #52]	; (8002724 <HAL_RCC_ClockConfig+0x1f8>)
 80026ee:	689b      	ldr	r3, [r3, #8]
 80026f0:	0a1b      	lsrs	r3, r3, #8
 80026f2:	220f      	movs	r2, #15
 80026f4:	401a      	ands	r2, r3
 80026f6:	4b0e      	ldr	r3, [pc, #56]	; (8002730 <HAL_RCC_ClockConfig+0x204>)
 80026f8:	0092      	lsls	r2, r2, #2
 80026fa:	58d3      	ldr	r3, [r2, r3]
 80026fc:	221f      	movs	r2, #31
 80026fe:	4013      	ands	r3, r2
 8002700:	000a      	movs	r2, r1
 8002702:	40da      	lsrs	r2, r3
 8002704:	4b0b      	ldr	r3, [pc, #44]	; (8002734 <HAL_RCC_ClockConfig+0x208>)
 8002706:	601a      	str	r2, [r3, #0]

  /* Configure the source of time base considering new system clocks settings*/
  return HAL_InitTick(uwTickPrio);
 8002708:	4b0b      	ldr	r3, [pc, #44]	; (8002738 <HAL_RCC_ClockConfig+0x20c>)
 800270a:	681b      	ldr	r3, [r3, #0]
 800270c:	0018      	movs	r0, r3
 800270e:	f7fe fa7b 	bl	8000c08 <HAL_InitTick>
 8002712:	0003      	movs	r3, r0
}
 8002714:	0018      	movs	r0, r3
 8002716:	46bd      	mov	sp, r7
 8002718:	b004      	add	sp, #16
 800271a:	bd80      	pop	{r7, pc}
 800271c:	40022000 	.word	0x40022000
 8002720:	00001388 	.word	0x00001388
 8002724:	40021000 	.word	0x40021000
 8002728:	fffff0ff 	.word	0xfffff0ff
 800272c:	ffff8fff 	.word	0xffff8fff
 8002730:	08005240 	.word	0x08005240
 8002734:	20000000 	.word	0x20000000
 8002738:	20000004 	.word	0x20000004

0800273c <HAL_RCC_GetSysClockFreq>:
  *
  *
  * @retval SYSCLK frequency
  */
uint32_t HAL_RCC_GetSysClockFreq(void)
{
 800273c:	b580      	push	{r7, lr}
 800273e:	b086      	sub	sp, #24
 8002740:	af00      	add	r7, sp, #0
  uint32_t pllvco, pllsource, pllr, pllm, hsidiv;
  uint32_t sysclockfreq;

  if (__HAL_RCC_GET_SYSCLK_SOURCE() == RCC_SYSCLKSOURCE_STATUS_HSI)
 8002742:	4b3c      	ldr	r3, [pc, #240]	; (8002834 <HAL_RCC_GetSysClockFreq+0xf8>)
 8002744:	689b      	ldr	r3, [r3, #8]
 8002746:	2238      	movs	r2, #56	; 0x38
 8002748:	4013      	ands	r3, r2
 800274a:	d10f      	bne.n	800276c <HAL_RCC_GetSysClockFreq+0x30>
  {
    /* HSISYS can be derived for HSI16 */
    hsidiv = (1UL << ((READ_BIT(RCC->CR, RCC_CR_HSIDIV)) >> RCC_CR_HSIDIV_Pos));
 800274c:	4b39      	ldr	r3, [pc, #228]	; (8002834 <HAL_RCC_GetSysClockFreq+0xf8>)
 800274e:	681b      	ldr	r3, [r3, #0]
 8002750:	0adb      	lsrs	r3, r3, #11
 8002752:	2207      	movs	r2, #7
 8002754:	4013      	ands	r3, r2
 8002756:	2201      	movs	r2, #1
 8002758:	409a      	lsls	r2, r3
 800275a:	0013      	movs	r3, r2
 800275c:	603b      	str	r3, [r7, #0]

    /* HSI used as system clock source */
    sysclockfreq = (HSI_VALUE / hsidiv);
 800275e:	6839      	ldr	r1, [r7, #0]
 8002760:	4835      	ldr	r0, [pc, #212]	; (8002838 <HAL_RCC_GetSysClockFreq+0xfc>)
 8002762:	f7fd fcab 	bl	80000bc <__udivsi3>
 8002766:	0003      	movs	r3, r0
 8002768:	613b      	str	r3, [r7, #16]
 800276a:	e05d      	b.n	8002828 <HAL_RCC_GetSysClockFreq+0xec>
  }
  else if (__HAL_RCC_GET_SYSCLK_SOURCE() == RCC_SYSCLKSOURCE_STATUS_HSE)
 800276c:	4b31      	ldr	r3, [pc, #196]	; (8002834 <HAL_RCC_GetSysClockFreq+0xf8>)
 800276e:	689b      	ldr	r3, [r3, #8]
 8002770:	2238      	movs	r2, #56	; 0x38
 8002772:	4013      	ands	r3, r2
 8002774:	2b08      	cmp	r3, #8
 8002776:	d102      	bne.n	800277e <HAL_RCC_GetSysClockFreq+0x42>
  {
    /* HSE used as system clock source */
    sysclockfreq = HSE_VALUE;
 8002778:	4b30      	ldr	r3, [pc, #192]	; (800283c <HAL_RCC_GetSysClockFreq+0x100>)
 800277a:	613b      	str	r3, [r7, #16]
 800277c:	e054      	b.n	8002828 <HAL_RCC_GetSysClockFreq+0xec>
  }
  else if (__HAL_RCC_GET_SYSCLK_SOURCE() == RCC_SYSCLKSOURCE_STATUS_PLLCLK)
 800277e:	4b2d      	ldr	r3, [pc, #180]	; (8002834 <HAL_RCC_GetSysClockFreq+0xf8>)
 8002780:	689b      	ldr	r3, [r3, #8]
 8002782:	2238      	movs	r2, #56	; 0x38
 8002784:	4013      	ands	r3, r2
 8002786:	2b10      	cmp	r3, #16
 8002788:	d138      	bne.n	80027fc <HAL_RCC_GetSysClockFreq+0xc0>
    /* PLL used as system clock  source */

    /* PLL_VCO = ((HSE_VALUE or HSI_VALUE)/ PLLM) * PLLN
    SYSCLK = PLL_VCO / PLLR
    */
    pllsource = (RCC->PLLCFGR & RCC_PLLCFGR_PLLSRC);
 800278a:	4b2a      	ldr	r3, [pc, #168]	; (8002834 <HAL_RCC_GetSysClockFreq+0xf8>)
 800278c:	68db      	ldr	r3, [r3, #12]
 800278e:	2203      	movs	r2, #3
 8002790:	4013      	ands	r3, r2
 8002792:	60fb      	str	r3, [r7, #12]
    pllm = ((RCC->PLLCFGR & RCC_PLLCFGR_PLLM) >> RCC_PLLCFGR_PLLM_Pos) + 1U ;
 8002794:	4b27      	ldr	r3, [pc, #156]	; (8002834 <HAL_RCC_GetSysClockFreq+0xf8>)
 8002796:	68db      	ldr	r3, [r3, #12]
 8002798:	091b      	lsrs	r3, r3, #4
 800279a:	2207      	movs	r2, #7
 800279c:	4013      	ands	r3, r2
 800279e:	3301      	adds	r3, #1
 80027a0:	60bb      	str	r3, [r7, #8]

    switch (pllsource)
 80027a2:	68fb      	ldr	r3, [r7, #12]
 80027a4:	2b03      	cmp	r3, #3
 80027a6:	d10d      	bne.n	80027c4 <HAL_RCC_GetSysClockFreq+0x88>
    {
      case RCC_PLLSOURCE_HSE:  /* HSE used as PLL clock source */
        pllvco = (HSE_VALUE / pllm) * ((RCC->PLLCFGR & RCC_PLLCFGR_PLLN) >> RCC_PLLCFGR_PLLN_Pos);
 80027a8:	68b9      	ldr	r1, [r7, #8]
 80027aa:	4824      	ldr	r0, [pc, #144]	; (800283c <HAL_RCC_GetSysClockFreq+0x100>)
 80027ac:	f7fd fc86 	bl	80000bc <__udivsi3>
 80027b0:	0003      	movs	r3, r0
 80027b2:	0019      	movs	r1, r3
 80027b4:	4b1f      	ldr	r3, [pc, #124]	; (8002834 <HAL_RCC_GetSysClockFreq+0xf8>)
 80027b6:	68db      	ldr	r3, [r3, #12]
 80027b8:	0a1b      	lsrs	r3, r3, #8
 80027ba:	227f      	movs	r2, #127	; 0x7f
 80027bc:	4013      	ands	r3, r2
 80027be:	434b      	muls	r3, r1
 80027c0:	617b      	str	r3, [r7, #20]
        break;
 80027c2:	e00d      	b.n	80027e0 <HAL_RCC_GetSysClockFreq+0xa4>

      case RCC_PLLSOURCE_HSI:  /* HSI16 used as PLL clock source */
      default:                 /* HSI16 used as PLL clock source */
        pllvco = (HSI_VALUE / pllm) * ((RCC->PLLCFGR & RCC_PLLCFGR_PLLN) >> RCC_PLLCFGR_PLLN_Pos) ;
 80027c4:	68b9      	ldr	r1, [r7, #8]
 80027c6:	481c      	ldr	r0, [pc, #112]	; (8002838 <HAL_RCC_GetSysClockFreq+0xfc>)
 80027c8:	f7fd fc78 	bl	80000bc <__udivsi3>
 80027cc:	0003      	movs	r3, r0
 80027ce:	0019      	movs	r1, r3
 80027d0:	4b18      	ldr	r3, [pc, #96]	; (8002834 <HAL_RCC_GetSysClockFreq+0xf8>)
 80027d2:	68db      	ldr	r3, [r3, #12]
 80027d4:	0a1b      	lsrs	r3, r3, #8
 80027d6:	227f      	movs	r2, #127	; 0x7f
 80027d8:	4013      	ands	r3, r2
 80027da:	434b      	muls	r3, r1
 80027dc:	617b      	str	r3, [r7, #20]
        break;
 80027de:	46c0      	nop			; (mov r8, r8)
    }
    pllr = (((RCC->PLLCFGR & RCC_PLLCFGR_PLLR) >> RCC_PLLCFGR_PLLR_Pos) + 1U);
 80027e0:	4b14      	ldr	r3, [pc, #80]	; (8002834 <HAL_RCC_GetSysClockFreq+0xf8>)
 80027e2:	68db      	ldr	r3, [r3, #12]
 80027e4:	0f5b      	lsrs	r3, r3, #29
 80027e6:	2207      	movs	r2, #7
 80027e8:	4013      	ands	r3, r2
 80027ea:	3301      	adds	r3, #1
 80027ec:	607b      	str	r3, [r7, #4]
    sysclockfreq = pllvco / pllr;
 80027ee:	6879      	ldr	r1, [r7, #4]
 80027f0:	6978      	ldr	r0, [r7, #20]
 80027f2:	f7fd fc63 	bl	80000bc <__udivsi3>
 80027f6:	0003      	movs	r3, r0
 80027f8:	613b      	str	r3, [r7, #16]
 80027fa:	e015      	b.n	8002828 <HAL_RCC_GetSysClockFreq+0xec>
  }
  else if (__HAL_RCC_GET_SYSCLK_SOURCE() == RCC_SYSCLKSOURCE_STATUS_LSE)
 80027fc:	4b0d      	ldr	r3, [pc, #52]	; (8002834 <HAL_RCC_GetSysClockFreq+0xf8>)
 80027fe:	689b      	ldr	r3, [r3, #8]
 8002800:	2238      	movs	r2, #56	; 0x38
 8002802:	4013      	ands	r3, r2
 8002804:	2b20      	cmp	r3, #32
 8002806:	d103      	bne.n	8002810 <HAL_RCC_GetSysClockFreq+0xd4>
  {
    /* LSE used as system clock source */
    sysclockfreq = LSE_VALUE;
 8002808:	2380      	movs	r3, #128	; 0x80
 800280a:	021b      	lsls	r3, r3, #8
 800280c:	613b      	str	r3, [r7, #16]
 800280e:	e00b      	b.n	8002828 <HAL_RCC_GetSysClockFreq+0xec>
  }
  else if (__HAL_RCC_GET_SYSCLK_SOURCE() == RCC_SYSCLKSOURCE_STATUS_LSI)
 8002810:	4b08      	ldr	r3, [pc, #32]	; (8002834 <HAL_RCC_GetSysClockFreq+0xf8>)
 8002812:	689b      	ldr	r3, [r3, #8]
 8002814:	2238      	movs	r2, #56	; 0x38
 8002816:	4013      	ands	r3, r2
 8002818:	2b18      	cmp	r3, #24
 800281a:	d103      	bne.n	8002824 <HAL_RCC_GetSysClockFreq+0xe8>
  {
    /* LSI used as system clock source */
    sysclockfreq = LSI_VALUE;
 800281c:	23fa      	movs	r3, #250	; 0xfa
 800281e:	01db      	lsls	r3, r3, #7
 8002820:	613b      	str	r3, [r7, #16]
 8002822:	e001      	b.n	8002828 <HAL_RCC_GetSysClockFreq+0xec>
  }
  else
  {
    sysclockfreq = 0U;
 8002824:	2300      	movs	r3, #0
 8002826:	613b      	str	r3, [r7, #16]
  }

  return sysclockfreq;
 8002828:	693b      	ldr	r3, [r7, #16]
}
 800282a:	0018      	movs	r0, r3
 800282c:	46bd      	mov	sp, r7
 800282e:	b006      	add	sp, #24
 8002830:	bd80      	pop	{r7, pc}
 8002832:	46c0      	nop			; (mov r8, r8)
 8002834:	40021000 	.word	0x40021000
 8002838:	00f42400 	.word	0x00f42400
 800283c:	007a1200 	.word	0x007a1200

08002840 <HAL_RCCEx_PeriphCLKConfig>:
  *         the RTC clock source: in this case the access to Backup domain is enabled.
  *
  * @retval HAL status
  */
HAL_StatusTypeDef HAL_RCCEx_PeriphCLKConfig(RCC_PeriphCLKInitTypeDef  *PeriphClkInit)
{
 8002840:	b580      	push	{r7, lr}
 8002842:	b086      	sub	sp, #24
 8002844:	af00      	add	r7, sp, #0
 8002846:	6078      	str	r0, [r7, #4]
  uint32_t tmpregister;
  uint32_t tickstart;
  HAL_StatusTypeDef ret    = HAL_OK;   /* Intermediate status */
 8002848:	2313      	movs	r3, #19
 800284a:	18fb      	adds	r3, r7, r3
 800284c:	2200      	movs	r2, #0
 800284e:	701a      	strb	r2, [r3, #0]
  HAL_StatusTypeDef status = HAL_OK;   /* Final status */
 8002850:	2312      	movs	r3, #18
 8002852:	18fb      	adds	r3, r7, r3
 8002854:	2200      	movs	r2, #0
 8002856:	701a      	strb	r2, [r3, #0]

  /* Check the parameters */
  assert_param(IS_RCC_PERIPHCLOCK(PeriphClkInit->PeriphClockSelection));

  /*-------------------------- RTC clock source configuration ----------------------*/
  if ((PeriphClkInit->PeriphClockSelection & RCC_PERIPHCLK_RTC) == RCC_PERIPHCLK_RTC)
 8002858:	687b      	ldr	r3, [r7, #4]
 800285a:	681a      	ldr	r2, [r3, #0]
 800285c:	2380      	movs	r3, #128	; 0x80
 800285e:	029b      	lsls	r3, r3, #10
 8002860:	4013      	ands	r3, r2
 8002862:	d100      	bne.n	8002866 <HAL_RCCEx_PeriphCLKConfig+0x26>
 8002864:	e0a3      	b.n	80029ae <HAL_RCCEx_PeriphCLKConfig+0x16e>
  {
    FlagStatus       pwrclkchanged = RESET;
 8002866:	2011      	movs	r0, #17
 8002868:	183b      	adds	r3, r7, r0
 800286a:	2200      	movs	r2, #0
 800286c:	701a      	strb	r2, [r3, #0]

    /* Check for RTC Parameters used to output RTCCLK */
    assert_param(IS_RCC_RTCCLKSOURCE(PeriphClkInit->RTCClockSelection));

    /* Enable Power Clock */
    if (__HAL_RCC_PWR_IS_CLK_DISABLED())
 800286e:	4ba5      	ldr	r3, [pc, #660]	; (8002b04 <HAL_RCCEx_PeriphCLKConfig+0x2c4>)
 8002870:	6bda      	ldr	r2, [r3, #60]	; 0x3c
 8002872:	2380      	movs	r3, #128	; 0x80
 8002874:	055b      	lsls	r3, r3, #21
 8002876:	4013      	ands	r3, r2
 8002878:	d110      	bne.n	800289c <HAL_RCCEx_PeriphCLKConfig+0x5c>
    {
      __HAL_RCC_PWR_CLK_ENABLE();
 800287a:	4ba2      	ldr	r3, [pc, #648]	; (8002b04 <HAL_RCCEx_PeriphCLKConfig+0x2c4>)
 800287c:	6bda      	ldr	r2, [r3, #60]	; 0x3c
 800287e:	4ba1      	ldr	r3, [pc, #644]	; (8002b04 <HAL_RCCEx_PeriphCLKConfig+0x2c4>)
 8002880:	2180      	movs	r1, #128	; 0x80
 8002882:	0549      	lsls	r1, r1, #21
 8002884:	430a      	orrs	r2, r1
 8002886:	63da      	str	r2, [r3, #60]	; 0x3c
 8002888:	4b9e      	ldr	r3, [pc, #632]	; (8002b04 <HAL_RCCEx_PeriphCLKConfig+0x2c4>)
 800288a:	6bda      	ldr	r2, [r3, #60]	; 0x3c
 800288c:	2380      	movs	r3, #128	; 0x80
 800288e:	055b      	lsls	r3, r3, #21
 8002890:	4013      	ands	r3, r2
 8002892:	60bb      	str	r3, [r7, #8]
 8002894:	68bb      	ldr	r3, [r7, #8]
      pwrclkchanged = SET;
 8002896:	183b      	adds	r3, r7, r0
 8002898:	2201      	movs	r2, #1
 800289a:	701a      	strb	r2, [r3, #0]
    }

    /* Enable write access to Backup domain */
    SET_BIT(PWR->CR1, PWR_CR1_DBP);
 800289c:	4b9a      	ldr	r3, [pc, #616]	; (8002b08 <HAL_RCCEx_PeriphCLKConfig+0x2c8>)
 800289e:	681a      	ldr	r2, [r3, #0]
 80028a0:	4b99      	ldr	r3, [pc, #612]	; (8002b08 <HAL_RCCEx_PeriphCLKConfig+0x2c8>)
 80028a2:	2180      	movs	r1, #128	; 0x80
 80028a4:	0049      	lsls	r1, r1, #1
 80028a6:	430a      	orrs	r2, r1
 80028a8:	601a      	str	r2, [r3, #0]

    /* Wait for Backup domain Write protection disable */
    tickstart = HAL_GetTick();
 80028aa:	f7fe fa09 	bl	8000cc0 <HAL_GetTick>
 80028ae:	0003      	movs	r3, r0
 80028b0:	60fb      	str	r3, [r7, #12]

    while ((PWR->CR1 & PWR_CR1_DBP) == 0U)
 80028b2:	e00b      	b.n	80028cc <HAL_RCCEx_PeriphCLKConfig+0x8c>
    {
      if ((HAL_GetTick() - tickstart) > RCC_DBP_TIMEOUT_VALUE)
 80028b4:	f7fe fa04 	bl	8000cc0 <HAL_GetTick>
 80028b8:	0002      	movs	r2, r0
 80028ba:	68fb      	ldr	r3, [r7, #12]
 80028bc:	1ad3      	subs	r3, r2, r3
 80028be:	2b02      	cmp	r3, #2
 80028c0:	d904      	bls.n	80028cc <HAL_RCCEx_PeriphCLKConfig+0x8c>
      {
        ret = HAL_TIMEOUT;
 80028c2:	2313      	movs	r3, #19
 80028c4:	18fb      	adds	r3, r7, r3
 80028c6:	2203      	movs	r2, #3
 80028c8:	701a      	strb	r2, [r3, #0]
        break;
 80028ca:	e005      	b.n	80028d8 <HAL_RCCEx_PeriphCLKConfig+0x98>
    while ((PWR->CR1 & PWR_CR1_DBP) == 0U)
 80028cc:	4b8e      	ldr	r3, [pc, #568]	; (8002b08 <HAL_RCCEx_PeriphCLKConfig+0x2c8>)
 80028ce:	681a      	ldr	r2, [r3, #0]
 80028d0:	2380      	movs	r3, #128	; 0x80
 80028d2:	005b      	lsls	r3, r3, #1
 80028d4:	4013      	ands	r3, r2
 80028d6:	d0ed      	beq.n	80028b4 <HAL_RCCEx_PeriphCLKConfig+0x74>
      }
    }

    if (ret == HAL_OK)
 80028d8:	2313      	movs	r3, #19
 80028da:	18fb      	adds	r3, r7, r3
 80028dc:	781b      	ldrb	r3, [r3, #0]
 80028de:	2b00      	cmp	r3, #0
 80028e0:	d154      	bne.n	800298c <HAL_RCCEx_PeriphCLKConfig+0x14c>
    {
      /* Reset the Backup domain only if the RTC Clock source selection is modified from default */
      tmpregister = READ_BIT(RCC->BDCR, RCC_BDCR_RTCSEL);
 80028e2:	4b88      	ldr	r3, [pc, #544]	; (8002b04 <HAL_RCCEx_PeriphCLKConfig+0x2c4>)
 80028e4:	6dda      	ldr	r2, [r3, #92]	; 0x5c
 80028e6:	23c0      	movs	r3, #192	; 0xc0
 80028e8:	009b      	lsls	r3, r3, #2
 80028ea:	4013      	ands	r3, r2
 80028ec:	617b      	str	r3, [r7, #20]

      /* Reset the Backup domain only if the RTC Clock source selection is modified */
      if ((tmpregister != RCC_RTCCLKSOURCE_NONE) && (tmpregister != PeriphClkInit->RTCClockSelection))
 80028ee:	697b      	ldr	r3, [r7, #20]
 80028f0:	2b00      	cmp	r3, #0
 80028f2:	d019      	beq.n	8002928 <HAL_RCCEx_PeriphCLKConfig+0xe8>
 80028f4:	687b      	ldr	r3, [r7, #4]
 80028f6:	6a5b      	ldr	r3, [r3, #36]	; 0x24
 80028f8:	697a      	ldr	r2, [r7, #20]
 80028fa:	429a      	cmp	r2, r3
 80028fc:	d014      	beq.n	8002928 <HAL_RCCEx_PeriphCLKConfig+0xe8>
      {
        /* Store the content of BDCR register before the reset of Backup Domain */
        tmpregister = READ_BIT(RCC->BDCR, ~(RCC_BDCR_RTCSEL));
 80028fe:	4b81      	ldr	r3, [pc, #516]	; (8002b04 <HAL_RCCEx_PeriphCLKConfig+0x2c4>)
 8002900:	6ddb      	ldr	r3, [r3, #92]	; 0x5c
 8002902:	4a82      	ldr	r2, [pc, #520]	; (8002b0c <HAL_RCCEx_PeriphCLKConfig+0x2cc>)
 8002904:	4013      	ands	r3, r2
 8002906:	617b      	str	r3, [r7, #20]
        /* RTC Clock selection can be changed only if the Backup Domain is reset */
        __HAL_RCC_BACKUPRESET_FORCE();
 8002908:	4b7e      	ldr	r3, [pc, #504]	; (8002b04 <HAL_RCCEx_PeriphCLKConfig+0x2c4>)
 800290a:	6dda      	ldr	r2, [r3, #92]	; 0x5c
 800290c:	4b7d      	ldr	r3, [pc, #500]	; (8002b04 <HAL_RCCEx_PeriphCLKConfig+0x2c4>)
 800290e:	2180      	movs	r1, #128	; 0x80
 8002910:	0249      	lsls	r1, r1, #9
 8002912:	430a      	orrs	r2, r1
 8002914:	65da      	str	r2, [r3, #92]	; 0x5c
        __HAL_RCC_BACKUPRESET_RELEASE();
 8002916:	4b7b      	ldr	r3, [pc, #492]	; (8002b04 <HAL_RCCEx_PeriphCLKConfig+0x2c4>)
 8002918:	6dda      	ldr	r2, [r3, #92]	; 0x5c
 800291a:	4b7a      	ldr	r3, [pc, #488]	; (8002b04 <HAL_RCCEx_PeriphCLKConfig+0x2c4>)
 800291c:	497c      	ldr	r1, [pc, #496]	; (8002b10 <HAL_RCCEx_PeriphCLKConfig+0x2d0>)
 800291e:	400a      	ands	r2, r1
 8002920:	65da      	str	r2, [r3, #92]	; 0x5c
        /* Restore the Content of BDCR register */
        RCC->BDCR = tmpregister;
 8002922:	4b78      	ldr	r3, [pc, #480]	; (8002b04 <HAL_RCCEx_PeriphCLKConfig+0x2c4>)
 8002924:	697a      	ldr	r2, [r7, #20]
 8002926:	65da      	str	r2, [r3, #92]	; 0x5c
      }

      /* Wait for LSE reactivation if LSE was enable prior to Backup Domain reset */
      if (HAL_IS_BIT_SET(tmpregister, RCC_BDCR_LSEON))
 8002928:	697b      	ldr	r3, [r7, #20]
 800292a:	2201      	movs	r2, #1
 800292c:	4013      	ands	r3, r2
 800292e:	d016      	beq.n	800295e <HAL_RCCEx_PeriphCLKConfig+0x11e>
      {
        /* Get Start Tick*/
        tickstart = HAL_GetTick();
 8002930:	f7fe f9c6 	bl	8000cc0 <HAL_GetTick>
 8002934:	0003      	movs	r3, r0
 8002936:	60fb      	str	r3, [r7, #12]

        /* Wait till LSE is ready */
        while (READ_BIT(RCC->BDCR, RCC_BDCR_LSERDY) == 0U)
 8002938:	e00c      	b.n	8002954 <HAL_RCCEx_PeriphCLKConfig+0x114>
        {
          if ((HAL_GetTick() - tickstart) > RCC_LSE_TIMEOUT_VALUE)
 800293a:	f7fe f9c1 	bl	8000cc0 <HAL_GetTick>
 800293e:	0002      	movs	r2, r0
 8002940:	68fb      	ldr	r3, [r7, #12]
 8002942:	1ad3      	subs	r3, r2, r3
 8002944:	4a73      	ldr	r2, [pc, #460]	; (8002b14 <HAL_RCCEx_PeriphCLKConfig+0x2d4>)
 8002946:	4293      	cmp	r3, r2
 8002948:	d904      	bls.n	8002954 <HAL_RCCEx_PeriphCLKConfig+0x114>
          {
            ret = HAL_TIMEOUT;
 800294a:	2313      	movs	r3, #19
 800294c:	18fb      	adds	r3, r7, r3
 800294e:	2203      	movs	r2, #3
 8002950:	701a      	strb	r2, [r3, #0]
            break;
 8002952:	e004      	b.n	800295e <HAL_RCCEx_PeriphCLKConfig+0x11e>
        while (READ_BIT(RCC->BDCR, RCC_BDCR_LSERDY) == 0U)
 8002954:	4b6b      	ldr	r3, [pc, #428]	; (8002b04 <HAL_RCCEx_PeriphCLKConfig+0x2c4>)
 8002956:	6ddb      	ldr	r3, [r3, #92]	; 0x5c
 8002958:	2202      	movs	r2, #2
 800295a:	4013      	ands	r3, r2
 800295c:	d0ed      	beq.n	800293a <HAL_RCCEx_PeriphCLKConfig+0xfa>
          }
        }
      }

      if (ret == HAL_OK)
 800295e:	2313      	movs	r3, #19
 8002960:	18fb      	adds	r3, r7, r3
 8002962:	781b      	ldrb	r3, [r3, #0]
 8002964:	2b00      	cmp	r3, #0
 8002966:	d10a      	bne.n	800297e <HAL_RCCEx_PeriphCLKConfig+0x13e>
      {
        /* Apply new RTC clock source selection */
        __HAL_RCC_RTC_CONFIG(PeriphClkInit->RTCClockSelection);
 8002968:	4b66      	ldr	r3, [pc, #408]	; (8002b04 <HAL_RCCEx_PeriphCLKConfig+0x2c4>)
 800296a:	6ddb      	ldr	r3, [r3, #92]	; 0x5c
 800296c:	4a67      	ldr	r2, [pc, #412]	; (8002b0c <HAL_RCCEx_PeriphCLKConfig+0x2cc>)
 800296e:	4013      	ands	r3, r2
 8002970:	0019      	movs	r1, r3
 8002972:	687b      	ldr	r3, [r7, #4]
 8002974:	6a5a      	ldr	r2, [r3, #36]	; 0x24
 8002976:	4b63      	ldr	r3, [pc, #396]	; (8002b04 <HAL_RCCEx_PeriphCLKConfig+0x2c4>)
 8002978:	430a      	orrs	r2, r1
 800297a:	65da      	str	r2, [r3, #92]	; 0x5c
 800297c:	e00c      	b.n	8002998 <HAL_RCCEx_PeriphCLKConfig+0x158>
      }
      else
      {
        /* set overall return value */
        status = ret;
 800297e:	2312      	movs	r3, #18
 8002980:	18fb      	adds	r3, r7, r3
 8002982:	2213      	movs	r2, #19
 8002984:	18ba      	adds	r2, r7, r2
 8002986:	7812      	ldrb	r2, [r2, #0]
 8002988:	701a      	strb	r2, [r3, #0]
 800298a:	e005      	b.n	8002998 <HAL_RCCEx_PeriphCLKConfig+0x158>
      }
    }
    else
    {
      /* set overall return value */
      status = ret;
 800298c:	2312      	movs	r3, #18
 800298e:	18fb      	adds	r3, r7, r3
 8002990:	2213      	movs	r2, #19
 8002992:	18ba      	adds	r2, r7, r2
 8002994:	7812      	ldrb	r2, [r2, #0]
 8002996:	701a      	strb	r2, [r3, #0]
    }

    /* Restore clock configuration if changed */
    if (pwrclkchanged == SET)
 8002998:	2311      	movs	r3, #17
 800299a:	18fb      	adds	r3, r7, r3
 800299c:	781b      	ldrb	r3, [r3, #0]
 800299e:	2b01      	cmp	r3, #1
 80029a0:	d105      	bne.n	80029ae <HAL_RCCEx_PeriphCLKConfig+0x16e>
    {
      __HAL_RCC_PWR_CLK_DISABLE();
 80029a2:	4b58      	ldr	r3, [pc, #352]	; (8002b04 <HAL_RCCEx_PeriphCLKConfig+0x2c4>)
 80029a4:	6bda      	ldr	r2, [r3, #60]	; 0x3c
 80029a6:	4b57      	ldr	r3, [pc, #348]	; (8002b04 <HAL_RCCEx_PeriphCLKConfig+0x2c4>)
 80029a8:	495b      	ldr	r1, [pc, #364]	; (8002b18 <HAL_RCCEx_PeriphCLKConfig+0x2d8>)
 80029aa:	400a      	ands	r2, r1
 80029ac:	63da      	str	r2, [r3, #60]	; 0x3c
    }
  }

  /*-------------------------- USART1 clock source configuration -------------------*/
  if (((PeriphClkInit->PeriphClockSelection) & RCC_PERIPHCLK_USART1) == RCC_PERIPHCLK_USART1)
 80029ae:	687b      	ldr	r3, [r7, #4]
 80029b0:	681b      	ldr	r3, [r3, #0]
 80029b2:	2201      	movs	r2, #1
 80029b4:	4013      	ands	r3, r2
 80029b6:	d009      	beq.n	80029cc <HAL_RCCEx_PeriphCLKConfig+0x18c>
  {
    /* Check the parameters */
    assert_param(IS_RCC_USART1CLKSOURCE(PeriphClkInit->Usart1ClockSelection));

    /* Configure the USART1 clock source */
    __HAL_RCC_USART1_CONFIG(PeriphClkInit->Usart1ClockSelection);
 80029b8:	4b52      	ldr	r3, [pc, #328]	; (8002b04 <HAL_RCCEx_PeriphCLKConfig+0x2c4>)
 80029ba:	6d5b      	ldr	r3, [r3, #84]	; 0x54
 80029bc:	2203      	movs	r2, #3
 80029be:	4393      	bics	r3, r2
 80029c0:	0019      	movs	r1, r3
 80029c2:	687b      	ldr	r3, [r7, #4]
 80029c4:	685a      	ldr	r2, [r3, #4]
 80029c6:	4b4f      	ldr	r3, [pc, #316]	; (8002b04 <HAL_RCCEx_PeriphCLKConfig+0x2c4>)
 80029c8:	430a      	orrs	r2, r1
 80029ca:	655a      	str	r2, [r3, #84]	; 0x54
  }
#endif /* RCC_CCIPR_USART3SEL */

#if defined(LPUART1)
  /*-------------------------- LPUART1 clock source configuration ------------------*/
  if (((PeriphClkInit->PeriphClockSelection) & RCC_PERIPHCLK_LPUART1) == RCC_PERIPHCLK_LPUART1)
 80029cc:	687b      	ldr	r3, [r7, #4]
 80029ce:	681b      	ldr	r3, [r3, #0]
 80029d0:	2210      	movs	r2, #16
 80029d2:	4013      	ands	r3, r2
 80029d4:	d009      	beq.n	80029ea <HAL_RCCEx_PeriphCLKConfig+0x1aa>
  {
    /* Check the parameters */
    assert_param(IS_RCC_LPUART1CLKSOURCE(PeriphClkInit->Lpuart1ClockSelection));

    /* Configure the LPUART1 clock source */
    __HAL_RCC_LPUART1_CONFIG(PeriphClkInit->Lpuart1ClockSelection);
 80029d6:	4b4b      	ldr	r3, [pc, #300]	; (8002b04 <HAL_RCCEx_PeriphCLKConfig+0x2c4>)
 80029d8:	6d5b      	ldr	r3, [r3, #84]	; 0x54
 80029da:	4a50      	ldr	r2, [pc, #320]	; (8002b1c <HAL_RCCEx_PeriphCLKConfig+0x2dc>)
 80029dc:	4013      	ands	r3, r2
 80029de:	0019      	movs	r1, r3
 80029e0:	687b      	ldr	r3, [r7, #4]
 80029e2:	689a      	ldr	r2, [r3, #8]
 80029e4:	4b47      	ldr	r3, [pc, #284]	; (8002b04 <HAL_RCCEx_PeriphCLKConfig+0x2c4>)
 80029e6:	430a      	orrs	r2, r1
 80029e8:	655a      	str	r2, [r3, #84]	; 0x54
  }
#endif /* LPUART2 */

#if defined(RCC_CCIPR_LPTIM1SEL)
  /*-------------------------- LPTIM1 clock source configuration -------------------*/
  if (((PeriphClkInit->PeriphClockSelection) & RCC_PERIPHCLK_LPTIM1) == (RCC_PERIPHCLK_LPTIM1))
 80029ea:	687b      	ldr	r3, [r7, #4]
 80029ec:	681a      	ldr	r2, [r3, #0]
 80029ee:	2380      	movs	r3, #128	; 0x80
 80029f0:	009b      	lsls	r3, r3, #2
 80029f2:	4013      	ands	r3, r2
 80029f4:	d009      	beq.n	8002a0a <HAL_RCCEx_PeriphCLKConfig+0x1ca>
  {
    assert_param(IS_RCC_LPTIM1CLKSOURCE(PeriphClkInit->Lptim1ClockSelection));
    __HAL_RCC_LPTIM1_CONFIG(PeriphClkInit->Lptim1ClockSelection);
 80029f6:	4b43      	ldr	r3, [pc, #268]	; (8002b04 <HAL_RCCEx_PeriphCLKConfig+0x2c4>)
 80029f8:	6d5b      	ldr	r3, [r3, #84]	; 0x54
 80029fa:	4a49      	ldr	r2, [pc, #292]	; (8002b20 <HAL_RCCEx_PeriphCLKConfig+0x2e0>)
 80029fc:	4013      	ands	r3, r2
 80029fe:	0019      	movs	r1, r3
 8002a00:	687b      	ldr	r3, [r7, #4]
 8002a02:	695a      	ldr	r2, [r3, #20]
 8002a04:	4b3f      	ldr	r3, [pc, #252]	; (8002b04 <HAL_RCCEx_PeriphCLKConfig+0x2c4>)
 8002a06:	430a      	orrs	r2, r1
 8002a08:	655a      	str	r2, [r3, #84]	; 0x54
  }
#endif /* RCC_CCIPR_LPTIM1SEL */

#if defined(RCC_CCIPR_LPTIM2SEL)
  /*-------------------------- LPTIM2 clock source configuration -------------------*/
  if (((PeriphClkInit->PeriphClockSelection) & RCC_PERIPHCLK_LPTIM2) == (RCC_PERIPHCLK_LPTIM2))
 8002a0a:	687b      	ldr	r3, [r7, #4]
 8002a0c:	681a      	ldr	r2, [r3, #0]
 8002a0e:	2380      	movs	r3, #128	; 0x80
 8002a10:	00db      	lsls	r3, r3, #3
 8002a12:	4013      	ands	r3, r2
 8002a14:	d009      	beq.n	8002a2a <HAL_RCCEx_PeriphCLKConfig+0x1ea>
  {
    assert_param(IS_RCC_LPTIM2CLKSOURCE(PeriphClkInit->Lptim2ClockSelection));
    __HAL_RCC_LPTIM2_CONFIG(PeriphClkInit->Lptim2ClockSelection);
 8002a16:	4b3b      	ldr	r3, [pc, #236]	; (8002b04 <HAL_RCCEx_PeriphCLKConfig+0x2c4>)
 8002a18:	6d5b      	ldr	r3, [r3, #84]	; 0x54
 8002a1a:	4a42      	ldr	r2, [pc, #264]	; (8002b24 <HAL_RCCEx_PeriphCLKConfig+0x2e4>)
 8002a1c:	4013      	ands	r3, r2
 8002a1e:	0019      	movs	r1, r3
 8002a20:	687b      	ldr	r3, [r7, #4]
 8002a22:	699a      	ldr	r2, [r3, #24]
 8002a24:	4b37      	ldr	r3, [pc, #220]	; (8002b04 <HAL_RCCEx_PeriphCLKConfig+0x2c4>)
 8002a26:	430a      	orrs	r2, r1
 8002a28:	655a      	str	r2, [r3, #84]	; 0x54
  }
#endif /* RCC_CCIPR_LPTIM2SEL */

  /*-------------------------- I2C1 clock source configuration ---------------------*/
  if (((PeriphClkInit->PeriphClockSelection) & RCC_PERIPHCLK_I2C1) == RCC_PERIPHCLK_I2C1)
 8002a2a:	687b      	ldr	r3, [r7, #4]
 8002a2c:	681b      	ldr	r3, [r3, #0]
 8002a2e:	2220      	movs	r2, #32
 8002a30:	4013      	ands	r3, r2
 8002a32:	d009      	beq.n	8002a48 <HAL_RCCEx_PeriphCLKConfig+0x208>
  {
    /* Check the parameters */
    assert_param(IS_RCC_I2C1CLKSOURCE(PeriphClkInit->I2c1ClockSelection));

    /* Configure the I2C1 clock source */
    __HAL_RCC_I2C1_CONFIG(PeriphClkInit->I2c1ClockSelection);
 8002a34:	4b33      	ldr	r3, [pc, #204]	; (8002b04 <HAL_RCCEx_PeriphCLKConfig+0x2c4>)
 8002a36:	6d5b      	ldr	r3, [r3, #84]	; 0x54
 8002a38:	4a3b      	ldr	r2, [pc, #236]	; (8002b28 <HAL_RCCEx_PeriphCLKConfig+0x2e8>)
 8002a3a:	4013      	ands	r3, r2
 8002a3c:	0019      	movs	r1, r3
 8002a3e:	687b      	ldr	r3, [r7, #4]
 8002a40:	68da      	ldr	r2, [r3, #12]
 8002a42:	4b30      	ldr	r3, [pc, #192]	; (8002b04 <HAL_RCCEx_PeriphCLKConfig+0x2c4>)
 8002a44:	430a      	orrs	r2, r1
 8002a46:	655a      	str	r2, [r3, #84]	; 0x54
      __HAL_RCC_PLLCLKOUT_ENABLE(RCC_PLLQCLK);
    }
  }
#endif /* RNG */
  /*-------------------------- ADC clock source configuration ----------------------*/
  if (((PeriphClkInit->PeriphClockSelection) & RCC_PERIPHCLK_ADC) == RCC_PERIPHCLK_ADC)
 8002a48:	687b      	ldr	r3, [r7, #4]
 8002a4a:	681a      	ldr	r2, [r3, #0]
 8002a4c:	2380      	movs	r3, #128	; 0x80
 8002a4e:	01db      	lsls	r3, r3, #7
 8002a50:	4013      	ands	r3, r2
 8002a52:	d015      	beq.n	8002a80 <HAL_RCCEx_PeriphCLKConfig+0x240>
  {
    /* Check the parameters */
    assert_param(IS_RCC_ADCCLKSOURCE(PeriphClkInit->AdcClockSelection));

    /* Configure the ADC interface clock source */
    __HAL_RCC_ADC_CONFIG(PeriphClkInit->AdcClockSelection);
 8002a54:	4b2b      	ldr	r3, [pc, #172]	; (8002b04 <HAL_RCCEx_PeriphCLKConfig+0x2c4>)
 8002a56:	6d5b      	ldr	r3, [r3, #84]	; 0x54
 8002a58:	009b      	lsls	r3, r3, #2
 8002a5a:	0899      	lsrs	r1, r3, #2
 8002a5c:	687b      	ldr	r3, [r7, #4]
 8002a5e:	69da      	ldr	r2, [r3, #28]
 8002a60:	4b28      	ldr	r3, [pc, #160]	; (8002b04 <HAL_RCCEx_PeriphCLKConfig+0x2c4>)
 8002a62:	430a      	orrs	r2, r1
 8002a64:	655a      	str	r2, [r3, #84]	; 0x54

    if (PeriphClkInit->AdcClockSelection == RCC_ADCCLKSOURCE_PLLADC)
 8002a66:	687b      	ldr	r3, [r7, #4]
 8002a68:	69da      	ldr	r2, [r3, #28]
 8002a6a:	2380      	movs	r3, #128	; 0x80
 8002a6c:	05db      	lsls	r3, r3, #23
 8002a6e:	429a      	cmp	r2, r3
 8002a70:	d106      	bne.n	8002a80 <HAL_RCCEx_PeriphCLKConfig+0x240>
    {
      /* Enable PLLPCLK output */
      __HAL_RCC_PLLCLKOUT_ENABLE(RCC_PLLPCLK);
 8002a72:	4b24      	ldr	r3, [pc, #144]	; (8002b04 <HAL_RCCEx_PeriphCLKConfig+0x2c4>)
 8002a74:	68da      	ldr	r2, [r3, #12]
 8002a76:	4b23      	ldr	r3, [pc, #140]	; (8002b04 <HAL_RCCEx_PeriphCLKConfig+0x2c4>)
 8002a78:	2180      	movs	r1, #128	; 0x80
 8002a7a:	0249      	lsls	r1, r1, #9
 8002a7c:	430a      	orrs	r2, r1
 8002a7e:	60da      	str	r2, [r3, #12]
  }
#endif /* CEC */

#if defined(RCC_CCIPR_TIM1SEL)
  /*-------------------------- TIM1 clock source configuration ---------------------*/
  if (((PeriphClkInit->PeriphClockSelection) & RCC_PERIPHCLK_TIM1) == RCC_PERIPHCLK_TIM1)
 8002a80:	687b      	ldr	r3, [r7, #4]
 8002a82:	681a      	ldr	r2, [r3, #0]
 8002a84:	2380      	movs	r3, #128	; 0x80
 8002a86:	039b      	lsls	r3, r3, #14
 8002a88:	4013      	ands	r3, r2
 8002a8a:	d016      	beq.n	8002aba <HAL_RCCEx_PeriphCLKConfig+0x27a>
  {
    /* Check the parameters */
    assert_param(IS_RCC_TIM1CLKSOURCE(PeriphClkInit->Tim1ClockSelection));

    /* Configure the TIM1 clock source */
    __HAL_RCC_TIM1_CONFIG(PeriphClkInit->Tim1ClockSelection);
 8002a8c:	4b1d      	ldr	r3, [pc, #116]	; (8002b04 <HAL_RCCEx_PeriphCLKConfig+0x2c4>)
 8002a8e:	6d5b      	ldr	r3, [r3, #84]	; 0x54
 8002a90:	4a26      	ldr	r2, [pc, #152]	; (8002b2c <HAL_RCCEx_PeriphCLKConfig+0x2ec>)
 8002a92:	4013      	ands	r3, r2
 8002a94:	0019      	movs	r1, r3
 8002a96:	687b      	ldr	r3, [r7, #4]
 8002a98:	6a1a      	ldr	r2, [r3, #32]
 8002a9a:	4b1a      	ldr	r3, [pc, #104]	; (8002b04 <HAL_RCCEx_PeriphCLKConfig+0x2c4>)
 8002a9c:	430a      	orrs	r2, r1
 8002a9e:	655a      	str	r2, [r3, #84]	; 0x54

    if (PeriphClkInit->Tim1ClockSelection == RCC_TIM1CLKSOURCE_PLL)
 8002aa0:	687b      	ldr	r3, [r7, #4]
 8002aa2:	6a1a      	ldr	r2, [r3, #32]
 8002aa4:	2380      	movs	r3, #128	; 0x80
 8002aa6:	03db      	lsls	r3, r3, #15
 8002aa8:	429a      	cmp	r2, r3
 8002aaa:	d106      	bne.n	8002aba <HAL_RCCEx_PeriphCLKConfig+0x27a>
    {
      /* Enable PLLQCLK output */
      __HAL_RCC_PLLCLKOUT_ENABLE(RCC_PLLQCLK);
 8002aac:	4b15      	ldr	r3, [pc, #84]	; (8002b04 <HAL_RCCEx_PeriphCLKConfig+0x2c4>)
 8002aae:	68da      	ldr	r2, [r3, #12]
 8002ab0:	4b14      	ldr	r3, [pc, #80]	; (8002b04 <HAL_RCCEx_PeriphCLKConfig+0x2c4>)
 8002ab2:	2180      	movs	r1, #128	; 0x80
 8002ab4:	0449      	lsls	r1, r1, #17
 8002ab6:	430a      	orrs	r2, r1
 8002ab8:	60da      	str	r2, [r3, #12]
    }
  }
#endif /* RCC_CCIPR_TIM15SEL */

  /*-------------------------- I2S1 clock source configuration ---------------------*/
  if (((PeriphClkInit->PeriphClockSelection) & RCC_PERIPHCLK_I2S1) == RCC_PERIPHCLK_I2S1)
 8002aba:	687b      	ldr	r3, [r7, #4]
 8002abc:	681a      	ldr	r2, [r3, #0]
 8002abe:	2380      	movs	r3, #128	; 0x80
 8002ac0:	011b      	lsls	r3, r3, #4
 8002ac2:	4013      	ands	r3, r2
 8002ac4:	d016      	beq.n	8002af4 <HAL_RCCEx_PeriphCLKConfig+0x2b4>
  {
    /* Check the parameters */
    assert_param(IS_RCC_I2S1CLKSOURCE(PeriphClkInit->I2s1ClockSelection));

    /* Configure the I2S1 clock source */
    __HAL_RCC_I2S1_CONFIG(PeriphClkInit->I2s1ClockSelection);
 8002ac6:	4b0f      	ldr	r3, [pc, #60]	; (8002b04 <HAL_RCCEx_PeriphCLKConfig+0x2c4>)
 8002ac8:	6d5b      	ldr	r3, [r3, #84]	; 0x54
 8002aca:	4a19      	ldr	r2, [pc, #100]	; (8002b30 <HAL_RCCEx_PeriphCLKConfig+0x2f0>)
 8002acc:	4013      	ands	r3, r2
 8002ace:	0019      	movs	r1, r3
 8002ad0:	687b      	ldr	r3, [r7, #4]
 8002ad2:	691a      	ldr	r2, [r3, #16]
 8002ad4:	4b0b      	ldr	r3, [pc, #44]	; (8002b04 <HAL_RCCEx_PeriphCLKConfig+0x2c4>)
 8002ad6:	430a      	orrs	r2, r1
 8002ad8:	655a      	str	r2, [r3, #84]	; 0x54

    if (PeriphClkInit->I2s1ClockSelection == RCC_I2S1CLKSOURCE_PLL)
 8002ada:	687b      	ldr	r3, [r7, #4]
 8002adc:	691a      	ldr	r2, [r3, #16]
 8002ade:	2380      	movs	r3, #128	; 0x80
 8002ae0:	01db      	lsls	r3, r3, #7
 8002ae2:	429a      	cmp	r2, r3
 8002ae4:	d106      	bne.n	8002af4 <HAL_RCCEx_PeriphCLKConfig+0x2b4>
    {
      /* Enable PLLPCLK output */
      __HAL_RCC_PLLCLKOUT_ENABLE(RCC_PLLPCLK);
 8002ae6:	4b07      	ldr	r3, [pc, #28]	; (8002b04 <HAL_RCCEx_PeriphCLKConfig+0x2c4>)
 8002ae8:	68da      	ldr	r2, [r3, #12]
 8002aea:	4b06      	ldr	r3, [pc, #24]	; (8002b04 <HAL_RCCEx_PeriphCLKConfig+0x2c4>)
 8002aec:	2180      	movs	r1, #128	; 0x80
 8002aee:	0249      	lsls	r1, r1, #9
 8002af0:	430a      	orrs	r2, r1
 8002af2:	60da      	str	r2, [r3, #12]
      __HAL_RCC_PLLCLKOUT_ENABLE(RCC_PLLQCLK);
    }
  }
#endif /* FDCAN1 || FDCAN2 */

  return status;
 8002af4:	2312      	movs	r3, #18
 8002af6:	18fb      	adds	r3, r7, r3
 8002af8:	781b      	ldrb	r3, [r3, #0]
}
 8002afa:	0018      	movs	r0, r3
 8002afc:	46bd      	mov	sp, r7
 8002afe:	b006      	add	sp, #24
 8002b00:	bd80      	pop	{r7, pc}
 8002b02:	46c0      	nop			; (mov r8, r8)
 8002b04:	40021000 	.word	0x40021000
 8002b08:	40007000 	.word	0x40007000
 8002b0c:	fffffcff 	.word	0xfffffcff
 8002b10:	fffeffff 	.word	0xfffeffff
 8002b14:	00001388 	.word	0x00001388
 8002b18:	efffffff 	.word	0xefffffff
 8002b1c:	fffff3ff 	.word	0xfffff3ff
 8002b20:	fff3ffff 	.word	0xfff3ffff
 8002b24:	ffcfffff 	.word	0xffcfffff
 8002b28:	ffffcfff 	.word	0xffffcfff
 8002b2c:	ffbfffff 	.word	0xffbfffff
 8002b30:	ffff3fff 	.word	0xffff3fff

08002b34 <HAL_TIM_Base_Init>:
  *         Ex: call @ref HAL_TIM_Base_DeInit() before HAL_TIM_Base_Init()
  * @param  htim TIM Base handle
  * @retval HAL status
  */
HAL_StatusTypeDef HAL_TIM_Base_Init(TIM_HandleTypeDef *htim)
{
 8002b34:	b580      	push	{r7, lr}
 8002b36:	b082      	sub	sp, #8
 8002b38:	af00      	add	r7, sp, #0
 8002b3a:	6078      	str	r0, [r7, #4]
  /* Check the TIM handle allocation */
  if (htim == NULL)
 8002b3c:	687b      	ldr	r3, [r7, #4]
 8002b3e:	2b00      	cmp	r3, #0
 8002b40:	d101      	bne.n	8002b46 <HAL_TIM_Base_Init+0x12>
  {
    return HAL_ERROR;
 8002b42:	2301      	movs	r3, #1
 8002b44:	e056      	b.n	8002bf4 <HAL_TIM_Base_Init+0xc0>
  assert_param(IS_TIM_COUNTER_MODE(htim->Init.CounterMode));
  assert_param(IS_TIM_CLOCKDIVISION_DIV(htim->Init.ClockDivision));
  assert_param(IS_TIM_PERIOD(htim, htim->Init.Period));
  assert_param(IS_TIM_AUTORELOAD_PRELOAD(htim->Init.AutoReloadPreload));

  if (htim->State == HAL_TIM_STATE_RESET)
 8002b46:	687b      	ldr	r3, [r7, #4]
 8002b48:	223d      	movs	r2, #61	; 0x3d
 8002b4a:	5c9b      	ldrb	r3, [r3, r2]
 8002b4c:	b2db      	uxtb	r3, r3
 8002b4e:	2b00      	cmp	r3, #0
 8002b50:	d113      	bne.n	8002b7a <HAL_TIM_Base_Init+0x46>
  {
    /* Allocate lock resource and initialize it */
    htim->Lock = HAL_UNLOCKED;
 8002b52:	687b      	ldr	r3, [r7, #4]
 8002b54:	223c      	movs	r2, #60	; 0x3c
 8002b56:	2100      	movs	r1, #0
 8002b58:	5499      	strb	r1, [r3, r2]

#if (USE_HAL_TIM_REGISTER_CALLBACKS == 1)
    /* Reset interrupt callbacks to legacy weak callbacks */
    TIM_ResetCallback(htim);
 8002b5a:	687b      	ldr	r3, [r7, #4]
 8002b5c:	0018      	movs	r0, r3
 8002b5e:	f000 ff6d 	bl	8003a3c <TIM_ResetCallback>

    if (htim->Base_MspInitCallback == NULL)
 8002b62:	687b      	ldr	r3, [r7, #4]
 8002b64:	6cdb      	ldr	r3, [r3, #76]	; 0x4c
 8002b66:	2b00      	cmp	r3, #0
 8002b68:	d102      	bne.n	8002b70 <HAL_TIM_Base_Init+0x3c>
    {
      htim->Base_MspInitCallback = HAL_TIM_Base_MspInit;
 8002b6a:	687b      	ldr	r3, [r7, #4]
 8002b6c:	4a23      	ldr	r2, [pc, #140]	; (8002bfc <HAL_TIM_Base_Init+0xc8>)
 8002b6e:	64da      	str	r2, [r3, #76]	; 0x4c
    }
    /* Init the low level hardware : GPIO, CLOCK, NVIC */
    htim->Base_MspInitCallback(htim);
 8002b70:	687b      	ldr	r3, [r7, #4]
 8002b72:	6cdb      	ldr	r3, [r3, #76]	; 0x4c
 8002b74:	687a      	ldr	r2, [r7, #4]
 8002b76:	0010      	movs	r0, r2
 8002b78:	4798      	blx	r3
    HAL_TIM_Base_MspInit(htim);
#endif /* USE_HAL_TIM_REGISTER_CALLBACKS */
  }

  /* Set the TIM state */
  htim->State = HAL_TIM_STATE_BUSY;
 8002b7a:	687b      	ldr	r3, [r7, #4]
 8002b7c:	223d      	movs	r2, #61	; 0x3d
 8002b7e:	2102      	movs	r1, #2
 8002b80:	5499      	strb	r1, [r3, r2]

  /* Set the Time Base configuration */
  TIM_Base_SetConfig(htim->Instance, &htim->Init);
 8002b82:	687b      	ldr	r3, [r7, #4]
 8002b84:	681a      	ldr	r2, [r3, #0]
 8002b86:	687b      	ldr	r3, [r7, #4]
 8002b88:	3304      	adds	r3, #4
 8002b8a:	0019      	movs	r1, r3
 8002b8c:	0010      	movs	r0, r2
 8002b8e:	f000 fb99 	bl	80032c4 <TIM_Base_SetConfig>

  /* Initialize the DMA burst operation state */
  htim->DMABurstState = HAL_DMA_BURST_STATE_READY;
 8002b92:	687b      	ldr	r3, [r7, #4]
 8002b94:	2248      	movs	r2, #72	; 0x48
 8002b96:	2101      	movs	r1, #1
 8002b98:	5499      	strb	r1, [r3, r2]

  /* Initialize the TIM channels state */
  TIM_CHANNEL_STATE_SET_ALL(htim, HAL_TIM_CHANNEL_STATE_READY);
 8002b9a:	687b      	ldr	r3, [r7, #4]
 8002b9c:	223e      	movs	r2, #62	; 0x3e
 8002b9e:	2101      	movs	r1, #1
 8002ba0:	5499      	strb	r1, [r3, r2]
 8002ba2:	687b      	ldr	r3, [r7, #4]
 8002ba4:	223f      	movs	r2, #63	; 0x3f
 8002ba6:	2101      	movs	r1, #1
 8002ba8:	5499      	strb	r1, [r3, r2]
 8002baa:	687b      	ldr	r3, [r7, #4]
 8002bac:	2240      	movs	r2, #64	; 0x40
 8002bae:	2101      	movs	r1, #1
 8002bb0:	5499      	strb	r1, [r3, r2]
 8002bb2:	687b      	ldr	r3, [r7, #4]
 8002bb4:	2241      	movs	r2, #65	; 0x41
 8002bb6:	2101      	movs	r1, #1
 8002bb8:	5499      	strb	r1, [r3, r2]
 8002bba:	687b      	ldr	r3, [r7, #4]
 8002bbc:	2242      	movs	r2, #66	; 0x42
 8002bbe:	2101      	movs	r1, #1
 8002bc0:	5499      	strb	r1, [r3, r2]
 8002bc2:	687b      	ldr	r3, [r7, #4]
 8002bc4:	2243      	movs	r2, #67	; 0x43
 8002bc6:	2101      	movs	r1, #1
 8002bc8:	5499      	strb	r1, [r3, r2]
  TIM_CHANNEL_N_STATE_SET_ALL(htim, HAL_TIM_CHANNEL_STATE_READY);
 8002bca:	687b      	ldr	r3, [r7, #4]
 8002bcc:	2244      	movs	r2, #68	; 0x44
 8002bce:	2101      	movs	r1, #1
 8002bd0:	5499      	strb	r1, [r3, r2]
 8002bd2:	687b      	ldr	r3, [r7, #4]
 8002bd4:	2245      	movs	r2, #69	; 0x45
 8002bd6:	2101      	movs	r1, #1
 8002bd8:	5499      	strb	r1, [r3, r2]
 8002bda:	687b      	ldr	r3, [r7, #4]
 8002bdc:	2246      	movs	r2, #70	; 0x46
 8002bde:	2101      	movs	r1, #1
 8002be0:	5499      	strb	r1, [r3, r2]
 8002be2:	687b      	ldr	r3, [r7, #4]
 8002be4:	2247      	movs	r2, #71	; 0x47
 8002be6:	2101      	movs	r1, #1
 8002be8:	5499      	strb	r1, [r3, r2]

  /* Initialize the TIM state*/
  htim->State = HAL_TIM_STATE_READY;
 8002bea:	687b      	ldr	r3, [r7, #4]
 8002bec:	223d      	movs	r2, #61	; 0x3d
 8002bee:	2101      	movs	r1, #1
 8002bf0:	5499      	strb	r1, [r3, r2]

  return HAL_OK;
 8002bf2:	2300      	movs	r3, #0
}
 8002bf4:	0018      	movs	r0, r3
 8002bf6:	46bd      	mov	sp, r7
 8002bf8:	b002      	add	sp, #8
 8002bfa:	bd80      	pop	{r7, pc}
 8002bfc:	08000a8d 	.word	0x08000a8d

08002c00 <HAL_TIM_OC_Init>:
  *         Ex: call @ref HAL_TIM_OC_DeInit() before HAL_TIM_OC_Init()
  * @param  htim TIM Output Compare handle
  * @retval HAL status
  */
HAL_StatusTypeDef HAL_TIM_OC_Init(TIM_HandleTypeDef *htim)
{
 8002c00:	b580      	push	{r7, lr}
 8002c02:	b082      	sub	sp, #8
 8002c04:	af00      	add	r7, sp, #0
 8002c06:	6078      	str	r0, [r7, #4]
  /* Check the TIM handle allocation */
  if (htim == NULL)
 8002c08:	687b      	ldr	r3, [r7, #4]
 8002c0a:	2b00      	cmp	r3, #0
 8002c0c:	d101      	bne.n	8002c12 <HAL_TIM_OC_Init+0x12>
  {
    return HAL_ERROR;
 8002c0e:	2301      	movs	r3, #1
 8002c10:	e056      	b.n	8002cc0 <HAL_TIM_OC_Init+0xc0>
  assert_param(IS_TIM_COUNTER_MODE(htim->Init.CounterMode));
  assert_param(IS_TIM_CLOCKDIVISION_DIV(htim->Init.ClockDivision));
  assert_param(IS_TIM_PERIOD(htim, htim->Init.Period));
  assert_param(IS_TIM_AUTORELOAD_PRELOAD(htim->Init.AutoReloadPreload));

  if (htim->State == HAL_TIM_STATE_RESET)
 8002c12:	687b      	ldr	r3, [r7, #4]
 8002c14:	223d      	movs	r2, #61	; 0x3d
 8002c16:	5c9b      	ldrb	r3, [r3, r2]
 8002c18:	b2db      	uxtb	r3, r3
 8002c1a:	2b00      	cmp	r3, #0
 8002c1c:	d113      	bne.n	8002c46 <HAL_TIM_OC_Init+0x46>
  {
    /* Allocate lock resource and initialize it */
    htim->Lock = HAL_UNLOCKED;
 8002c1e:	687b      	ldr	r3, [r7, #4]
 8002c20:	223c      	movs	r2, #60	; 0x3c
 8002c22:	2100      	movs	r1, #0
 8002c24:	5499      	strb	r1, [r3, r2]

#if (USE_HAL_TIM_REGISTER_CALLBACKS == 1)
    /* Reset interrupt callbacks to legacy weak callbacks */
    TIM_ResetCallback(htim);
 8002c26:	687b      	ldr	r3, [r7, #4]
 8002c28:	0018      	movs	r0, r3
 8002c2a:	f000 ff07 	bl	8003a3c <TIM_ResetCallback>

    if (htim->OC_MspInitCallback == NULL)
 8002c2e:	687b      	ldr	r3, [r7, #4]
 8002c30:	6ddb      	ldr	r3, [r3, #92]	; 0x5c
 8002c32:	2b00      	cmp	r3, #0
 8002c34:	d102      	bne.n	8002c3c <HAL_TIM_OC_Init+0x3c>
    {
      htim->OC_MspInitCallback = HAL_TIM_OC_MspInit;
 8002c36:	687b      	ldr	r3, [r7, #4]
 8002c38:	4a23      	ldr	r2, [pc, #140]	; (8002cc8 <HAL_TIM_OC_Init+0xc8>)
 8002c3a:	65da      	str	r2, [r3, #92]	; 0x5c
    }
    /* Init the low level hardware : GPIO, CLOCK, NVIC */
    htim->OC_MspInitCallback(htim);
 8002c3c:	687b      	ldr	r3, [r7, #4]
 8002c3e:	6ddb      	ldr	r3, [r3, #92]	; 0x5c
 8002c40:	687a      	ldr	r2, [r7, #4]
 8002c42:	0010      	movs	r0, r2
 8002c44:	4798      	blx	r3
    HAL_TIM_OC_MspInit(htim);
#endif /* USE_HAL_TIM_REGISTER_CALLBACKS */
  }

  /* Set the TIM state */
  htim->State = HAL_TIM_STATE_BUSY;
 8002c46:	687b      	ldr	r3, [r7, #4]
 8002c48:	223d      	movs	r2, #61	; 0x3d
 8002c4a:	2102      	movs	r1, #2
 8002c4c:	5499      	strb	r1, [r3, r2]

  /* Init the base time for the Output Compare */
  TIM_Base_SetConfig(htim->Instance,  &htim->Init);
 8002c4e:	687b      	ldr	r3, [r7, #4]
 8002c50:	681a      	ldr	r2, [r3, #0]
 8002c52:	687b      	ldr	r3, [r7, #4]
 8002c54:	3304      	adds	r3, #4
 8002c56:	0019      	movs	r1, r3
 8002c58:	0010      	movs	r0, r2
 8002c5a:	f000 fb33 	bl	80032c4 <TIM_Base_SetConfig>

  /* Initialize the DMA burst operation state */
  htim->DMABurstState = HAL_DMA_BURST_STATE_READY;
 8002c5e:	687b      	ldr	r3, [r7, #4]
 8002c60:	2248      	movs	r2, #72	; 0x48
 8002c62:	2101      	movs	r1, #1
 8002c64:	5499      	strb	r1, [r3, r2]

  /* Initialize the TIM channels state */
  TIM_CHANNEL_STATE_SET_ALL(htim, HAL_TIM_CHANNEL_STATE_READY);
 8002c66:	687b      	ldr	r3, [r7, #4]
 8002c68:	223e      	movs	r2, #62	; 0x3e
 8002c6a:	2101      	movs	r1, #1
 8002c6c:	5499      	strb	r1, [r3, r2]
 8002c6e:	687b      	ldr	r3, [r7, #4]
 8002c70:	223f      	movs	r2, #63	; 0x3f
 8002c72:	2101      	movs	r1, #1
 8002c74:	5499      	strb	r1, [r3, r2]
 8002c76:	687b      	ldr	r3, [r7, #4]
 8002c78:	2240      	movs	r2, #64	; 0x40
 8002c7a:	2101      	movs	r1, #1
 8002c7c:	5499      	strb	r1, [r3, r2]
 8002c7e:	687b      	ldr	r3, [r7, #4]
 8002c80:	2241      	movs	r2, #65	; 0x41
 8002c82:	2101      	movs	r1, #1
 8002c84:	5499      	strb	r1, [r3, r2]
 8002c86:	687b      	ldr	r3, [r7, #4]
 8002c88:	2242      	movs	r2, #66	; 0x42
 8002c8a:	2101      	movs	r1, #1
 8002c8c:	5499      	strb	r1, [r3, r2]
 8002c8e:	687b      	ldr	r3, [r7, #4]
 8002c90:	2243      	movs	r2, #67	; 0x43
 8002c92:	2101      	movs	r1, #1
 8002c94:	5499      	strb	r1, [r3, r2]
  TIM_CHANNEL_N_STATE_SET_ALL(htim, HAL_TIM_CHANNEL_STATE_READY);
 8002c96:	687b      	ldr	r3, [r7, #4]
 8002c98:	2244      	movs	r2, #68	; 0x44
 8002c9a:	2101      	movs	r1, #1
 8002c9c:	5499      	strb	r1, [r3, r2]
 8002c9e:	687b      	ldr	r3, [r7, #4]
 8002ca0:	2245      	movs	r2, #69	; 0x45
 8002ca2:	2101      	movs	r1, #1
 8002ca4:	5499      	strb	r1, [r3, r2]
 8002ca6:	687b      	ldr	r3, [r7, #4]
 8002ca8:	2246      	movs	r2, #70	; 0x46
 8002caa:	2101      	movs	r1, #1
 8002cac:	5499      	strb	r1, [r3, r2]
 8002cae:	687b      	ldr	r3, [r7, #4]
 8002cb0:	2247      	movs	r2, #71	; 0x47
 8002cb2:	2101      	movs	r1, #1
 8002cb4:	5499      	strb	r1, [r3, r2]

  /* Initialize the TIM state*/
  htim->State = HAL_TIM_STATE_READY;
 8002cb6:	687b      	ldr	r3, [r7, #4]
 8002cb8:	223d      	movs	r2, #61	; 0x3d
 8002cba:	2101      	movs	r1, #1
 8002cbc:	5499      	strb	r1, [r3, r2]

  return HAL_OK;
 8002cbe:	2300      	movs	r3, #0
}
 8002cc0:	0018      	movs	r0, r3
 8002cc2:	46bd      	mov	sp, r7
 8002cc4:	b002      	add	sp, #8
 8002cc6:	bd80      	pop	{r7, pc}
 8002cc8:	08002ccd 	.word	0x08002ccd

08002ccc <HAL_TIM_OC_MspInit>:
  * @brief  Initializes the TIM Output Compare MSP.
  * @param  htim TIM Output Compare handle
  * @retval None
  */
__weak void HAL_TIM_OC_MspInit(TIM_HandleTypeDef *htim)
{
 8002ccc:	b580      	push	{r7, lr}
 8002cce:	b082      	sub	sp, #8
 8002cd0:	af00      	add	r7, sp, #0
 8002cd2:	6078      	str	r0, [r7, #4]
  UNUSED(htim);

  /* NOTE : This function should not be modified, when the callback is needed,
            the HAL_TIM_OC_MspInit could be implemented in the user file
   */
}
 8002cd4:	46c0      	nop			; (mov r8, r8)
 8002cd6:	46bd      	mov	sp, r7
 8002cd8:	b002      	add	sp, #8
 8002cda:	bd80      	pop	{r7, pc}

08002cdc <HAL_TIM_PWM_Init>:
  *         Ex: call @ref HAL_TIM_PWM_DeInit() before HAL_TIM_PWM_Init()
  * @param  htim TIM PWM handle
  * @retval HAL status
  */
HAL_StatusTypeDef HAL_TIM_PWM_Init(TIM_HandleTypeDef *htim)
{
 8002cdc:	b580      	push	{r7, lr}
 8002cde:	b082      	sub	sp, #8
 8002ce0:	af00      	add	r7, sp, #0
 8002ce2:	6078      	str	r0, [r7, #4]
  /* Check the TIM handle allocation */
  if (htim == NULL)
 8002ce4:	687b      	ldr	r3, [r7, #4]
 8002ce6:	2b00      	cmp	r3, #0
 8002ce8:	d101      	bne.n	8002cee <HAL_TIM_PWM_Init+0x12>
  {
    return HAL_ERROR;
 8002cea:	2301      	movs	r3, #1
 8002cec:	e056      	b.n	8002d9c <HAL_TIM_PWM_Init+0xc0>
  assert_param(IS_TIM_COUNTER_MODE(htim->Init.CounterMode));
  assert_param(IS_TIM_CLOCKDIVISION_DIV(htim->Init.ClockDivision));
  assert_param(IS_TIM_PERIOD(htim, htim->Init.Period));
  assert_param(IS_TIM_AUTORELOAD_PRELOAD(htim->Init.AutoReloadPreload));

  if (htim->State == HAL_TIM_STATE_RESET)
 8002cee:	687b      	ldr	r3, [r7, #4]
 8002cf0:	223d      	movs	r2, #61	; 0x3d
 8002cf2:	5c9b      	ldrb	r3, [r3, r2]
 8002cf4:	b2db      	uxtb	r3, r3
 8002cf6:	2b00      	cmp	r3, #0
 8002cf8:	d113      	bne.n	8002d22 <HAL_TIM_PWM_Init+0x46>
  {
    /* Allocate lock resource and initialize it */
    htim->Lock = HAL_UNLOCKED;
 8002cfa:	687b      	ldr	r3, [r7, #4]
 8002cfc:	223c      	movs	r2, #60	; 0x3c
 8002cfe:	2100      	movs	r1, #0
 8002d00:	5499      	strb	r1, [r3, r2]

#if (USE_HAL_TIM_REGISTER_CALLBACKS == 1)
    /* Reset interrupt callbacks to legacy weak callbacks */
    TIM_ResetCallback(htim);
 8002d02:	687b      	ldr	r3, [r7, #4]
 8002d04:	0018      	movs	r0, r3
 8002d06:	f000 fe99 	bl	8003a3c <TIM_ResetCallback>

    if (htim->PWM_MspInitCallback == NULL)
 8002d0a:	687b      	ldr	r3, [r7, #4]
 8002d0c:	6e5b      	ldr	r3, [r3, #100]	; 0x64
 8002d0e:	2b00      	cmp	r3, #0
 8002d10:	d102      	bne.n	8002d18 <HAL_TIM_PWM_Init+0x3c>
    {
      htim->PWM_MspInitCallback = HAL_TIM_PWM_MspInit;
 8002d12:	687b      	ldr	r3, [r7, #4]
 8002d14:	4a23      	ldr	r2, [pc, #140]	; (8002da4 <HAL_TIM_PWM_Init+0xc8>)
 8002d16:	665a      	str	r2, [r3, #100]	; 0x64
    }
    /* Init the low level hardware : GPIO, CLOCK, NVIC */
    htim->PWM_MspInitCallback(htim);
 8002d18:	687b      	ldr	r3, [r7, #4]
 8002d1a:	6e5b      	ldr	r3, [r3, #100]	; 0x64
 8002d1c:	687a      	ldr	r2, [r7, #4]
 8002d1e:	0010      	movs	r0, r2
 8002d20:	4798      	blx	r3
    HAL_TIM_PWM_MspInit(htim);
#endif /* USE_HAL_TIM_REGISTER_CALLBACKS */
  }

  /* Set the TIM state */
  htim->State = HAL_TIM_STATE_BUSY;
 8002d22:	687b      	ldr	r3, [r7, #4]
 8002d24:	223d      	movs	r2, #61	; 0x3d
 8002d26:	2102      	movs	r1, #2
 8002d28:	5499      	strb	r1, [r3, r2]

  /* Init the base time for the PWM */
  TIM_Base_SetConfig(htim->Instance, &htim->Init);
 8002d2a:	687b      	ldr	r3, [r7, #4]
 8002d2c:	681a      	ldr	r2, [r3, #0]
 8002d2e:	687b      	ldr	r3, [r7, #4]
 8002d30:	3304      	adds	r3, #4
 8002d32:	0019      	movs	r1, r3
 8002d34:	0010      	movs	r0, r2
 8002d36:	f000 fac5 	bl	80032c4 <TIM_Base_SetConfig>

  /* Initialize the DMA burst operation state */
  htim->DMABurstState = HAL_DMA_BURST_STATE_READY;
 8002d3a:	687b      	ldr	r3, [r7, #4]
 8002d3c:	2248      	movs	r2, #72	; 0x48
 8002d3e:	2101      	movs	r1, #1
 8002d40:	5499      	strb	r1, [r3, r2]

  /* Initialize the TIM channels state */
  TIM_CHANNEL_STATE_SET_ALL(htim, HAL_TIM_CHANNEL_STATE_READY);
 8002d42:	687b      	ldr	r3, [r7, #4]
 8002d44:	223e      	movs	r2, #62	; 0x3e
 8002d46:	2101      	movs	r1, #1
 8002d48:	5499      	strb	r1, [r3, r2]
 8002d4a:	687b      	ldr	r3, [r7, #4]
 8002d4c:	223f      	movs	r2, #63	; 0x3f
 8002d4e:	2101      	movs	r1, #1
 8002d50:	5499      	strb	r1, [r3, r2]
 8002d52:	687b      	ldr	r3, [r7, #4]
 8002d54:	2240      	movs	r2, #64	; 0x40
 8002d56:	2101      	movs	r1, #1
 8002d58:	5499      	strb	r1, [r3, r2]
 8002d5a:	687b      	ldr	r3, [r7, #4]
 8002d5c:	2241      	movs	r2, #65	; 0x41
 8002d5e:	2101      	movs	r1, #1
 8002d60:	5499      	strb	r1, [r3, r2]
 8002d62:	687b      	ldr	r3, [r7, #4]
 8002d64:	2242      	movs	r2, #66	; 0x42
 8002d66:	2101      	movs	r1, #1
 8002d68:	5499      	strb	r1, [r3, r2]
 8002d6a:	687b      	ldr	r3, [r7, #4]
 8002d6c:	2243      	movs	r2, #67	; 0x43
 8002d6e:	2101      	movs	r1, #1
 8002d70:	5499      	strb	r1, [r3, r2]
  TIM_CHANNEL_N_STATE_SET_ALL(htim, HAL_TIM_CHANNEL_STATE_READY);
 8002d72:	687b      	ldr	r3, [r7, #4]
 8002d74:	2244      	movs	r2, #68	; 0x44
 8002d76:	2101      	movs	r1, #1
 8002d78:	5499      	strb	r1, [r3, r2]
 8002d7a:	687b      	ldr	r3, [r7, #4]
 8002d7c:	2245      	movs	r2, #69	; 0x45
 8002d7e:	2101      	movs	r1, #1
 8002d80:	5499      	strb	r1, [r3, r2]
 8002d82:	687b      	ldr	r3, [r7, #4]
 8002d84:	2246      	movs	r2, #70	; 0x46
 8002d86:	2101      	movs	r1, #1
 8002d88:	5499      	strb	r1, [r3, r2]
 8002d8a:	687b      	ldr	r3, [r7, #4]
 8002d8c:	2247      	movs	r2, #71	; 0x47
 8002d8e:	2101      	movs	r1, #1
 8002d90:	5499      	strb	r1, [r3, r2]

  /* Initialize the TIM state*/
  htim->State = HAL_TIM_STATE_READY;
 8002d92:	687b      	ldr	r3, [r7, #4]
 8002d94:	223d      	movs	r2, #61	; 0x3d
 8002d96:	2101      	movs	r1, #1
 8002d98:	5499      	strb	r1, [r3, r2]

  return HAL_OK;
 8002d9a:	2300      	movs	r3, #0
}
 8002d9c:	0018      	movs	r0, r3
 8002d9e:	46bd      	mov	sp, r7
 8002da0:	b002      	add	sp, #8
 8002da2:	bd80      	pop	{r7, pc}
 8002da4:	08002da9 	.word	0x08002da9

08002da8 <HAL_TIM_PWM_MspInit>:
  * @brief  Initializes the TIM PWM MSP.
  * @param  htim TIM PWM handle
  * @retval None
  */
__weak void HAL_TIM_PWM_MspInit(TIM_HandleTypeDef *htim)
{
 8002da8:	b580      	push	{r7, lr}
 8002daa:	b082      	sub	sp, #8
 8002dac:	af00      	add	r7, sp, #0
 8002dae:	6078      	str	r0, [r7, #4]
  UNUSED(htim);

  /* NOTE : This function should not be modified, when the callback is needed,
            the HAL_TIM_PWM_MspInit could be implemented in the user file
   */
}
 8002db0:	46c0      	nop			; (mov r8, r8)
 8002db2:	46bd      	mov	sp, r7
 8002db4:	b002      	add	sp, #8
 8002db6:	bd80      	pop	{r7, pc}

08002db8 <HAL_TIM_OC_ConfigChannel>:
  * @retval HAL status
  */
HAL_StatusTypeDef HAL_TIM_OC_ConfigChannel(TIM_HandleTypeDef *htim,
                                           const TIM_OC_InitTypeDef *sConfig,
                                           uint32_t Channel)
{
 8002db8:	b580      	push	{r7, lr}
 8002dba:	b086      	sub	sp, #24
 8002dbc:	af00      	add	r7, sp, #0
 8002dbe:	60f8      	str	r0, [r7, #12]
 8002dc0:	60b9      	str	r1, [r7, #8]
 8002dc2:	607a      	str	r2, [r7, #4]
  HAL_StatusTypeDef status = HAL_OK;
 8002dc4:	2317      	movs	r3, #23
 8002dc6:	18fb      	adds	r3, r7, r3
 8002dc8:	2200      	movs	r2, #0
 8002dca:	701a      	strb	r2, [r3, #0]
  assert_param(IS_TIM_CHANNELS(Channel));
  assert_param(IS_TIM_OC_MODE(sConfig->OCMode));
  assert_param(IS_TIM_OC_POLARITY(sConfig->OCPolarity));

  /* Process Locked */
  __HAL_LOCK(htim);
 8002dcc:	68fb      	ldr	r3, [r7, #12]
 8002dce:	223c      	movs	r2, #60	; 0x3c
 8002dd0:	5c9b      	ldrb	r3, [r3, r2]
 8002dd2:	2b01      	cmp	r3, #1
 8002dd4:	d101      	bne.n	8002dda <HAL_TIM_OC_ConfigChannel+0x22>
 8002dd6:	2302      	movs	r3, #2
 8002dd8:	e048      	b.n	8002e6c <HAL_TIM_OC_ConfigChannel+0xb4>
 8002dda:	68fb      	ldr	r3, [r7, #12]
 8002ddc:	223c      	movs	r2, #60	; 0x3c
 8002dde:	2101      	movs	r1, #1
 8002de0:	5499      	strb	r1, [r3, r2]

  switch (Channel)
 8002de2:	687b      	ldr	r3, [r7, #4]
 8002de4:	2b14      	cmp	r3, #20
 8002de6:	d835      	bhi.n	8002e54 <HAL_TIM_OC_ConfigChannel+0x9c>
 8002de8:	687b      	ldr	r3, [r7, #4]
 8002dea:	009a      	lsls	r2, r3, #2
 8002dec:	4b21      	ldr	r3, [pc, #132]	; (8002e74 <HAL_TIM_OC_ConfigChannel+0xbc>)
 8002dee:	18d3      	adds	r3, r2, r3
 8002df0:	681b      	ldr	r3, [r3, #0]
 8002df2:	469f      	mov	pc, r3
    {
      /* Check the parameters */
      assert_param(IS_TIM_CC1_INSTANCE(htim->Instance));

      /* Configure the TIM Channel 1 in Output Compare */
      TIM_OC1_SetConfig(htim->Instance, sConfig);
 8002df4:	68fb      	ldr	r3, [r7, #12]
 8002df6:	681b      	ldr	r3, [r3, #0]
 8002df8:	68ba      	ldr	r2, [r7, #8]
 8002dfa:	0011      	movs	r1, r2
 8002dfc:	0018      	movs	r0, r3
 8002dfe:	f000 fae5 	bl	80033cc <TIM_OC1_SetConfig>
      break;
 8002e02:	e02c      	b.n	8002e5e <HAL_TIM_OC_ConfigChannel+0xa6>
    {
      /* Check the parameters */
      assert_param(IS_TIM_CC2_INSTANCE(htim->Instance));

      /* Configure the TIM Channel 2 in Output Compare */
      TIM_OC2_SetConfig(htim->Instance, sConfig);
 8002e04:	68fb      	ldr	r3, [r7, #12]
 8002e06:	681b      	ldr	r3, [r3, #0]
 8002e08:	68ba      	ldr	r2, [r7, #8]
 8002e0a:	0011      	movs	r1, r2
 8002e0c:	0018      	movs	r0, r3
 8002e0e:	f000 fb5d 	bl	80034cc <TIM_OC2_SetConfig>
      break;
 8002e12:	e024      	b.n	8002e5e <HAL_TIM_OC_ConfigChannel+0xa6>
    {
      /* Check the parameters */
      assert_param(IS_TIM_CC3_INSTANCE(htim->Instance));

      /* Configure the TIM Channel 3 in Output Compare */
      TIM_OC3_SetConfig(htim->Instance, sConfig);
 8002e14:	68fb      	ldr	r3, [r7, #12]
 8002e16:	681b      	ldr	r3, [r3, #0]
 8002e18:	68ba      	ldr	r2, [r7, #8]
 8002e1a:	0011      	movs	r1, r2
 8002e1c:	0018      	movs	r0, r3
 8002e1e:	f000 fbd3 	bl	80035c8 <TIM_OC3_SetConfig>
      break;
 8002e22:	e01c      	b.n	8002e5e <HAL_TIM_OC_ConfigChannel+0xa6>
    {
      /* Check the parameters */
      assert_param(IS_TIM_CC4_INSTANCE(htim->Instance));

      /* Configure the TIM Channel 4 in Output Compare */
      TIM_OC4_SetConfig(htim->Instance, sConfig);
 8002e24:	68fb      	ldr	r3, [r7, #12]
 8002e26:	681b      	ldr	r3, [r3, #0]
 8002e28:	68ba      	ldr	r2, [r7, #8]
 8002e2a:	0011      	movs	r1, r2
 8002e2c:	0018      	movs	r0, r3
 8002e2e:	f000 fc4d 	bl	80036cc <TIM_OC4_SetConfig>
      break;
 8002e32:	e014      	b.n	8002e5e <HAL_TIM_OC_ConfigChannel+0xa6>
    {
      /* Check the parameters */
      assert_param(IS_TIM_CC5_INSTANCE(htim->Instance));

      /* Configure the TIM Channel 5 in Output Compare */
      TIM_OC5_SetConfig(htim->Instance, sConfig);
 8002e34:	68fb      	ldr	r3, [r7, #12]
 8002e36:	681b      	ldr	r3, [r3, #0]
 8002e38:	68ba      	ldr	r2, [r7, #8]
 8002e3a:	0011      	movs	r1, r2
 8002e3c:	0018      	movs	r0, r3
 8002e3e:	f000 fca9 	bl	8003794 <TIM_OC5_SetConfig>
      break;
 8002e42:	e00c      	b.n	8002e5e <HAL_TIM_OC_ConfigChannel+0xa6>
    {
      /* Check the parameters */
      assert_param(IS_TIM_CC6_INSTANCE(htim->Instance));

      /* Configure the TIM Channel 6 in Output Compare */
      TIM_OC6_SetConfig(htim->Instance, sConfig);
 8002e44:	68fb      	ldr	r3, [r7, #12]
 8002e46:	681b      	ldr	r3, [r3, #0]
 8002e48:	68ba      	ldr	r2, [r7, #8]
 8002e4a:	0011      	movs	r1, r2
 8002e4c:	0018      	movs	r0, r3
 8002e4e:	f000 fcfb 	bl	8003848 <TIM_OC6_SetConfig>
      break;
 8002e52:	e004      	b.n	8002e5e <HAL_TIM_OC_ConfigChannel+0xa6>
    }

    default:
      status = HAL_ERROR;
 8002e54:	2317      	movs	r3, #23
 8002e56:	18fb      	adds	r3, r7, r3
 8002e58:	2201      	movs	r2, #1
 8002e5a:	701a      	strb	r2, [r3, #0]
      break;
 8002e5c:	46c0      	nop			; (mov r8, r8)
  }

  __HAL_UNLOCK(htim);
 8002e5e:	68fb      	ldr	r3, [r7, #12]
 8002e60:	223c      	movs	r2, #60	; 0x3c
 8002e62:	2100      	movs	r1, #0
 8002e64:	5499      	strb	r1, [r3, r2]

  return status;
 8002e66:	2317      	movs	r3, #23
 8002e68:	18fb      	adds	r3, r7, r3
 8002e6a:	781b      	ldrb	r3, [r3, #0]
}
 8002e6c:	0018      	movs	r0, r3
 8002e6e:	46bd      	mov	sp, r7
 8002e70:	b006      	add	sp, #24
 8002e72:	bd80      	pop	{r7, pc}
 8002e74:	08005280 	.word	0x08005280

08002e78 <HAL_TIM_PWM_ConfigChannel>:
  * @retval HAL status
  */
HAL_StatusTypeDef HAL_TIM_PWM_ConfigChannel(TIM_HandleTypeDef *htim,
                                            const TIM_OC_InitTypeDef *sConfig,
                                            uint32_t Channel)
{
 8002e78:	b580      	push	{r7, lr}
 8002e7a:	b086      	sub	sp, #24
 8002e7c:	af00      	add	r7, sp, #0
 8002e7e:	60f8      	str	r0, [r7, #12]
 8002e80:	60b9      	str	r1, [r7, #8]
 8002e82:	607a      	str	r2, [r7, #4]
  HAL_StatusTypeDef status = HAL_OK;
 8002e84:	2317      	movs	r3, #23
 8002e86:	18fb      	adds	r3, r7, r3
 8002e88:	2200      	movs	r2, #0
 8002e8a:	701a      	strb	r2, [r3, #0]
  assert_param(IS_TIM_PWM_MODE(sConfig->OCMode));
  assert_param(IS_TIM_OC_POLARITY(sConfig->OCPolarity));
  assert_param(IS_TIM_FAST_STATE(sConfig->OCFastMode));

  /* Process Locked */
  __HAL_LOCK(htim);
 8002e8c:	68fb      	ldr	r3, [r7, #12]
 8002e8e:	223c      	movs	r2, #60	; 0x3c
 8002e90:	5c9b      	ldrb	r3, [r3, r2]
 8002e92:	2b01      	cmp	r3, #1
 8002e94:	d101      	bne.n	8002e9a <HAL_TIM_PWM_ConfigChannel+0x22>
 8002e96:	2302      	movs	r3, #2
 8002e98:	e0e5      	b.n	8003066 <HAL_TIM_PWM_ConfigChannel+0x1ee>
 8002e9a:	68fb      	ldr	r3, [r7, #12]
 8002e9c:	223c      	movs	r2, #60	; 0x3c
 8002e9e:	2101      	movs	r1, #1
 8002ea0:	5499      	strb	r1, [r3, r2]

  switch (Channel)
 8002ea2:	687b      	ldr	r3, [r7, #4]
 8002ea4:	2b14      	cmp	r3, #20
 8002ea6:	d900      	bls.n	8002eaa <HAL_TIM_PWM_ConfigChannel+0x32>
 8002ea8:	e0d1      	b.n	800304e <HAL_TIM_PWM_ConfigChannel+0x1d6>
 8002eaa:	687b      	ldr	r3, [r7, #4]
 8002eac:	009a      	lsls	r2, r3, #2
 8002eae:	4b70      	ldr	r3, [pc, #448]	; (8003070 <HAL_TIM_PWM_ConfigChannel+0x1f8>)
 8002eb0:	18d3      	adds	r3, r2, r3
 8002eb2:	681b      	ldr	r3, [r3, #0]
 8002eb4:	469f      	mov	pc, r3
    {
      /* Check the parameters */
      assert_param(IS_TIM_CC1_INSTANCE(htim->Instance));

      /* Configure the Channel 1 in PWM mode */
      TIM_OC1_SetConfig(htim->Instance, sConfig);
 8002eb6:	68fb      	ldr	r3, [r7, #12]
 8002eb8:	681b      	ldr	r3, [r3, #0]
 8002eba:	68ba      	ldr	r2, [r7, #8]
 8002ebc:	0011      	movs	r1, r2
 8002ebe:	0018      	movs	r0, r3
 8002ec0:	f000 fa84 	bl	80033cc <TIM_OC1_SetConfig>

      /* Set the Preload enable bit for channel1 */
      htim->Instance->CCMR1 |= TIM_CCMR1_OC1PE;
 8002ec4:	68fb      	ldr	r3, [r7, #12]
 8002ec6:	681b      	ldr	r3, [r3, #0]
 8002ec8:	699a      	ldr	r2, [r3, #24]
 8002eca:	68fb      	ldr	r3, [r7, #12]
 8002ecc:	681b      	ldr	r3, [r3, #0]
 8002ece:	2108      	movs	r1, #8
 8002ed0:	430a      	orrs	r2, r1
 8002ed2:	619a      	str	r2, [r3, #24]

      /* Configure the Output Fast mode */
      htim->Instance->CCMR1 &= ~TIM_CCMR1_OC1FE;
 8002ed4:	68fb      	ldr	r3, [r7, #12]
 8002ed6:	681b      	ldr	r3, [r3, #0]
 8002ed8:	699a      	ldr	r2, [r3, #24]
 8002eda:	68fb      	ldr	r3, [r7, #12]
 8002edc:	681b      	ldr	r3, [r3, #0]
 8002ede:	2104      	movs	r1, #4
 8002ee0:	438a      	bics	r2, r1
 8002ee2:	619a      	str	r2, [r3, #24]
      htim->Instance->CCMR1 |= sConfig->OCFastMode;
 8002ee4:	68fb      	ldr	r3, [r7, #12]
 8002ee6:	681b      	ldr	r3, [r3, #0]
 8002ee8:	6999      	ldr	r1, [r3, #24]
 8002eea:	68bb      	ldr	r3, [r7, #8]
 8002eec:	691a      	ldr	r2, [r3, #16]
 8002eee:	68fb      	ldr	r3, [r7, #12]
 8002ef0:	681b      	ldr	r3, [r3, #0]
 8002ef2:	430a      	orrs	r2, r1
 8002ef4:	619a      	str	r2, [r3, #24]
      break;
 8002ef6:	e0af      	b.n	8003058 <HAL_TIM_PWM_ConfigChannel+0x1e0>
    {
      /* Check the parameters */
      assert_param(IS_TIM_CC2_INSTANCE(htim->Instance));

      /* Configure the Channel 2 in PWM mode */
      TIM_OC2_SetConfig(htim->Instance, sConfig);
 8002ef8:	68fb      	ldr	r3, [r7, #12]
 8002efa:	681b      	ldr	r3, [r3, #0]
 8002efc:	68ba      	ldr	r2, [r7, #8]
 8002efe:	0011      	movs	r1, r2
 8002f00:	0018      	movs	r0, r3
 8002f02:	f000 fae3 	bl	80034cc <TIM_OC2_SetConfig>

      /* Set the Preload enable bit for channel2 */
      htim->Instance->CCMR1 |= TIM_CCMR1_OC2PE;
 8002f06:	68fb      	ldr	r3, [r7, #12]
 8002f08:	681b      	ldr	r3, [r3, #0]
 8002f0a:	699a      	ldr	r2, [r3, #24]
 8002f0c:	68fb      	ldr	r3, [r7, #12]
 8002f0e:	681b      	ldr	r3, [r3, #0]
 8002f10:	2180      	movs	r1, #128	; 0x80
 8002f12:	0109      	lsls	r1, r1, #4
 8002f14:	430a      	orrs	r2, r1
 8002f16:	619a      	str	r2, [r3, #24]

      /* Configure the Output Fast mode */
      htim->Instance->CCMR1 &= ~TIM_CCMR1_OC2FE;
 8002f18:	68fb      	ldr	r3, [r7, #12]
 8002f1a:	681b      	ldr	r3, [r3, #0]
 8002f1c:	699a      	ldr	r2, [r3, #24]
 8002f1e:	68fb      	ldr	r3, [r7, #12]
 8002f20:	681b      	ldr	r3, [r3, #0]
 8002f22:	4954      	ldr	r1, [pc, #336]	; (8003074 <HAL_TIM_PWM_ConfigChannel+0x1fc>)
 8002f24:	400a      	ands	r2, r1
 8002f26:	619a      	str	r2, [r3, #24]
      htim->Instance->CCMR1 |= sConfig->OCFastMode << 8U;
 8002f28:	68fb      	ldr	r3, [r7, #12]
 8002f2a:	681b      	ldr	r3, [r3, #0]
 8002f2c:	6999      	ldr	r1, [r3, #24]
 8002f2e:	68bb      	ldr	r3, [r7, #8]
 8002f30:	691b      	ldr	r3, [r3, #16]
 8002f32:	021a      	lsls	r2, r3, #8
 8002f34:	68fb      	ldr	r3, [r7, #12]
 8002f36:	681b      	ldr	r3, [r3, #0]
 8002f38:	430a      	orrs	r2, r1
 8002f3a:	619a      	str	r2, [r3, #24]
      break;
 8002f3c:	e08c      	b.n	8003058 <HAL_TIM_PWM_ConfigChannel+0x1e0>
    {
      /* Check the parameters */
      assert_param(IS_TIM_CC3_INSTANCE(htim->Instance));

      /* Configure the Channel 3 in PWM mode */
      TIM_OC3_SetConfig(htim->Instance, sConfig);
 8002f3e:	68fb      	ldr	r3, [r7, #12]
 8002f40:	681b      	ldr	r3, [r3, #0]
 8002f42:	68ba      	ldr	r2, [r7, #8]
 8002f44:	0011      	movs	r1, r2
 8002f46:	0018      	movs	r0, r3
 8002f48:	f000 fb3e 	bl	80035c8 <TIM_OC3_SetConfig>

      /* Set the Preload enable bit for channel3 */
      htim->Instance->CCMR2 |= TIM_CCMR2_OC3PE;
 8002f4c:	68fb      	ldr	r3, [r7, #12]
 8002f4e:	681b      	ldr	r3, [r3, #0]
 8002f50:	69da      	ldr	r2, [r3, #28]
 8002f52:	68fb      	ldr	r3, [r7, #12]
 8002f54:	681b      	ldr	r3, [r3, #0]
 8002f56:	2108      	movs	r1, #8
 8002f58:	430a      	orrs	r2, r1
 8002f5a:	61da      	str	r2, [r3, #28]

      /* Configure the Output Fast mode */
      htim->Instance->CCMR2 &= ~TIM_CCMR2_OC3FE;
 8002f5c:	68fb      	ldr	r3, [r7, #12]
 8002f5e:	681b      	ldr	r3, [r3, #0]
 8002f60:	69da      	ldr	r2, [r3, #28]
 8002f62:	68fb      	ldr	r3, [r7, #12]
 8002f64:	681b      	ldr	r3, [r3, #0]
 8002f66:	2104      	movs	r1, #4
 8002f68:	438a      	bics	r2, r1
 8002f6a:	61da      	str	r2, [r3, #28]
      htim->Instance->CCMR2 |= sConfig->OCFastMode;
 8002f6c:	68fb      	ldr	r3, [r7, #12]
 8002f6e:	681b      	ldr	r3, [r3, #0]
 8002f70:	69d9      	ldr	r1, [r3, #28]
 8002f72:	68bb      	ldr	r3, [r7, #8]
 8002f74:	691a      	ldr	r2, [r3, #16]
 8002f76:	68fb      	ldr	r3, [r7, #12]
 8002f78:	681b      	ldr	r3, [r3, #0]
 8002f7a:	430a      	orrs	r2, r1
 8002f7c:	61da      	str	r2, [r3, #28]
      break;
 8002f7e:	e06b      	b.n	8003058 <HAL_TIM_PWM_ConfigChannel+0x1e0>
    {
      /* Check the parameters */
      assert_param(IS_TIM_CC4_INSTANCE(htim->Instance));

      /* Configure the Channel 4 in PWM mode */
      TIM_OC4_SetConfig(htim->Instance, sConfig);
 8002f80:	68fb      	ldr	r3, [r7, #12]
 8002f82:	681b      	ldr	r3, [r3, #0]
 8002f84:	68ba      	ldr	r2, [r7, #8]
 8002f86:	0011      	movs	r1, r2
 8002f88:	0018      	movs	r0, r3
 8002f8a:	f000 fb9f 	bl	80036cc <TIM_OC4_SetConfig>

      /* Set the Preload enable bit for channel4 */
      htim->Instance->CCMR2 |= TIM_CCMR2_OC4PE;
 8002f8e:	68fb      	ldr	r3, [r7, #12]
 8002f90:	681b      	ldr	r3, [r3, #0]
 8002f92:	69da      	ldr	r2, [r3, #28]
 8002f94:	68fb      	ldr	r3, [r7, #12]
 8002f96:	681b      	ldr	r3, [r3, #0]
 8002f98:	2180      	movs	r1, #128	; 0x80
 8002f9a:	0109      	lsls	r1, r1, #4
 8002f9c:	430a      	orrs	r2, r1
 8002f9e:	61da      	str	r2, [r3, #28]

      /* Configure the Output Fast mode */
      htim->Instance->CCMR2 &= ~TIM_CCMR2_OC4FE;
 8002fa0:	68fb      	ldr	r3, [r7, #12]
 8002fa2:	681b      	ldr	r3, [r3, #0]
 8002fa4:	69da      	ldr	r2, [r3, #28]
 8002fa6:	68fb      	ldr	r3, [r7, #12]
 8002fa8:	681b      	ldr	r3, [r3, #0]
 8002faa:	4932      	ldr	r1, [pc, #200]	; (8003074 <HAL_TIM_PWM_ConfigChannel+0x1fc>)
 8002fac:	400a      	ands	r2, r1
 8002fae:	61da      	str	r2, [r3, #28]
      htim->Instance->CCMR2 |= sConfig->OCFastMode << 8U;
 8002fb0:	68fb      	ldr	r3, [r7, #12]
 8002fb2:	681b      	ldr	r3, [r3, #0]
 8002fb4:	69d9      	ldr	r1, [r3, #28]
 8002fb6:	68bb      	ldr	r3, [r7, #8]
 8002fb8:	691b      	ldr	r3, [r3, #16]
 8002fba:	021a      	lsls	r2, r3, #8
 8002fbc:	68fb      	ldr	r3, [r7, #12]
 8002fbe:	681b      	ldr	r3, [r3, #0]
 8002fc0:	430a      	orrs	r2, r1
 8002fc2:	61da      	str	r2, [r3, #28]
      break;
 8002fc4:	e048      	b.n	8003058 <HAL_TIM_PWM_ConfigChannel+0x1e0>
    {
      /* Check the parameters */
      assert_param(IS_TIM_CC5_INSTANCE(htim->Instance));

      /* Configure the Channel 5 in PWM mode */
      TIM_OC5_SetConfig(htim->Instance, sConfig);
 8002fc6:	68fb      	ldr	r3, [r7, #12]
 8002fc8:	681b      	ldr	r3, [r3, #0]
 8002fca:	68ba      	ldr	r2, [r7, #8]
 8002fcc:	0011      	movs	r1, r2
 8002fce:	0018      	movs	r0, r3
 8002fd0:	f000 fbe0 	bl	8003794 <TIM_OC5_SetConfig>

      /* Set the Preload enable bit for channel5*/
      htim->Instance->CCMR3 |= TIM_CCMR3_OC5PE;
 8002fd4:	68fb      	ldr	r3, [r7, #12]
 8002fd6:	681b      	ldr	r3, [r3, #0]
 8002fd8:	6d5a      	ldr	r2, [r3, #84]	; 0x54
 8002fda:	68fb      	ldr	r3, [r7, #12]
 8002fdc:	681b      	ldr	r3, [r3, #0]
 8002fde:	2108      	movs	r1, #8
 8002fe0:	430a      	orrs	r2, r1
 8002fe2:	655a      	str	r2, [r3, #84]	; 0x54

      /* Configure the Output Fast mode */
      htim->Instance->CCMR3 &= ~TIM_CCMR3_OC5FE;
 8002fe4:	68fb      	ldr	r3, [r7, #12]
 8002fe6:	681b      	ldr	r3, [r3, #0]
 8002fe8:	6d5a      	ldr	r2, [r3, #84]	; 0x54
 8002fea:	68fb      	ldr	r3, [r7, #12]
 8002fec:	681b      	ldr	r3, [r3, #0]
 8002fee:	2104      	movs	r1, #4
 8002ff0:	438a      	bics	r2, r1
 8002ff2:	655a      	str	r2, [r3, #84]	; 0x54
      htim->Instance->CCMR3 |= sConfig->OCFastMode;
 8002ff4:	68fb      	ldr	r3, [r7, #12]
 8002ff6:	681b      	ldr	r3, [r3, #0]
 8002ff8:	6d59      	ldr	r1, [r3, #84]	; 0x54
 8002ffa:	68bb      	ldr	r3, [r7, #8]
 8002ffc:	691a      	ldr	r2, [r3, #16]
 8002ffe:	68fb      	ldr	r3, [r7, #12]
 8003000:	681b      	ldr	r3, [r3, #0]
 8003002:	430a      	orrs	r2, r1
 8003004:	655a      	str	r2, [r3, #84]	; 0x54
      break;
 8003006:	e027      	b.n	8003058 <HAL_TIM_PWM_ConfigChannel+0x1e0>
    {
      /* Check the parameters */
      assert_param(IS_TIM_CC6_INSTANCE(htim->Instance));

      /* Configure the Channel 6 in PWM mode */
      TIM_OC6_SetConfig(htim->Instance, sConfig);
 8003008:	68fb      	ldr	r3, [r7, #12]
 800300a:	681b      	ldr	r3, [r3, #0]
 800300c:	68ba      	ldr	r2, [r7, #8]
 800300e:	0011      	movs	r1, r2
 8003010:	0018      	movs	r0, r3
 8003012:	f000 fc19 	bl	8003848 <TIM_OC6_SetConfig>

      /* Set the Preload enable bit for channel6 */
      htim->Instance->CCMR3 |= TIM_CCMR3_OC6PE;
 8003016:	68fb      	ldr	r3, [r7, #12]
 8003018:	681b      	ldr	r3, [r3, #0]
 800301a:	6d5a      	ldr	r2, [r3, #84]	; 0x54
 800301c:	68fb      	ldr	r3, [r7, #12]
 800301e:	681b      	ldr	r3, [r3, #0]
 8003020:	2180      	movs	r1, #128	; 0x80
 8003022:	0109      	lsls	r1, r1, #4
 8003024:	430a      	orrs	r2, r1
 8003026:	655a      	str	r2, [r3, #84]	; 0x54

      /* Configure the Output Fast mode */
      htim->Instance->CCMR3 &= ~TIM_CCMR3_OC6FE;
 8003028:	68fb      	ldr	r3, [r7, #12]
 800302a:	681b      	ldr	r3, [r3, #0]
 800302c:	6d5a      	ldr	r2, [r3, #84]	; 0x54
 800302e:	68fb      	ldr	r3, [r7, #12]
 8003030:	681b      	ldr	r3, [r3, #0]
 8003032:	4910      	ldr	r1, [pc, #64]	; (8003074 <HAL_TIM_PWM_ConfigChannel+0x1fc>)
 8003034:	400a      	ands	r2, r1
 8003036:	655a      	str	r2, [r3, #84]	; 0x54
      htim->Instance->CCMR3 |= sConfig->OCFastMode << 8U;
 8003038:	68fb      	ldr	r3, [r7, #12]
 800303a:	681b      	ldr	r3, [r3, #0]
 800303c:	6d59      	ldr	r1, [r3, #84]	; 0x54
 800303e:	68bb      	ldr	r3, [r7, #8]
 8003040:	691b      	ldr	r3, [r3, #16]
 8003042:	021a      	lsls	r2, r3, #8
 8003044:	68fb      	ldr	r3, [r7, #12]
 8003046:	681b      	ldr	r3, [r3, #0]
 8003048:	430a      	orrs	r2, r1
 800304a:	655a      	str	r2, [r3, #84]	; 0x54
      break;
 800304c:	e004      	b.n	8003058 <HAL_TIM_PWM_ConfigChannel+0x1e0>
    }

    default:
      status = HAL_ERROR;
 800304e:	2317      	movs	r3, #23
 8003050:	18fb      	adds	r3, r7, r3
 8003052:	2201      	movs	r2, #1
 8003054:	701a      	strb	r2, [r3, #0]
      break;
 8003056:	46c0      	nop			; (mov r8, r8)
  }

  __HAL_UNLOCK(htim);
 8003058:	68fb      	ldr	r3, [r7, #12]
 800305a:	223c      	movs	r2, #60	; 0x3c
 800305c:	2100      	movs	r1, #0
 800305e:	5499      	strb	r1, [r3, r2]

  return status;
 8003060:	2317      	movs	r3, #23
 8003062:	18fb      	adds	r3, r7, r3
 8003064:	781b      	ldrb	r3, [r3, #0]
}
 8003066:	0018      	movs	r0, r3
 8003068:	46bd      	mov	sp, r7
 800306a:	b006      	add	sp, #24
 800306c:	bd80      	pop	{r7, pc}
 800306e:	46c0      	nop			; (mov r8, r8)
 8003070:	080052d4 	.word	0x080052d4
 8003074:	fffffbff 	.word	0xfffffbff

08003078 <HAL_TIM_ConfigClockSource>:
  * @param  sClockSourceConfig pointer to a TIM_ClockConfigTypeDef structure that
  *         contains the clock source information for the TIM peripheral.
  * @retval HAL status
  */
HAL_StatusTypeDef HAL_TIM_ConfigClockSource(TIM_HandleTypeDef *htim, const TIM_ClockConfigTypeDef *sClockSourceConfig)
{
 8003078:	b580      	push	{r7, lr}
 800307a:	b084      	sub	sp, #16
 800307c:	af00      	add	r7, sp, #0
 800307e:	6078      	str	r0, [r7, #4]
 8003080:	6039      	str	r1, [r7, #0]
  HAL_StatusTypeDef status = HAL_OK;
 8003082:	230f      	movs	r3, #15
 8003084:	18fb      	adds	r3, r7, r3
 8003086:	2200      	movs	r2, #0
 8003088:	701a      	strb	r2, [r3, #0]
  uint32_t tmpsmcr;

  /* Process Locked */
  __HAL_LOCK(htim);
 800308a:	687b      	ldr	r3, [r7, #4]
 800308c:	223c      	movs	r2, #60	; 0x3c
 800308e:	5c9b      	ldrb	r3, [r3, r2]
 8003090:	2b01      	cmp	r3, #1
 8003092:	d101      	bne.n	8003098 <HAL_TIM_ConfigClockSource+0x20>
 8003094:	2302      	movs	r3, #2
 8003096:	e0bc      	b.n	8003212 <HAL_TIM_ConfigClockSource+0x19a>
 8003098:	687b      	ldr	r3, [r7, #4]
 800309a:	223c      	movs	r2, #60	; 0x3c
 800309c:	2101      	movs	r1, #1
 800309e:	5499      	strb	r1, [r3, r2]

  htim->State = HAL_TIM_STATE_BUSY;
 80030a0:	687b      	ldr	r3, [r7, #4]
 80030a2:	223d      	movs	r2, #61	; 0x3d
 80030a4:	2102      	movs	r1, #2
 80030a6:	5499      	strb	r1, [r3, r2]

  /* Check the parameters */
  assert_param(IS_TIM_CLOCKSOURCE(sClockSourceConfig->ClockSource));

  /* Reset the SMS, TS, ECE, ETPS and ETRF bits */
  tmpsmcr = htim->Instance->SMCR;
 80030a8:	687b      	ldr	r3, [r7, #4]
 80030aa:	681b      	ldr	r3, [r3, #0]
 80030ac:	689b      	ldr	r3, [r3, #8]
 80030ae:	60bb      	str	r3, [r7, #8]
  tmpsmcr &= ~(TIM_SMCR_SMS | TIM_SMCR_TS);
 80030b0:	68bb      	ldr	r3, [r7, #8]
 80030b2:	4a5a      	ldr	r2, [pc, #360]	; (800321c <HAL_TIM_ConfigClockSource+0x1a4>)
 80030b4:	4013      	ands	r3, r2
 80030b6:	60bb      	str	r3, [r7, #8]
  tmpsmcr &= ~(TIM_SMCR_ETF | TIM_SMCR_ETPS | TIM_SMCR_ECE | TIM_SMCR_ETP);
 80030b8:	68bb      	ldr	r3, [r7, #8]
 80030ba:	4a59      	ldr	r2, [pc, #356]	; (8003220 <HAL_TIM_ConfigClockSource+0x1a8>)
 80030bc:	4013      	ands	r3, r2
 80030be:	60bb      	str	r3, [r7, #8]
  htim->Instance->SMCR = tmpsmcr;
 80030c0:	687b      	ldr	r3, [r7, #4]
 80030c2:	681b      	ldr	r3, [r3, #0]
 80030c4:	68ba      	ldr	r2, [r7, #8]
 80030c6:	609a      	str	r2, [r3, #8]

  switch (sClockSourceConfig->ClockSource)
 80030c8:	683b      	ldr	r3, [r7, #0]
 80030ca:	681b      	ldr	r3, [r3, #0]
 80030cc:	2280      	movs	r2, #128	; 0x80
 80030ce:	0192      	lsls	r2, r2, #6
 80030d0:	4293      	cmp	r3, r2
 80030d2:	d040      	beq.n	8003156 <HAL_TIM_ConfigClockSource+0xde>
 80030d4:	2280      	movs	r2, #128	; 0x80
 80030d6:	0192      	lsls	r2, r2, #6
 80030d8:	4293      	cmp	r3, r2
 80030da:	d900      	bls.n	80030de <HAL_TIM_ConfigClockSource+0x66>
 80030dc:	e088      	b.n	80031f0 <HAL_TIM_ConfigClockSource+0x178>
 80030de:	2280      	movs	r2, #128	; 0x80
 80030e0:	0152      	lsls	r2, r2, #5
 80030e2:	4293      	cmp	r3, r2
 80030e4:	d100      	bne.n	80030e8 <HAL_TIM_ConfigClockSource+0x70>
 80030e6:	e088      	b.n	80031fa <HAL_TIM_ConfigClockSource+0x182>
 80030e8:	2280      	movs	r2, #128	; 0x80
 80030ea:	0152      	lsls	r2, r2, #5
 80030ec:	4293      	cmp	r3, r2
 80030ee:	d900      	bls.n	80030f2 <HAL_TIM_ConfigClockSource+0x7a>
 80030f0:	e07e      	b.n	80031f0 <HAL_TIM_ConfigClockSource+0x178>
 80030f2:	2b70      	cmp	r3, #112	; 0x70
 80030f4:	d018      	beq.n	8003128 <HAL_TIM_ConfigClockSource+0xb0>
 80030f6:	d900      	bls.n	80030fa <HAL_TIM_ConfigClockSource+0x82>
 80030f8:	e07a      	b.n	80031f0 <HAL_TIM_ConfigClockSource+0x178>
 80030fa:	2b60      	cmp	r3, #96	; 0x60
 80030fc:	d04f      	beq.n	800319e <HAL_TIM_ConfigClockSource+0x126>
 80030fe:	d900      	bls.n	8003102 <HAL_TIM_ConfigClockSource+0x8a>
 8003100:	e076      	b.n	80031f0 <HAL_TIM_ConfigClockSource+0x178>
 8003102:	2b50      	cmp	r3, #80	; 0x50
 8003104:	d03b      	beq.n	800317e <HAL_TIM_ConfigClockSource+0x106>
 8003106:	d900      	bls.n	800310a <HAL_TIM_ConfigClockSource+0x92>
 8003108:	e072      	b.n	80031f0 <HAL_TIM_ConfigClockSource+0x178>
 800310a:	2b40      	cmp	r3, #64	; 0x40
 800310c:	d057      	beq.n	80031be <HAL_TIM_ConfigClockSource+0x146>
 800310e:	d900      	bls.n	8003112 <HAL_TIM_ConfigClockSource+0x9a>
 8003110:	e06e      	b.n	80031f0 <HAL_TIM_ConfigClockSource+0x178>
 8003112:	2b30      	cmp	r3, #48	; 0x30
 8003114:	d063      	beq.n	80031de <HAL_TIM_ConfigClockSource+0x166>
 8003116:	d86b      	bhi.n	80031f0 <HAL_TIM_ConfigClockSource+0x178>
 8003118:	2b20      	cmp	r3, #32
 800311a:	d060      	beq.n	80031de <HAL_TIM_ConfigClockSource+0x166>
 800311c:	d868      	bhi.n	80031f0 <HAL_TIM_ConfigClockSource+0x178>
 800311e:	2b00      	cmp	r3, #0
 8003120:	d05d      	beq.n	80031de <HAL_TIM_ConfigClockSource+0x166>
 8003122:	2b10      	cmp	r3, #16
 8003124:	d05b      	beq.n	80031de <HAL_TIM_ConfigClockSource+0x166>
 8003126:	e063      	b.n	80031f0 <HAL_TIM_ConfigClockSource+0x178>
      assert_param(IS_TIM_CLOCKPRESCALER(sClockSourceConfig->ClockPrescaler));
      assert_param(IS_TIM_CLOCKPOLARITY(sClockSourceConfig->ClockPolarity));
      assert_param(IS_TIM_CLOCKFILTER(sClockSourceConfig->ClockFilter));

      /* Configure the ETR Clock source */
      TIM_ETR_SetConfig(htim->Instance,
 8003128:	687b      	ldr	r3, [r7, #4]
 800312a:	6818      	ldr	r0, [r3, #0]
                        sClockSourceConfig->ClockPrescaler,
 800312c:	683b      	ldr	r3, [r7, #0]
 800312e:	6899      	ldr	r1, [r3, #8]
                        sClockSourceConfig->ClockPolarity,
 8003130:	683b      	ldr	r3, [r7, #0]
 8003132:	685a      	ldr	r2, [r3, #4]
                        sClockSourceConfig->ClockFilter);
 8003134:	683b      	ldr	r3, [r7, #0]
 8003136:	68db      	ldr	r3, [r3, #12]
      TIM_ETR_SetConfig(htim->Instance,
 8003138:	f000 fc60 	bl	80039fc <TIM_ETR_SetConfig>

      /* Select the External clock mode1 and the ETRF trigger */
      tmpsmcr = htim->Instance->SMCR;
 800313c:	687b      	ldr	r3, [r7, #4]
 800313e:	681b      	ldr	r3, [r3, #0]
 8003140:	689b      	ldr	r3, [r3, #8]
 8003142:	60bb      	str	r3, [r7, #8]
      tmpsmcr |= (TIM_SLAVEMODE_EXTERNAL1 | TIM_CLOCKSOURCE_ETRMODE1);
 8003144:	68bb      	ldr	r3, [r7, #8]
 8003146:	2277      	movs	r2, #119	; 0x77
 8003148:	4313      	orrs	r3, r2
 800314a:	60bb      	str	r3, [r7, #8]
      /* Write to TIMx SMCR */
      htim->Instance->SMCR = tmpsmcr;
 800314c:	687b      	ldr	r3, [r7, #4]
 800314e:	681b      	ldr	r3, [r3, #0]
 8003150:	68ba      	ldr	r2, [r7, #8]
 8003152:	609a      	str	r2, [r3, #8]
      break;
 8003154:	e052      	b.n	80031fc <HAL_TIM_ConfigClockSource+0x184>
      assert_param(IS_TIM_CLOCKPRESCALER(sClockSourceConfig->ClockPrescaler));
      assert_param(IS_TIM_CLOCKPOLARITY(sClockSourceConfig->ClockPolarity));
      assert_param(IS_TIM_CLOCKFILTER(sClockSourceConfig->ClockFilter));

      /* Configure the ETR Clock source */
      TIM_ETR_SetConfig(htim->Instance,
 8003156:	687b      	ldr	r3, [r7, #4]
 8003158:	6818      	ldr	r0, [r3, #0]
                        sClockSourceConfig->ClockPrescaler,
 800315a:	683b      	ldr	r3, [r7, #0]
 800315c:	6899      	ldr	r1, [r3, #8]
                        sClockSourceConfig->ClockPolarity,
 800315e:	683b      	ldr	r3, [r7, #0]
 8003160:	685a      	ldr	r2, [r3, #4]
                        sClockSourceConfig->ClockFilter);
 8003162:	683b      	ldr	r3, [r7, #0]
 8003164:	68db      	ldr	r3, [r3, #12]
      TIM_ETR_SetConfig(htim->Instance,
 8003166:	f000 fc49 	bl	80039fc <TIM_ETR_SetConfig>
      /* Enable the External clock mode2 */
      htim->Instance->SMCR |= TIM_SMCR_ECE;
 800316a:	687b      	ldr	r3, [r7, #4]
 800316c:	681b      	ldr	r3, [r3, #0]
 800316e:	689a      	ldr	r2, [r3, #8]
 8003170:	687b      	ldr	r3, [r7, #4]
 8003172:	681b      	ldr	r3, [r3, #0]
 8003174:	2180      	movs	r1, #128	; 0x80
 8003176:	01c9      	lsls	r1, r1, #7
 8003178:	430a      	orrs	r2, r1
 800317a:	609a      	str	r2, [r3, #8]
      break;
 800317c:	e03e      	b.n	80031fc <HAL_TIM_ConfigClockSource+0x184>

      /* Check TI1 input conditioning related parameters */
      assert_param(IS_TIM_CLOCKPOLARITY(sClockSourceConfig->ClockPolarity));
      assert_param(IS_TIM_CLOCKFILTER(sClockSourceConfig->ClockFilter));

      TIM_TI1_ConfigInputStage(htim->Instance,
 800317e:	687b      	ldr	r3, [r7, #4]
 8003180:	6818      	ldr	r0, [r3, #0]
                               sClockSourceConfig->ClockPolarity,
 8003182:	683b      	ldr	r3, [r7, #0]
 8003184:	6859      	ldr	r1, [r3, #4]
                               sClockSourceConfig->ClockFilter);
 8003186:	683b      	ldr	r3, [r7, #0]
 8003188:	68db      	ldr	r3, [r3, #12]
      TIM_TI1_ConfigInputStage(htim->Instance,
 800318a:	001a      	movs	r2, r3
 800318c:	f000 fbba 	bl	8003904 <TIM_TI1_ConfigInputStage>
      TIM_ITRx_SetConfig(htim->Instance, TIM_CLOCKSOURCE_TI1);
 8003190:	687b      	ldr	r3, [r7, #4]
 8003192:	681b      	ldr	r3, [r3, #0]
 8003194:	2150      	movs	r1, #80	; 0x50
 8003196:	0018      	movs	r0, r3
 8003198:	f000 fc14 	bl	80039c4 <TIM_ITRx_SetConfig>
      break;
 800319c:	e02e      	b.n	80031fc <HAL_TIM_ConfigClockSource+0x184>

      /* Check TI2 input conditioning related parameters */
      assert_param(IS_TIM_CLOCKPOLARITY(sClockSourceConfig->ClockPolarity));
      assert_param(IS_TIM_CLOCKFILTER(sClockSourceConfig->ClockFilter));

      TIM_TI2_ConfigInputStage(htim->Instance,
 800319e:	687b      	ldr	r3, [r7, #4]
 80031a0:	6818      	ldr	r0, [r3, #0]
                               sClockSourceConfig->ClockPolarity,
 80031a2:	683b      	ldr	r3, [r7, #0]
 80031a4:	6859      	ldr	r1, [r3, #4]
                               sClockSourceConfig->ClockFilter);
 80031a6:	683b      	ldr	r3, [r7, #0]
 80031a8:	68db      	ldr	r3, [r3, #12]
      TIM_TI2_ConfigInputStage(htim->Instance,
 80031aa:	001a      	movs	r2, r3
 80031ac:	f000 fbd8 	bl	8003960 <TIM_TI2_ConfigInputStage>
      TIM_ITRx_SetConfig(htim->Instance, TIM_CLOCKSOURCE_TI2);
 80031b0:	687b      	ldr	r3, [r7, #4]
 80031b2:	681b      	ldr	r3, [r3, #0]
 80031b4:	2160      	movs	r1, #96	; 0x60
 80031b6:	0018      	movs	r0, r3
 80031b8:	f000 fc04 	bl	80039c4 <TIM_ITRx_SetConfig>
      break;
 80031bc:	e01e      	b.n	80031fc <HAL_TIM_ConfigClockSource+0x184>

      /* Check TI1 input conditioning related parameters */
      assert_param(IS_TIM_CLOCKPOLARITY(sClockSourceConfig->ClockPolarity));
      assert_param(IS_TIM_CLOCKFILTER(sClockSourceConfig->ClockFilter));

      TIM_TI1_ConfigInputStage(htim->Instance,
 80031be:	687b      	ldr	r3, [r7, #4]
 80031c0:	6818      	ldr	r0, [r3, #0]
                               sClockSourceConfig->ClockPolarity,
 80031c2:	683b      	ldr	r3, [r7, #0]
 80031c4:	6859      	ldr	r1, [r3, #4]
                               sClockSourceConfig->ClockFilter);
 80031c6:	683b      	ldr	r3, [r7, #0]
 80031c8:	68db      	ldr	r3, [r3, #12]
      TIM_TI1_ConfigInputStage(htim->Instance,
 80031ca:	001a      	movs	r2, r3
 80031cc:	f000 fb9a 	bl	8003904 <TIM_TI1_ConfigInputStage>
      TIM_ITRx_SetConfig(htim->Instance, TIM_CLOCKSOURCE_TI1ED);
 80031d0:	687b      	ldr	r3, [r7, #4]
 80031d2:	681b      	ldr	r3, [r3, #0]
 80031d4:	2140      	movs	r1, #64	; 0x40
 80031d6:	0018      	movs	r0, r3
 80031d8:	f000 fbf4 	bl	80039c4 <TIM_ITRx_SetConfig>
      break;
 80031dc:	e00e      	b.n	80031fc <HAL_TIM_ConfigClockSource+0x184>
    case TIM_CLOCKSOURCE_ITR3:
    {
      /* Check whether or not the timer instance supports internal trigger input */
      assert_param(IS_TIM_CLOCKSOURCE_ITRX_INSTANCE(htim->Instance));

      TIM_ITRx_SetConfig(htim->Instance, sClockSourceConfig->ClockSource);
 80031de:	687b      	ldr	r3, [r7, #4]
 80031e0:	681a      	ldr	r2, [r3, #0]
 80031e2:	683b      	ldr	r3, [r7, #0]
 80031e4:	681b      	ldr	r3, [r3, #0]
 80031e6:	0019      	movs	r1, r3
 80031e8:	0010      	movs	r0, r2
 80031ea:	f000 fbeb 	bl	80039c4 <TIM_ITRx_SetConfig>
      break;
 80031ee:	e005      	b.n	80031fc <HAL_TIM_ConfigClockSource+0x184>
    }

    default:
      status = HAL_ERROR;
 80031f0:	230f      	movs	r3, #15
 80031f2:	18fb      	adds	r3, r7, r3
 80031f4:	2201      	movs	r2, #1
 80031f6:	701a      	strb	r2, [r3, #0]
      break;
 80031f8:	e000      	b.n	80031fc <HAL_TIM_ConfigClockSource+0x184>
      break;
 80031fa:	46c0      	nop			; (mov r8, r8)
  }
  htim->State = HAL_TIM_STATE_READY;
 80031fc:	687b      	ldr	r3, [r7, #4]
 80031fe:	223d      	movs	r2, #61	; 0x3d
 8003200:	2101      	movs	r1, #1
 8003202:	5499      	strb	r1, [r3, r2]

  __HAL_UNLOCK(htim);
 8003204:	687b      	ldr	r3, [r7, #4]
 8003206:	223c      	movs	r2, #60	; 0x3c
 8003208:	2100      	movs	r1, #0
 800320a:	5499      	strb	r1, [r3, r2]

  return status;
 800320c:	230f      	movs	r3, #15
 800320e:	18fb      	adds	r3, r7, r3
 8003210:	781b      	ldrb	r3, [r3, #0]
}
 8003212:	0018      	movs	r0, r3
 8003214:	46bd      	mov	sp, r7
 8003216:	b004      	add	sp, #16
 8003218:	bd80      	pop	{r7, pc}
 800321a:	46c0      	nop			; (mov r8, r8)
 800321c:	ffceff88 	.word	0xffceff88
 8003220:	ffff00ff 	.word	0xffff00ff

08003224 <HAL_TIM_PeriodElapsedCallback>:
  * @brief  Period elapsed callback in non-blocking mode
  * @param  htim TIM handle
  * @retval None
  */
__weak void HAL_TIM_PeriodElapsedCallback(TIM_HandleTypeDef *htim)
{
 8003224:	b580      	push	{r7, lr}
 8003226:	b082      	sub	sp, #8
 8003228:	af00      	add	r7, sp, #0
 800322a:	6078      	str	r0, [r7, #4]
  UNUSED(htim);

  /* NOTE : This function should not be modified, when the callback is needed,
            the HAL_TIM_PeriodElapsedCallback could be implemented in the user file
   */
}
 800322c:	46c0      	nop			; (mov r8, r8)
 800322e:	46bd      	mov	sp, r7
 8003230:	b002      	add	sp, #8
 8003232:	bd80      	pop	{r7, pc}

08003234 <HAL_TIM_PeriodElapsedHalfCpltCallback>:
  * @brief  Period elapsed half complete callback in non-blocking mode
  * @param  htim TIM handle
  * @retval None
  */
__weak void HAL_TIM_PeriodElapsedHalfCpltCallback(TIM_HandleTypeDef *htim)
{
 8003234:	b580      	push	{r7, lr}
 8003236:	b082      	sub	sp, #8
 8003238:	af00      	add	r7, sp, #0
 800323a:	6078      	str	r0, [r7, #4]
  UNUSED(htim);

  /* NOTE : This function should not be modified, when the callback is needed,
            the HAL_TIM_PeriodElapsedHalfCpltCallback could be implemented in the user file
   */
}
 800323c:	46c0      	nop			; (mov r8, r8)
 800323e:	46bd      	mov	sp, r7
 8003240:	b002      	add	sp, #8
 8003242:	bd80      	pop	{r7, pc}

08003244 <HAL_TIM_OC_DelayElapsedCallback>:
  * @brief  Output Compare callback in non-blocking mode
  * @param  htim TIM OC handle
  * @retval None
  */
__weak void HAL_TIM_OC_DelayElapsedCallback(TIM_HandleTypeDef *htim)
{
 8003244:	b580      	push	{r7, lr}
 8003246:	b082      	sub	sp, #8
 8003248:	af00      	add	r7, sp, #0
 800324a:	6078      	str	r0, [r7, #4]
  UNUSED(htim);

  /* NOTE : This function should not be modified, when the callback is needed,
            the HAL_TIM_OC_DelayElapsedCallback could be implemented in the user file
   */
}
 800324c:	46c0      	nop			; (mov r8, r8)
 800324e:	46bd      	mov	sp, r7
 8003250:	b002      	add	sp, #8
 8003252:	bd80      	pop	{r7, pc}

08003254 <HAL_TIM_IC_CaptureCallback>:
  * @brief  Input Capture callback in non-blocking mode
  * @param  htim TIM IC handle
  * @retval None
  */
__weak void HAL_TIM_IC_CaptureCallback(TIM_HandleTypeDef *htim)
{
 8003254:	b580      	push	{r7, lr}
 8003256:	b082      	sub	sp, #8
 8003258:	af00      	add	r7, sp, #0
 800325a:	6078      	str	r0, [r7, #4]
  UNUSED(htim);

  /* NOTE : This function should not be modified, when the callback is needed,
            the HAL_TIM_IC_CaptureCallback could be implemented in the user file
   */
}
 800325c:	46c0      	nop			; (mov r8, r8)
 800325e:	46bd      	mov	sp, r7
 8003260:	b002      	add	sp, #8
 8003262:	bd80      	pop	{r7, pc}

08003264 <HAL_TIM_IC_CaptureHalfCpltCallback>:
  * @brief  Input Capture half complete callback in non-blocking mode
  * @param  htim TIM IC handle
  * @retval None
  */
__weak void HAL_TIM_IC_CaptureHalfCpltCallback(TIM_HandleTypeDef *htim)
{
 8003264:	b580      	push	{r7, lr}
 8003266:	b082      	sub	sp, #8
 8003268:	af00      	add	r7, sp, #0
 800326a:	6078      	str	r0, [r7, #4]
  UNUSED(htim);

  /* NOTE : This function should not be modified, when the callback is needed,
            the HAL_TIM_IC_CaptureHalfCpltCallback could be implemented in the user file
   */
}
 800326c:	46c0      	nop			; (mov r8, r8)
 800326e:	46bd      	mov	sp, r7
 8003270:	b002      	add	sp, #8
 8003272:	bd80      	pop	{r7, pc}

08003274 <HAL_TIM_PWM_PulseFinishedCallback>:
  * @brief  PWM Pulse finished callback in non-blocking mode
  * @param  htim TIM handle
  * @retval None
  */
__weak void HAL_TIM_PWM_PulseFinishedCallback(TIM_HandleTypeDef *htim)
{
 8003274:	b580      	push	{r7, lr}
 8003276:	b082      	sub	sp, #8
 8003278:	af00      	add	r7, sp, #0
 800327a:	6078      	str	r0, [r7, #4]
  UNUSED(htim);

  /* NOTE : This function should not be modified, when the callback is needed,
            the HAL_TIM_PWM_PulseFinishedCallback could be implemented in the user file
   */
}
 800327c:	46c0      	nop			; (mov r8, r8)
 800327e:	46bd      	mov	sp, r7
 8003280:	b002      	add	sp, #8
 8003282:	bd80      	pop	{r7, pc}

08003284 <HAL_TIM_PWM_PulseFinishedHalfCpltCallback>:
  * @brief  PWM Pulse finished half complete callback in non-blocking mode
  * @param  htim TIM handle
  * @retval None
  */
__weak void HAL_TIM_PWM_PulseFinishedHalfCpltCallback(TIM_HandleTypeDef *htim)
{
 8003284:	b580      	push	{r7, lr}
 8003286:	b082      	sub	sp, #8
 8003288:	af00      	add	r7, sp, #0
 800328a:	6078      	str	r0, [r7, #4]
  UNUSED(htim);

  /* NOTE : This function should not be modified, when the callback is needed,
            the HAL_TIM_PWM_PulseFinishedHalfCpltCallback could be implemented in the user file
   */
}
 800328c:	46c0      	nop			; (mov r8, r8)
 800328e:	46bd      	mov	sp, r7
 8003290:	b002      	add	sp, #8
 8003292:	bd80      	pop	{r7, pc}

08003294 <HAL_TIM_TriggerCallback>:
  * @brief  Hall Trigger detection callback in non-blocking mode
  * @param  htim TIM handle
  * @retval None
  */
__weak void HAL_TIM_TriggerCallback(TIM_HandleTypeDef *htim)
{
 8003294:	b580      	push	{r7, lr}
 8003296:	b082      	sub	sp, #8
 8003298:	af00      	add	r7, sp, #0
 800329a:	6078      	str	r0, [r7, #4]
  UNUSED(htim);

  /* NOTE : This function should not be modified, when the callback is needed,
            the HAL_TIM_TriggerCallback could be implemented in the user file
   */
}
 800329c:	46c0      	nop			; (mov r8, r8)
 800329e:	46bd      	mov	sp, r7
 80032a0:	b002      	add	sp, #8
 80032a2:	bd80      	pop	{r7, pc}

080032a4 <HAL_TIM_TriggerHalfCpltCallback>:
  * @brief  Hall Trigger detection half complete callback in non-blocking mode
  * @param  htim TIM handle
  * @retval None
  */
__weak void HAL_TIM_TriggerHalfCpltCallback(TIM_HandleTypeDef *htim)
{
 80032a4:	b580      	push	{r7, lr}
 80032a6:	b082      	sub	sp, #8
 80032a8:	af00      	add	r7, sp, #0
 80032aa:	6078      	str	r0, [r7, #4]
  UNUSED(htim);

  /* NOTE : This function should not be modified, when the callback is needed,
            the HAL_TIM_TriggerHalfCpltCallback could be implemented in the user file
   */
}
 80032ac:	46c0      	nop			; (mov r8, r8)
 80032ae:	46bd      	mov	sp, r7
 80032b0:	b002      	add	sp, #8
 80032b2:	bd80      	pop	{r7, pc}

080032b4 <HAL_TIM_ErrorCallback>:
  * @brief  Timer error callback in non-blocking mode
  * @param  htim TIM handle
  * @retval None
  */
__weak void HAL_TIM_ErrorCallback(TIM_HandleTypeDef *htim)
{
 80032b4:	b580      	push	{r7, lr}
 80032b6:	b082      	sub	sp, #8
 80032b8:	af00      	add	r7, sp, #0
 80032ba:	6078      	str	r0, [r7, #4]
  UNUSED(htim);

  /* NOTE : This function should not be modified, when the callback is needed,
            the HAL_TIM_ErrorCallback could be implemented in the user file
   */
}
 80032bc:	46c0      	nop			; (mov r8, r8)
 80032be:	46bd      	mov	sp, r7
 80032c0:	b002      	add	sp, #8
 80032c2:	bd80      	pop	{r7, pc}

080032c4 <TIM_Base_SetConfig>:
  * @param  TIMx TIM peripheral
  * @param  Structure TIM Base configuration structure
  * @retval None
  */
void TIM_Base_SetConfig(TIM_TypeDef *TIMx, const TIM_Base_InitTypeDef *Structure)
{
 80032c4:	b580      	push	{r7, lr}
 80032c6:	b084      	sub	sp, #16
 80032c8:	af00      	add	r7, sp, #0
 80032ca:	6078      	str	r0, [r7, #4]
 80032cc:	6039      	str	r1, [r7, #0]
  uint32_t tmpcr1;
  tmpcr1 = TIMx->CR1;
 80032ce:	687b      	ldr	r3, [r7, #4]
 80032d0:	681b      	ldr	r3, [r3, #0]
 80032d2:	60fb      	str	r3, [r7, #12]

  /* Set TIM Time Base Unit parameters ---------------------------------------*/
  if (IS_TIM_COUNTER_MODE_SELECT_INSTANCE(TIMx))
 80032d4:	687b      	ldr	r3, [r7, #4]
 80032d6:	4a37      	ldr	r2, [pc, #220]	; (80033b4 <TIM_Base_SetConfig+0xf0>)
 80032d8:	4293      	cmp	r3, r2
 80032da:	d008      	beq.n	80032ee <TIM_Base_SetConfig+0x2a>
 80032dc:	687a      	ldr	r2, [r7, #4]
 80032de:	2380      	movs	r3, #128	; 0x80
 80032e0:	05db      	lsls	r3, r3, #23
 80032e2:	429a      	cmp	r2, r3
 80032e4:	d003      	beq.n	80032ee <TIM_Base_SetConfig+0x2a>
 80032e6:	687b      	ldr	r3, [r7, #4]
 80032e8:	4a33      	ldr	r2, [pc, #204]	; (80033b8 <TIM_Base_SetConfig+0xf4>)
 80032ea:	4293      	cmp	r3, r2
 80032ec:	d108      	bne.n	8003300 <TIM_Base_SetConfig+0x3c>
  {
    /* Select the Counter Mode */
    tmpcr1 &= ~(TIM_CR1_DIR | TIM_CR1_CMS);
 80032ee:	68fb      	ldr	r3, [r7, #12]
 80032f0:	2270      	movs	r2, #112	; 0x70
 80032f2:	4393      	bics	r3, r2
 80032f4:	60fb      	str	r3, [r7, #12]
    tmpcr1 |= Structure->CounterMode;
 80032f6:	683b      	ldr	r3, [r7, #0]
 80032f8:	685b      	ldr	r3, [r3, #4]
 80032fa:	68fa      	ldr	r2, [r7, #12]
 80032fc:	4313      	orrs	r3, r2
 80032fe:	60fb      	str	r3, [r7, #12]
  }

  if (IS_TIM_CLOCK_DIVISION_INSTANCE(TIMx))
 8003300:	687b      	ldr	r3, [r7, #4]
 8003302:	4a2c      	ldr	r2, [pc, #176]	; (80033b4 <TIM_Base_SetConfig+0xf0>)
 8003304:	4293      	cmp	r3, r2
 8003306:	d014      	beq.n	8003332 <TIM_Base_SetConfig+0x6e>
 8003308:	687a      	ldr	r2, [r7, #4]
 800330a:	2380      	movs	r3, #128	; 0x80
 800330c:	05db      	lsls	r3, r3, #23
 800330e:	429a      	cmp	r2, r3
 8003310:	d00f      	beq.n	8003332 <TIM_Base_SetConfig+0x6e>
 8003312:	687b      	ldr	r3, [r7, #4]
 8003314:	4a28      	ldr	r2, [pc, #160]	; (80033b8 <TIM_Base_SetConfig+0xf4>)
 8003316:	4293      	cmp	r3, r2
 8003318:	d00b      	beq.n	8003332 <TIM_Base_SetConfig+0x6e>
 800331a:	687b      	ldr	r3, [r7, #4]
 800331c:	4a27      	ldr	r2, [pc, #156]	; (80033bc <TIM_Base_SetConfig+0xf8>)
 800331e:	4293      	cmp	r3, r2
 8003320:	d007      	beq.n	8003332 <TIM_Base_SetConfig+0x6e>
 8003322:	687b      	ldr	r3, [r7, #4]
 8003324:	4a26      	ldr	r2, [pc, #152]	; (80033c0 <TIM_Base_SetConfig+0xfc>)
 8003326:	4293      	cmp	r3, r2
 8003328:	d003      	beq.n	8003332 <TIM_Base_SetConfig+0x6e>
 800332a:	687b      	ldr	r3, [r7, #4]
 800332c:	4a25      	ldr	r2, [pc, #148]	; (80033c4 <TIM_Base_SetConfig+0x100>)
 800332e:	4293      	cmp	r3, r2
 8003330:	d108      	bne.n	8003344 <TIM_Base_SetConfig+0x80>
  {
    /* Set the clock division */
    tmpcr1 &= ~TIM_CR1_CKD;
 8003332:	68fb      	ldr	r3, [r7, #12]
 8003334:	4a24      	ldr	r2, [pc, #144]	; (80033c8 <TIM_Base_SetConfig+0x104>)
 8003336:	4013      	ands	r3, r2
 8003338:	60fb      	str	r3, [r7, #12]
    tmpcr1 |= (uint32_t)Structure->ClockDivision;
 800333a:	683b      	ldr	r3, [r7, #0]
 800333c:	68db      	ldr	r3, [r3, #12]
 800333e:	68fa      	ldr	r2, [r7, #12]
 8003340:	4313      	orrs	r3, r2
 8003342:	60fb      	str	r3, [r7, #12]
  }

  /* Set the auto-reload preload */
  MODIFY_REG(tmpcr1, TIM_CR1_ARPE, Structure->AutoReloadPreload);
 8003344:	68fb      	ldr	r3, [r7, #12]
 8003346:	2280      	movs	r2, #128	; 0x80
 8003348:	4393      	bics	r3, r2
 800334a:	001a      	movs	r2, r3
 800334c:	683b      	ldr	r3, [r7, #0]
 800334e:	695b      	ldr	r3, [r3, #20]
 8003350:	4313      	orrs	r3, r2
 8003352:	60fb      	str	r3, [r7, #12]

  TIMx->CR1 = tmpcr1;
 8003354:	687b      	ldr	r3, [r7, #4]
 8003356:	68fa      	ldr	r2, [r7, #12]
 8003358:	601a      	str	r2, [r3, #0]

  /* Set the Autoreload value */
  TIMx->ARR = (uint32_t)Structure->Period ;
 800335a:	683b      	ldr	r3, [r7, #0]
 800335c:	689a      	ldr	r2, [r3, #8]
 800335e:	687b      	ldr	r3, [r7, #4]
 8003360:	62da      	str	r2, [r3, #44]	; 0x2c

  /* Set the Prescaler value */
  TIMx->PSC = Structure->Prescaler;
 8003362:	683b      	ldr	r3, [r7, #0]
 8003364:	681a      	ldr	r2, [r3, #0]
 8003366:	687b      	ldr	r3, [r7, #4]
 8003368:	629a      	str	r2, [r3, #40]	; 0x28

  if (IS_TIM_REPETITION_COUNTER_INSTANCE(TIMx))
 800336a:	687b      	ldr	r3, [r7, #4]
 800336c:	4a11      	ldr	r2, [pc, #68]	; (80033b4 <TIM_Base_SetConfig+0xf0>)
 800336e:	4293      	cmp	r3, r2
 8003370:	d007      	beq.n	8003382 <TIM_Base_SetConfig+0xbe>
 8003372:	687b      	ldr	r3, [r7, #4]
 8003374:	4a12      	ldr	r2, [pc, #72]	; (80033c0 <TIM_Base_SetConfig+0xfc>)
 8003376:	4293      	cmp	r3, r2
 8003378:	d003      	beq.n	8003382 <TIM_Base_SetConfig+0xbe>
 800337a:	687b      	ldr	r3, [r7, #4]
 800337c:	4a11      	ldr	r2, [pc, #68]	; (80033c4 <TIM_Base_SetConfig+0x100>)
 800337e:	4293      	cmp	r3, r2
 8003380:	d103      	bne.n	800338a <TIM_Base_SetConfig+0xc6>
  {
    /* Set the Repetition Counter value */
    TIMx->RCR = Structure->RepetitionCounter;
 8003382:	683b      	ldr	r3, [r7, #0]
 8003384:	691a      	ldr	r2, [r3, #16]
 8003386:	687b      	ldr	r3, [r7, #4]
 8003388:	631a      	str	r2, [r3, #48]	; 0x30
  }

  /* Generate an update event to reload the Prescaler
     and the repetition counter (only for advanced timer) value immediately */
  TIMx->EGR = TIM_EGR_UG;
 800338a:	687b      	ldr	r3, [r7, #4]
 800338c:	2201      	movs	r2, #1
 800338e:	615a      	str	r2, [r3, #20]

  /* Check if the update flag is set after the Update Generation, if so clear the UIF flag */
  if (HAL_IS_BIT_SET(TIMx->SR, TIM_FLAG_UPDATE))
 8003390:	687b      	ldr	r3, [r7, #4]
 8003392:	691b      	ldr	r3, [r3, #16]
 8003394:	2201      	movs	r2, #1
 8003396:	4013      	ands	r3, r2
 8003398:	2b01      	cmp	r3, #1
 800339a:	d106      	bne.n	80033aa <TIM_Base_SetConfig+0xe6>
  {
    /* Clear the update flag */
    CLEAR_BIT(TIMx->SR, TIM_FLAG_UPDATE);
 800339c:	687b      	ldr	r3, [r7, #4]
 800339e:	691b      	ldr	r3, [r3, #16]
 80033a0:	2201      	movs	r2, #1
 80033a2:	4393      	bics	r3, r2
 80033a4:	001a      	movs	r2, r3
 80033a6:	687b      	ldr	r3, [r7, #4]
 80033a8:	611a      	str	r2, [r3, #16]
  }
}
 80033aa:	46c0      	nop			; (mov r8, r8)
 80033ac:	46bd      	mov	sp, r7
 80033ae:	b004      	add	sp, #16
 80033b0:	bd80      	pop	{r7, pc}
 80033b2:	46c0      	nop			; (mov r8, r8)
 80033b4:	40012c00 	.word	0x40012c00
 80033b8:	40000400 	.word	0x40000400
 80033bc:	40002000 	.word	0x40002000
 80033c0:	40014400 	.word	0x40014400
 80033c4:	40014800 	.word	0x40014800
 80033c8:	fffffcff 	.word	0xfffffcff

080033cc <TIM_OC1_SetConfig>:
  * @param  TIMx to select the TIM peripheral
  * @param  OC_Config The output configuration structure
  * @retval None
  */
static void TIM_OC1_SetConfig(TIM_TypeDef *TIMx, const TIM_OC_InitTypeDef *OC_Config)
{
 80033cc:	b580      	push	{r7, lr}
 80033ce:	b086      	sub	sp, #24
 80033d0:	af00      	add	r7, sp, #0
 80033d2:	6078      	str	r0, [r7, #4]
 80033d4:	6039      	str	r1, [r7, #0]
  uint32_t tmpccmrx;
  uint32_t tmpccer;
  uint32_t tmpcr2;

  /* Get the TIMx CCER register value */
  tmpccer = TIMx->CCER;
 80033d6:	687b      	ldr	r3, [r7, #4]
 80033d8:	6a1b      	ldr	r3, [r3, #32]
 80033da:	617b      	str	r3, [r7, #20]

  /* Disable the Channel 1: Reset the CC1E Bit */
  TIMx->CCER &= ~TIM_CCER_CC1E;
 80033dc:	687b      	ldr	r3, [r7, #4]
 80033de:	6a1b      	ldr	r3, [r3, #32]
 80033e0:	2201      	movs	r2, #1
 80033e2:	4393      	bics	r3, r2
 80033e4:	001a      	movs	r2, r3
 80033e6:	687b      	ldr	r3, [r7, #4]
 80033e8:	621a      	str	r2, [r3, #32]

  /* Get the TIMx CR2 register value */
  tmpcr2 =  TIMx->CR2;
 80033ea:	687b      	ldr	r3, [r7, #4]
 80033ec:	685b      	ldr	r3, [r3, #4]
 80033ee:	613b      	str	r3, [r7, #16]

  /* Get the TIMx CCMR1 register value */
  tmpccmrx = TIMx->CCMR1;
 80033f0:	687b      	ldr	r3, [r7, #4]
 80033f2:	699b      	ldr	r3, [r3, #24]
 80033f4:	60fb      	str	r3, [r7, #12]

  /* Reset the Output Compare Mode Bits */
  tmpccmrx &= ~TIM_CCMR1_OC1M;
 80033f6:	68fb      	ldr	r3, [r7, #12]
 80033f8:	4a2e      	ldr	r2, [pc, #184]	; (80034b4 <TIM_OC1_SetConfig+0xe8>)
 80033fa:	4013      	ands	r3, r2
 80033fc:	60fb      	str	r3, [r7, #12]
  tmpccmrx &= ~TIM_CCMR1_CC1S;
 80033fe:	68fb      	ldr	r3, [r7, #12]
 8003400:	2203      	movs	r2, #3
 8003402:	4393      	bics	r3, r2
 8003404:	60fb      	str	r3, [r7, #12]
  /* Select the Output Compare Mode */
  tmpccmrx |= OC_Config->OCMode;
 8003406:	683b      	ldr	r3, [r7, #0]
 8003408:	681b      	ldr	r3, [r3, #0]
 800340a:	68fa      	ldr	r2, [r7, #12]
 800340c:	4313      	orrs	r3, r2
 800340e:	60fb      	str	r3, [r7, #12]

  /* Reset the Output Polarity level */
  tmpccer &= ~TIM_CCER_CC1P;
 8003410:	697b      	ldr	r3, [r7, #20]
 8003412:	2202      	movs	r2, #2
 8003414:	4393      	bics	r3, r2
 8003416:	617b      	str	r3, [r7, #20]
  /* Set the Output Compare Polarity */
  tmpccer |= OC_Config->OCPolarity;
 8003418:	683b      	ldr	r3, [r7, #0]
 800341a:	689b      	ldr	r3, [r3, #8]
 800341c:	697a      	ldr	r2, [r7, #20]
 800341e:	4313      	orrs	r3, r2
 8003420:	617b      	str	r3, [r7, #20]

  if (IS_TIM_CCXN_INSTANCE(TIMx, TIM_CHANNEL_1))
 8003422:	687b      	ldr	r3, [r7, #4]
 8003424:	4a24      	ldr	r2, [pc, #144]	; (80034b8 <TIM_OC1_SetConfig+0xec>)
 8003426:	4293      	cmp	r3, r2
 8003428:	d007      	beq.n	800343a <TIM_OC1_SetConfig+0x6e>
 800342a:	687b      	ldr	r3, [r7, #4]
 800342c:	4a23      	ldr	r2, [pc, #140]	; (80034bc <TIM_OC1_SetConfig+0xf0>)
 800342e:	4293      	cmp	r3, r2
 8003430:	d003      	beq.n	800343a <TIM_OC1_SetConfig+0x6e>
 8003432:	687b      	ldr	r3, [r7, #4]
 8003434:	4a22      	ldr	r2, [pc, #136]	; (80034c0 <TIM_OC1_SetConfig+0xf4>)
 8003436:	4293      	cmp	r3, r2
 8003438:	d10c      	bne.n	8003454 <TIM_OC1_SetConfig+0x88>
  {
    /* Check parameters */
    assert_param(IS_TIM_OCN_POLARITY(OC_Config->OCNPolarity));

    /* Reset the Output N Polarity level */
    tmpccer &= ~TIM_CCER_CC1NP;
 800343a:	697b      	ldr	r3, [r7, #20]
 800343c:	2208      	movs	r2, #8
 800343e:	4393      	bics	r3, r2
 8003440:	617b      	str	r3, [r7, #20]
    /* Set the Output N Polarity */
    tmpccer |= OC_Config->OCNPolarity;
 8003442:	683b      	ldr	r3, [r7, #0]
 8003444:	68db      	ldr	r3, [r3, #12]
 8003446:	697a      	ldr	r2, [r7, #20]
 8003448:	4313      	orrs	r3, r2
 800344a:	617b      	str	r3, [r7, #20]
    /* Reset the Output N State */
    tmpccer &= ~TIM_CCER_CC1NE;
 800344c:	697b      	ldr	r3, [r7, #20]
 800344e:	2204      	movs	r2, #4
 8003450:	4393      	bics	r3, r2
 8003452:	617b      	str	r3, [r7, #20]
  }

  if (IS_TIM_BREAK_INSTANCE(TIMx))
 8003454:	687b      	ldr	r3, [r7, #4]
 8003456:	4a18      	ldr	r2, [pc, #96]	; (80034b8 <TIM_OC1_SetConfig+0xec>)
 8003458:	4293      	cmp	r3, r2
 800345a:	d007      	beq.n	800346c <TIM_OC1_SetConfig+0xa0>
 800345c:	687b      	ldr	r3, [r7, #4]
 800345e:	4a17      	ldr	r2, [pc, #92]	; (80034bc <TIM_OC1_SetConfig+0xf0>)
 8003460:	4293      	cmp	r3, r2
 8003462:	d003      	beq.n	800346c <TIM_OC1_SetConfig+0xa0>
 8003464:	687b      	ldr	r3, [r7, #4]
 8003466:	4a16      	ldr	r2, [pc, #88]	; (80034c0 <TIM_OC1_SetConfig+0xf4>)
 8003468:	4293      	cmp	r3, r2
 800346a:	d111      	bne.n	8003490 <TIM_OC1_SetConfig+0xc4>
    /* Check parameters */
    assert_param(IS_TIM_OCNIDLE_STATE(OC_Config->OCNIdleState));
    assert_param(IS_TIM_OCIDLE_STATE(OC_Config->OCIdleState));

    /* Reset the Output Compare and Output Compare N IDLE State */
    tmpcr2 &= ~TIM_CR2_OIS1;
 800346c:	693b      	ldr	r3, [r7, #16]
 800346e:	4a15      	ldr	r2, [pc, #84]	; (80034c4 <TIM_OC1_SetConfig+0xf8>)
 8003470:	4013      	ands	r3, r2
 8003472:	613b      	str	r3, [r7, #16]
    tmpcr2 &= ~TIM_CR2_OIS1N;
 8003474:	693b      	ldr	r3, [r7, #16]
 8003476:	4a14      	ldr	r2, [pc, #80]	; (80034c8 <TIM_OC1_SetConfig+0xfc>)
 8003478:	4013      	ands	r3, r2
 800347a:	613b      	str	r3, [r7, #16]
    /* Set the Output Idle state */
    tmpcr2 |= OC_Config->OCIdleState;
 800347c:	683b      	ldr	r3, [r7, #0]
 800347e:	695b      	ldr	r3, [r3, #20]
 8003480:	693a      	ldr	r2, [r7, #16]
 8003482:	4313      	orrs	r3, r2
 8003484:	613b      	str	r3, [r7, #16]
    /* Set the Output N Idle state */
    tmpcr2 |= OC_Config->OCNIdleState;
 8003486:	683b      	ldr	r3, [r7, #0]
 8003488:	699b      	ldr	r3, [r3, #24]
 800348a:	693a      	ldr	r2, [r7, #16]
 800348c:	4313      	orrs	r3, r2
 800348e:	613b      	str	r3, [r7, #16]
  }

  /* Write to TIMx CR2 */
  TIMx->CR2 = tmpcr2;
 8003490:	687b      	ldr	r3, [r7, #4]
 8003492:	693a      	ldr	r2, [r7, #16]
 8003494:	605a      	str	r2, [r3, #4]

  /* Write to TIMx CCMR1 */
  TIMx->CCMR1 = tmpccmrx;
 8003496:	687b      	ldr	r3, [r7, #4]
 8003498:	68fa      	ldr	r2, [r7, #12]
 800349a:	619a      	str	r2, [r3, #24]

  /* Set the Capture Compare Register value */
  TIMx->CCR1 = OC_Config->Pulse;
 800349c:	683b      	ldr	r3, [r7, #0]
 800349e:	685a      	ldr	r2, [r3, #4]
 80034a0:	687b      	ldr	r3, [r7, #4]
 80034a2:	635a      	str	r2, [r3, #52]	; 0x34

  /* Write to TIMx CCER */
  TIMx->CCER = tmpccer;
 80034a4:	687b      	ldr	r3, [r7, #4]
 80034a6:	697a      	ldr	r2, [r7, #20]
 80034a8:	621a      	str	r2, [r3, #32]
}
 80034aa:	46c0      	nop			; (mov r8, r8)
 80034ac:	46bd      	mov	sp, r7
 80034ae:	b006      	add	sp, #24
 80034b0:	bd80      	pop	{r7, pc}
 80034b2:	46c0      	nop			; (mov r8, r8)
 80034b4:	fffeff8f 	.word	0xfffeff8f
 80034b8:	40012c00 	.word	0x40012c00
 80034bc:	40014400 	.word	0x40014400
 80034c0:	40014800 	.word	0x40014800
 80034c4:	fffffeff 	.word	0xfffffeff
 80034c8:	fffffdff 	.word	0xfffffdff

080034cc <TIM_OC2_SetConfig>:
  * @param  TIMx to select the TIM peripheral
  * @param  OC_Config The output configuration structure
  * @retval None
  */
void TIM_OC2_SetConfig(TIM_TypeDef *TIMx, const TIM_OC_InitTypeDef *OC_Config)
{
 80034cc:	b580      	push	{r7, lr}
 80034ce:	b086      	sub	sp, #24
 80034d0:	af00      	add	r7, sp, #0
 80034d2:	6078      	str	r0, [r7, #4]
 80034d4:	6039      	str	r1, [r7, #0]
  uint32_t tmpccmrx;
  uint32_t tmpccer;
  uint32_t tmpcr2;

  /* Get the TIMx CCER register value */
  tmpccer = TIMx->CCER;
 80034d6:	687b      	ldr	r3, [r7, #4]
 80034d8:	6a1b      	ldr	r3, [r3, #32]
 80034da:	617b      	str	r3, [r7, #20]

  /* Disable the Channel 2: Reset the CC2E Bit */
  TIMx->CCER &= ~TIM_CCER_CC2E;
 80034dc:	687b      	ldr	r3, [r7, #4]
 80034de:	6a1b      	ldr	r3, [r3, #32]
 80034e0:	2210      	movs	r2, #16
 80034e2:	4393      	bics	r3, r2
 80034e4:	001a      	movs	r2, r3
 80034e6:	687b      	ldr	r3, [r7, #4]
 80034e8:	621a      	str	r2, [r3, #32]

  /* Get the TIMx CR2 register value */
  tmpcr2 =  TIMx->CR2;
 80034ea:	687b      	ldr	r3, [r7, #4]
 80034ec:	685b      	ldr	r3, [r3, #4]
 80034ee:	613b      	str	r3, [r7, #16]

  /* Get the TIMx CCMR1 register value */
  tmpccmrx = TIMx->CCMR1;
 80034f0:	687b      	ldr	r3, [r7, #4]
 80034f2:	699b      	ldr	r3, [r3, #24]
 80034f4:	60fb      	str	r3, [r7, #12]

  /* Reset the Output Compare mode and Capture/Compare selection Bits */
  tmpccmrx &= ~TIM_CCMR1_OC2M;
 80034f6:	68fb      	ldr	r3, [r7, #12]
 80034f8:	4a2c      	ldr	r2, [pc, #176]	; (80035ac <TIM_OC2_SetConfig+0xe0>)
 80034fa:	4013      	ands	r3, r2
 80034fc:	60fb      	str	r3, [r7, #12]
  tmpccmrx &= ~TIM_CCMR1_CC2S;
 80034fe:	68fb      	ldr	r3, [r7, #12]
 8003500:	4a2b      	ldr	r2, [pc, #172]	; (80035b0 <TIM_OC2_SetConfig+0xe4>)
 8003502:	4013      	ands	r3, r2
 8003504:	60fb      	str	r3, [r7, #12]

  /* Select the Output Compare Mode */
  tmpccmrx |= (OC_Config->OCMode << 8U);
 8003506:	683b      	ldr	r3, [r7, #0]
 8003508:	681b      	ldr	r3, [r3, #0]
 800350a:	021b      	lsls	r3, r3, #8
 800350c:	68fa      	ldr	r2, [r7, #12]
 800350e:	4313      	orrs	r3, r2
 8003510:	60fb      	str	r3, [r7, #12]

  /* Reset the Output Polarity level */
  tmpccer &= ~TIM_CCER_CC2P;
 8003512:	697b      	ldr	r3, [r7, #20]
 8003514:	2220      	movs	r2, #32
 8003516:	4393      	bics	r3, r2
 8003518:	617b      	str	r3, [r7, #20]
  /* Set the Output Compare Polarity */
  tmpccer |= (OC_Config->OCPolarity << 4U);
 800351a:	683b      	ldr	r3, [r7, #0]
 800351c:	689b      	ldr	r3, [r3, #8]
 800351e:	011b      	lsls	r3, r3, #4
 8003520:	697a      	ldr	r2, [r7, #20]
 8003522:	4313      	orrs	r3, r2
 8003524:	617b      	str	r3, [r7, #20]

  if (IS_TIM_CCXN_INSTANCE(TIMx, TIM_CHANNEL_2))
 8003526:	687b      	ldr	r3, [r7, #4]
 8003528:	4a22      	ldr	r2, [pc, #136]	; (80035b4 <TIM_OC2_SetConfig+0xe8>)
 800352a:	4293      	cmp	r3, r2
 800352c:	d10d      	bne.n	800354a <TIM_OC2_SetConfig+0x7e>
  {
    assert_param(IS_TIM_OCN_POLARITY(OC_Config->OCNPolarity));

    /* Reset the Output N Polarity level */
    tmpccer &= ~TIM_CCER_CC2NP;
 800352e:	697b      	ldr	r3, [r7, #20]
 8003530:	2280      	movs	r2, #128	; 0x80
 8003532:	4393      	bics	r3, r2
 8003534:	617b      	str	r3, [r7, #20]
    /* Set the Output N Polarity */
    tmpccer |= (OC_Config->OCNPolarity << 4U);
 8003536:	683b      	ldr	r3, [r7, #0]
 8003538:	68db      	ldr	r3, [r3, #12]
 800353a:	011b      	lsls	r3, r3, #4
 800353c:	697a      	ldr	r2, [r7, #20]
 800353e:	4313      	orrs	r3, r2
 8003540:	617b      	str	r3, [r7, #20]
    /* Reset the Output N State */
    tmpccer &= ~TIM_CCER_CC2NE;
 8003542:	697b      	ldr	r3, [r7, #20]
 8003544:	2240      	movs	r2, #64	; 0x40
 8003546:	4393      	bics	r3, r2
 8003548:	617b      	str	r3, [r7, #20]
  }

  if (IS_TIM_BREAK_INSTANCE(TIMx))
 800354a:	687b      	ldr	r3, [r7, #4]
 800354c:	4a19      	ldr	r2, [pc, #100]	; (80035b4 <TIM_OC2_SetConfig+0xe8>)
 800354e:	4293      	cmp	r3, r2
 8003550:	d007      	beq.n	8003562 <TIM_OC2_SetConfig+0x96>
 8003552:	687b      	ldr	r3, [r7, #4]
 8003554:	4a18      	ldr	r2, [pc, #96]	; (80035b8 <TIM_OC2_SetConfig+0xec>)
 8003556:	4293      	cmp	r3, r2
 8003558:	d003      	beq.n	8003562 <TIM_OC2_SetConfig+0x96>
 800355a:	687b      	ldr	r3, [r7, #4]
 800355c:	4a17      	ldr	r2, [pc, #92]	; (80035bc <TIM_OC2_SetConfig+0xf0>)
 800355e:	4293      	cmp	r3, r2
 8003560:	d113      	bne.n	800358a <TIM_OC2_SetConfig+0xbe>
    /* Check parameters */
    assert_param(IS_TIM_OCNIDLE_STATE(OC_Config->OCNIdleState));
    assert_param(IS_TIM_OCIDLE_STATE(OC_Config->OCIdleState));

    /* Reset the Output Compare and Output Compare N IDLE State */
    tmpcr2 &= ~TIM_CR2_OIS2;
 8003562:	693b      	ldr	r3, [r7, #16]
 8003564:	4a16      	ldr	r2, [pc, #88]	; (80035c0 <TIM_OC2_SetConfig+0xf4>)
 8003566:	4013      	ands	r3, r2
 8003568:	613b      	str	r3, [r7, #16]
    tmpcr2 &= ~TIM_CR2_OIS2N;
 800356a:	693b      	ldr	r3, [r7, #16]
 800356c:	4a15      	ldr	r2, [pc, #84]	; (80035c4 <TIM_OC2_SetConfig+0xf8>)
 800356e:	4013      	ands	r3, r2
 8003570:	613b      	str	r3, [r7, #16]
    /* Set the Output Idle state */
    tmpcr2 |= (OC_Config->OCIdleState << 2U);
 8003572:	683b      	ldr	r3, [r7, #0]
 8003574:	695b      	ldr	r3, [r3, #20]
 8003576:	009b      	lsls	r3, r3, #2
 8003578:	693a      	ldr	r2, [r7, #16]
 800357a:	4313      	orrs	r3, r2
 800357c:	613b      	str	r3, [r7, #16]
    /* Set the Output N Idle state */
    tmpcr2 |= (OC_Config->OCNIdleState << 2U);
 800357e:	683b      	ldr	r3, [r7, #0]
 8003580:	699b      	ldr	r3, [r3, #24]
 8003582:	009b      	lsls	r3, r3, #2
 8003584:	693a      	ldr	r2, [r7, #16]
 8003586:	4313      	orrs	r3, r2
 8003588:	613b      	str	r3, [r7, #16]
  }

  /* Write to TIMx CR2 */
  TIMx->CR2 = tmpcr2;
 800358a:	687b      	ldr	r3, [r7, #4]
 800358c:	693a      	ldr	r2, [r7, #16]
 800358e:	605a      	str	r2, [r3, #4]

  /* Write to TIMx CCMR1 */
  TIMx->CCMR1 = tmpccmrx;
 8003590:	687b      	ldr	r3, [r7, #4]
 8003592:	68fa      	ldr	r2, [r7, #12]
 8003594:	619a      	str	r2, [r3, #24]

  /* Set the Capture Compare Register value */
  TIMx->CCR2 = OC_Config->Pulse;
 8003596:	683b      	ldr	r3, [r7, #0]
 8003598:	685a      	ldr	r2, [r3, #4]
 800359a:	687b      	ldr	r3, [r7, #4]
 800359c:	639a      	str	r2, [r3, #56]	; 0x38

  /* Write to TIMx CCER */
  TIMx->CCER = tmpccer;
 800359e:	687b      	ldr	r3, [r7, #4]
 80035a0:	697a      	ldr	r2, [r7, #20]
 80035a2:	621a      	str	r2, [r3, #32]
}
 80035a4:	46c0      	nop			; (mov r8, r8)
 80035a6:	46bd      	mov	sp, r7
 80035a8:	b006      	add	sp, #24
 80035aa:	bd80      	pop	{r7, pc}
 80035ac:	feff8fff 	.word	0xfeff8fff
 80035b0:	fffffcff 	.word	0xfffffcff
 80035b4:	40012c00 	.word	0x40012c00
 80035b8:	40014400 	.word	0x40014400
 80035bc:	40014800 	.word	0x40014800
 80035c0:	fffffbff 	.word	0xfffffbff
 80035c4:	fffff7ff 	.word	0xfffff7ff

080035c8 <TIM_OC3_SetConfig>:
  * @param  TIMx to select the TIM peripheral
  * @param  OC_Config The output configuration structure
  * @retval None
  */
static void TIM_OC3_SetConfig(TIM_TypeDef *TIMx, const TIM_OC_InitTypeDef *OC_Config)
{
 80035c8:	b580      	push	{r7, lr}
 80035ca:	b086      	sub	sp, #24
 80035cc:	af00      	add	r7, sp, #0
 80035ce:	6078      	str	r0, [r7, #4]
 80035d0:	6039      	str	r1, [r7, #0]
  uint32_t tmpccmrx;
  uint32_t tmpccer;
  uint32_t tmpcr2;

  /* Get the TIMx CCER register value */
  tmpccer = TIMx->CCER;
 80035d2:	687b      	ldr	r3, [r7, #4]
 80035d4:	6a1b      	ldr	r3, [r3, #32]
 80035d6:	617b      	str	r3, [r7, #20]

  /* Disable the Channel 3: Reset the CC2E Bit */
  TIMx->CCER &= ~TIM_CCER_CC3E;
 80035d8:	687b      	ldr	r3, [r7, #4]
 80035da:	6a1b      	ldr	r3, [r3, #32]
 80035dc:	4a31      	ldr	r2, [pc, #196]	; (80036a4 <TIM_OC3_SetConfig+0xdc>)
 80035de:	401a      	ands	r2, r3
 80035e0:	687b      	ldr	r3, [r7, #4]
 80035e2:	621a      	str	r2, [r3, #32]

  /* Get the TIMx CR2 register value */
  tmpcr2 =  TIMx->CR2;
 80035e4:	687b      	ldr	r3, [r7, #4]
 80035e6:	685b      	ldr	r3, [r3, #4]
 80035e8:	613b      	str	r3, [r7, #16]

  /* Get the TIMx CCMR2 register value */
  tmpccmrx = TIMx->CCMR2;
 80035ea:	687b      	ldr	r3, [r7, #4]
 80035ec:	69db      	ldr	r3, [r3, #28]
 80035ee:	60fb      	str	r3, [r7, #12]

  /* Reset the Output Compare mode and Capture/Compare selection Bits */
  tmpccmrx &= ~TIM_CCMR2_OC3M;
 80035f0:	68fb      	ldr	r3, [r7, #12]
 80035f2:	4a2d      	ldr	r2, [pc, #180]	; (80036a8 <TIM_OC3_SetConfig+0xe0>)
 80035f4:	4013      	ands	r3, r2
 80035f6:	60fb      	str	r3, [r7, #12]
  tmpccmrx &= ~TIM_CCMR2_CC3S;
 80035f8:	68fb      	ldr	r3, [r7, #12]
 80035fa:	2203      	movs	r2, #3
 80035fc:	4393      	bics	r3, r2
 80035fe:	60fb      	str	r3, [r7, #12]
  /* Select the Output Compare Mode */
  tmpccmrx |= OC_Config->OCMode;
 8003600:	683b      	ldr	r3, [r7, #0]
 8003602:	681b      	ldr	r3, [r3, #0]
 8003604:	68fa      	ldr	r2, [r7, #12]
 8003606:	4313      	orrs	r3, r2
 8003608:	60fb      	str	r3, [r7, #12]

  /* Reset the Output Polarity level */
  tmpccer &= ~TIM_CCER_CC3P;
 800360a:	697b      	ldr	r3, [r7, #20]
 800360c:	4a27      	ldr	r2, [pc, #156]	; (80036ac <TIM_OC3_SetConfig+0xe4>)
 800360e:	4013      	ands	r3, r2
 8003610:	617b      	str	r3, [r7, #20]
  /* Set the Output Compare Polarity */
  tmpccer |= (OC_Config->OCPolarity << 8U);
 8003612:	683b      	ldr	r3, [r7, #0]
 8003614:	689b      	ldr	r3, [r3, #8]
 8003616:	021b      	lsls	r3, r3, #8
 8003618:	697a      	ldr	r2, [r7, #20]
 800361a:	4313      	orrs	r3, r2
 800361c:	617b      	str	r3, [r7, #20]

  if (IS_TIM_CCXN_INSTANCE(TIMx, TIM_CHANNEL_3))
 800361e:	687b      	ldr	r3, [r7, #4]
 8003620:	4a23      	ldr	r2, [pc, #140]	; (80036b0 <TIM_OC3_SetConfig+0xe8>)
 8003622:	4293      	cmp	r3, r2
 8003624:	d10d      	bne.n	8003642 <TIM_OC3_SetConfig+0x7a>
  {
    assert_param(IS_TIM_OCN_POLARITY(OC_Config->OCNPolarity));

    /* Reset the Output N Polarity level */
    tmpccer &= ~TIM_CCER_CC3NP;
 8003626:	697b      	ldr	r3, [r7, #20]
 8003628:	4a22      	ldr	r2, [pc, #136]	; (80036b4 <TIM_OC3_SetConfig+0xec>)
 800362a:	4013      	ands	r3, r2
 800362c:	617b      	str	r3, [r7, #20]
    /* Set the Output N Polarity */
    tmpccer |= (OC_Config->OCNPolarity << 8U);
 800362e:	683b      	ldr	r3, [r7, #0]
 8003630:	68db      	ldr	r3, [r3, #12]
 8003632:	021b      	lsls	r3, r3, #8
 8003634:	697a      	ldr	r2, [r7, #20]
 8003636:	4313      	orrs	r3, r2
 8003638:	617b      	str	r3, [r7, #20]
    /* Reset the Output N State */
    tmpccer &= ~TIM_CCER_CC3NE;
 800363a:	697b      	ldr	r3, [r7, #20]
 800363c:	4a1e      	ldr	r2, [pc, #120]	; (80036b8 <TIM_OC3_SetConfig+0xf0>)
 800363e:	4013      	ands	r3, r2
 8003640:	617b      	str	r3, [r7, #20]
  }

  if (IS_TIM_BREAK_INSTANCE(TIMx))
 8003642:	687b      	ldr	r3, [r7, #4]
 8003644:	4a1a      	ldr	r2, [pc, #104]	; (80036b0 <TIM_OC3_SetConfig+0xe8>)
 8003646:	4293      	cmp	r3, r2
 8003648:	d007      	beq.n	800365a <TIM_OC3_SetConfig+0x92>
 800364a:	687b      	ldr	r3, [r7, #4]
 800364c:	4a1b      	ldr	r2, [pc, #108]	; (80036bc <TIM_OC3_SetConfig+0xf4>)
 800364e:	4293      	cmp	r3, r2
 8003650:	d003      	beq.n	800365a <TIM_OC3_SetConfig+0x92>
 8003652:	687b      	ldr	r3, [r7, #4]
 8003654:	4a1a      	ldr	r2, [pc, #104]	; (80036c0 <TIM_OC3_SetConfig+0xf8>)
 8003656:	4293      	cmp	r3, r2
 8003658:	d113      	bne.n	8003682 <TIM_OC3_SetConfig+0xba>
    /* Check parameters */
    assert_param(IS_TIM_OCNIDLE_STATE(OC_Config->OCNIdleState));
    assert_param(IS_TIM_OCIDLE_STATE(OC_Config->OCIdleState));

    /* Reset the Output Compare and Output Compare N IDLE State */
    tmpcr2 &= ~TIM_CR2_OIS3;
 800365a:	693b      	ldr	r3, [r7, #16]
 800365c:	4a19      	ldr	r2, [pc, #100]	; (80036c4 <TIM_OC3_SetConfig+0xfc>)
 800365e:	4013      	ands	r3, r2
 8003660:	613b      	str	r3, [r7, #16]
    tmpcr2 &= ~TIM_CR2_OIS3N;
 8003662:	693b      	ldr	r3, [r7, #16]
 8003664:	4a18      	ldr	r2, [pc, #96]	; (80036c8 <TIM_OC3_SetConfig+0x100>)
 8003666:	4013      	ands	r3, r2
 8003668:	613b      	str	r3, [r7, #16]
    /* Set the Output Idle state */
    tmpcr2 |= (OC_Config->OCIdleState << 4U);
 800366a:	683b      	ldr	r3, [r7, #0]
 800366c:	695b      	ldr	r3, [r3, #20]
 800366e:	011b      	lsls	r3, r3, #4
 8003670:	693a      	ldr	r2, [r7, #16]
 8003672:	4313      	orrs	r3, r2
 8003674:	613b      	str	r3, [r7, #16]
    /* Set the Output N Idle state */
    tmpcr2 |= (OC_Config->OCNIdleState << 4U);
 8003676:	683b      	ldr	r3, [r7, #0]
 8003678:	699b      	ldr	r3, [r3, #24]
 800367a:	011b      	lsls	r3, r3, #4
 800367c:	693a      	ldr	r2, [r7, #16]
 800367e:	4313      	orrs	r3, r2
 8003680:	613b      	str	r3, [r7, #16]
  }

  /* Write to TIMx CR2 */
  TIMx->CR2 = tmpcr2;
 8003682:	687b      	ldr	r3, [r7, #4]
 8003684:	693a      	ldr	r2, [r7, #16]
 8003686:	605a      	str	r2, [r3, #4]

  /* Write to TIMx CCMR2 */
  TIMx->CCMR2 = tmpccmrx;
 8003688:	687b      	ldr	r3, [r7, #4]
 800368a:	68fa      	ldr	r2, [r7, #12]
 800368c:	61da      	str	r2, [r3, #28]

  /* Set the Capture Compare Register value */
  TIMx->CCR3 = OC_Config->Pulse;
 800368e:	683b      	ldr	r3, [r7, #0]
 8003690:	685a      	ldr	r2, [r3, #4]
 8003692:	687b      	ldr	r3, [r7, #4]
 8003694:	63da      	str	r2, [r3, #60]	; 0x3c

  /* Write to TIMx CCER */
  TIMx->CCER = tmpccer;
 8003696:	687b      	ldr	r3, [r7, #4]
 8003698:	697a      	ldr	r2, [r7, #20]
 800369a:	621a      	str	r2, [r3, #32]
}
 800369c:	46c0      	nop			; (mov r8, r8)
 800369e:	46bd      	mov	sp, r7
 80036a0:	b006      	add	sp, #24
 80036a2:	bd80      	pop	{r7, pc}
 80036a4:	fffffeff 	.word	0xfffffeff
 80036a8:	fffeff8f 	.word	0xfffeff8f
 80036ac:	fffffdff 	.word	0xfffffdff
 80036b0:	40012c00 	.word	0x40012c00
 80036b4:	fffff7ff 	.word	0xfffff7ff
 80036b8:	fffffbff 	.word	0xfffffbff
 80036bc:	40014400 	.word	0x40014400
 80036c0:	40014800 	.word	0x40014800
 80036c4:	ffffefff 	.word	0xffffefff
 80036c8:	ffffdfff 	.word	0xffffdfff

080036cc <TIM_OC4_SetConfig>:
  * @param  TIMx to select the TIM peripheral
  * @param  OC_Config The output configuration structure
  * @retval None
  */
static void TIM_OC4_SetConfig(TIM_TypeDef *TIMx, const TIM_OC_InitTypeDef *OC_Config)
{
 80036cc:	b580      	push	{r7, lr}
 80036ce:	b086      	sub	sp, #24
 80036d0:	af00      	add	r7, sp, #0
 80036d2:	6078      	str	r0, [r7, #4]
 80036d4:	6039      	str	r1, [r7, #0]
  uint32_t tmpccmrx;
  uint32_t tmpccer;
  uint32_t tmpcr2;

  /* Get the TIMx CCER register value */
  tmpccer = TIMx->CCER;
 80036d6:	687b      	ldr	r3, [r7, #4]
 80036d8:	6a1b      	ldr	r3, [r3, #32]
 80036da:	613b      	str	r3, [r7, #16]

  /* Disable the Channel 4: Reset the CC4E Bit */
  TIMx->CCER &= ~TIM_CCER_CC4E;
 80036dc:	687b      	ldr	r3, [r7, #4]
 80036de:	6a1b      	ldr	r3, [r3, #32]
 80036e0:	4a24      	ldr	r2, [pc, #144]	; (8003774 <TIM_OC4_SetConfig+0xa8>)
 80036e2:	401a      	ands	r2, r3
 80036e4:	687b      	ldr	r3, [r7, #4]
 80036e6:	621a      	str	r2, [r3, #32]

  /* Get the TIMx CR2 register value */
  tmpcr2 =  TIMx->CR2;
 80036e8:	687b      	ldr	r3, [r7, #4]
 80036ea:	685b      	ldr	r3, [r3, #4]
 80036ec:	617b      	str	r3, [r7, #20]

  /* Get the TIMx CCMR2 register value */
  tmpccmrx = TIMx->CCMR2;
 80036ee:	687b      	ldr	r3, [r7, #4]
 80036f0:	69db      	ldr	r3, [r3, #28]
 80036f2:	60fb      	str	r3, [r7, #12]

  /* Reset the Output Compare mode and Capture/Compare selection Bits */
  tmpccmrx &= ~TIM_CCMR2_OC4M;
 80036f4:	68fb      	ldr	r3, [r7, #12]
 80036f6:	4a20      	ldr	r2, [pc, #128]	; (8003778 <TIM_OC4_SetConfig+0xac>)
 80036f8:	4013      	ands	r3, r2
 80036fa:	60fb      	str	r3, [r7, #12]
  tmpccmrx &= ~TIM_CCMR2_CC4S;
 80036fc:	68fb      	ldr	r3, [r7, #12]
 80036fe:	4a1f      	ldr	r2, [pc, #124]	; (800377c <TIM_OC4_SetConfig+0xb0>)
 8003700:	4013      	ands	r3, r2
 8003702:	60fb      	str	r3, [r7, #12]

  /* Select the Output Compare Mode */
  tmpccmrx |= (OC_Config->OCMode << 8U);
 8003704:	683b      	ldr	r3, [r7, #0]
 8003706:	681b      	ldr	r3, [r3, #0]
 8003708:	021b      	lsls	r3, r3, #8
 800370a:	68fa      	ldr	r2, [r7, #12]
 800370c:	4313      	orrs	r3, r2
 800370e:	60fb      	str	r3, [r7, #12]

  /* Reset the Output Polarity level */
  tmpccer &= ~TIM_CCER_CC4P;
 8003710:	693b      	ldr	r3, [r7, #16]
 8003712:	4a1b      	ldr	r2, [pc, #108]	; (8003780 <TIM_OC4_SetConfig+0xb4>)
 8003714:	4013      	ands	r3, r2
 8003716:	613b      	str	r3, [r7, #16]
  /* Set the Output Compare Polarity */
  tmpccer |= (OC_Config->OCPolarity << 12U);
 8003718:	683b      	ldr	r3, [r7, #0]
 800371a:	689b      	ldr	r3, [r3, #8]
 800371c:	031b      	lsls	r3, r3, #12
 800371e:	693a      	ldr	r2, [r7, #16]
 8003720:	4313      	orrs	r3, r2
 8003722:	613b      	str	r3, [r7, #16]

  if (IS_TIM_BREAK_INSTANCE(TIMx))
 8003724:	687b      	ldr	r3, [r7, #4]
 8003726:	4a17      	ldr	r2, [pc, #92]	; (8003784 <TIM_OC4_SetConfig+0xb8>)
 8003728:	4293      	cmp	r3, r2
 800372a:	d007      	beq.n	800373c <TIM_OC4_SetConfig+0x70>
 800372c:	687b      	ldr	r3, [r7, #4]
 800372e:	4a16      	ldr	r2, [pc, #88]	; (8003788 <TIM_OC4_SetConfig+0xbc>)
 8003730:	4293      	cmp	r3, r2
 8003732:	d003      	beq.n	800373c <TIM_OC4_SetConfig+0x70>
 8003734:	687b      	ldr	r3, [r7, #4]
 8003736:	4a15      	ldr	r2, [pc, #84]	; (800378c <TIM_OC4_SetConfig+0xc0>)
 8003738:	4293      	cmp	r3, r2
 800373a:	d109      	bne.n	8003750 <TIM_OC4_SetConfig+0x84>
  {
    /* Check parameters */
    assert_param(IS_TIM_OCIDLE_STATE(OC_Config->OCIdleState));

    /* Reset the Output Compare IDLE State */
    tmpcr2 &= ~TIM_CR2_OIS4;
 800373c:	697b      	ldr	r3, [r7, #20]
 800373e:	4a14      	ldr	r2, [pc, #80]	; (8003790 <TIM_OC4_SetConfig+0xc4>)
 8003740:	4013      	ands	r3, r2
 8003742:	617b      	str	r3, [r7, #20]

    /* Set the Output Idle state */
    tmpcr2 |= (OC_Config->OCIdleState << 6U);
 8003744:	683b      	ldr	r3, [r7, #0]
 8003746:	695b      	ldr	r3, [r3, #20]
 8003748:	019b      	lsls	r3, r3, #6
 800374a:	697a      	ldr	r2, [r7, #20]
 800374c:	4313      	orrs	r3, r2
 800374e:	617b      	str	r3, [r7, #20]
  }

  /* Write to TIMx CR2 */
  TIMx->CR2 = tmpcr2;
 8003750:	687b      	ldr	r3, [r7, #4]
 8003752:	697a      	ldr	r2, [r7, #20]
 8003754:	605a      	str	r2, [r3, #4]

  /* Write to TIMx CCMR2 */
  TIMx->CCMR2 = tmpccmrx;
 8003756:	687b      	ldr	r3, [r7, #4]
 8003758:	68fa      	ldr	r2, [r7, #12]
 800375a:	61da      	str	r2, [r3, #28]

  /* Set the Capture Compare Register value */
  TIMx->CCR4 = OC_Config->Pulse;
 800375c:	683b      	ldr	r3, [r7, #0]
 800375e:	685a      	ldr	r2, [r3, #4]
 8003760:	687b      	ldr	r3, [r7, #4]
 8003762:	641a      	str	r2, [r3, #64]	; 0x40

  /* Write to TIMx CCER */
  TIMx->CCER = tmpccer;
 8003764:	687b      	ldr	r3, [r7, #4]
 8003766:	693a      	ldr	r2, [r7, #16]
 8003768:	621a      	str	r2, [r3, #32]
}
 800376a:	46c0      	nop			; (mov r8, r8)
 800376c:	46bd      	mov	sp, r7
 800376e:	b006      	add	sp, #24
 8003770:	bd80      	pop	{r7, pc}
 8003772:	46c0      	nop			; (mov r8, r8)
 8003774:	ffffefff 	.word	0xffffefff
 8003778:	feff8fff 	.word	0xfeff8fff
 800377c:	fffffcff 	.word	0xfffffcff
 8003780:	ffffdfff 	.word	0xffffdfff
 8003784:	40012c00 	.word	0x40012c00
 8003788:	40014400 	.word	0x40014400
 800378c:	40014800 	.word	0x40014800
 8003790:	ffffbfff 	.word	0xffffbfff

08003794 <TIM_OC5_SetConfig>:
  * @param  OC_Config The output configuration structure
  * @retval None
  */
static void TIM_OC5_SetConfig(TIM_TypeDef *TIMx,
                              const TIM_OC_InitTypeDef *OC_Config)
{
 8003794:	b580      	push	{r7, lr}
 8003796:	b086      	sub	sp, #24
 8003798:	af00      	add	r7, sp, #0
 800379a:	6078      	str	r0, [r7, #4]
 800379c:	6039      	str	r1, [r7, #0]
  uint32_t tmpccmrx;
  uint32_t tmpccer;
  uint32_t tmpcr2;

  /* Get the TIMx CCER register value */
  tmpccer = TIMx->CCER;
 800379e:	687b      	ldr	r3, [r7, #4]
 80037a0:	6a1b      	ldr	r3, [r3, #32]
 80037a2:	613b      	str	r3, [r7, #16]

  /* Disable the output: Reset the CCxE Bit */
  TIMx->CCER &= ~TIM_CCER_CC5E;
 80037a4:	687b      	ldr	r3, [r7, #4]
 80037a6:	6a1b      	ldr	r3, [r3, #32]
 80037a8:	4a21      	ldr	r2, [pc, #132]	; (8003830 <TIM_OC5_SetConfig+0x9c>)
 80037aa:	401a      	ands	r2, r3
 80037ac:	687b      	ldr	r3, [r7, #4]
 80037ae:	621a      	str	r2, [r3, #32]

  /* Get the TIMx CR2 register value */
  tmpcr2 =  TIMx->CR2;
 80037b0:	687b      	ldr	r3, [r7, #4]
 80037b2:	685b      	ldr	r3, [r3, #4]
 80037b4:	617b      	str	r3, [r7, #20]
  /* Get the TIMx CCMR1 register value */
  tmpccmrx = TIMx->CCMR3;
 80037b6:	687b      	ldr	r3, [r7, #4]
 80037b8:	6d5b      	ldr	r3, [r3, #84]	; 0x54
 80037ba:	60fb      	str	r3, [r7, #12]

  /* Reset the Output Compare Mode Bits */
  tmpccmrx &= ~(TIM_CCMR3_OC5M);
 80037bc:	68fb      	ldr	r3, [r7, #12]
 80037be:	4a1d      	ldr	r2, [pc, #116]	; (8003834 <TIM_OC5_SetConfig+0xa0>)
 80037c0:	4013      	ands	r3, r2
 80037c2:	60fb      	str	r3, [r7, #12]
  /* Select the Output Compare Mode */
  tmpccmrx |= OC_Config->OCMode;
 80037c4:	683b      	ldr	r3, [r7, #0]
 80037c6:	681b      	ldr	r3, [r3, #0]
 80037c8:	68fa      	ldr	r2, [r7, #12]
 80037ca:	4313      	orrs	r3, r2
 80037cc:	60fb      	str	r3, [r7, #12]

  /* Reset the Output Polarity level */
  tmpccer &= ~TIM_CCER_CC5P;
 80037ce:	693b      	ldr	r3, [r7, #16]
 80037d0:	4a19      	ldr	r2, [pc, #100]	; (8003838 <TIM_OC5_SetConfig+0xa4>)
 80037d2:	4013      	ands	r3, r2
 80037d4:	613b      	str	r3, [r7, #16]
  /* Set the Output Compare Polarity */
  tmpccer |= (OC_Config->OCPolarity << 16U);
 80037d6:	683b      	ldr	r3, [r7, #0]
 80037d8:	689b      	ldr	r3, [r3, #8]
 80037da:	041b      	lsls	r3, r3, #16
 80037dc:	693a      	ldr	r2, [r7, #16]
 80037de:	4313      	orrs	r3, r2
 80037e0:	613b      	str	r3, [r7, #16]

  if (IS_TIM_BREAK_INSTANCE(TIMx))
 80037e2:	687b      	ldr	r3, [r7, #4]
 80037e4:	4a15      	ldr	r2, [pc, #84]	; (800383c <TIM_OC5_SetConfig+0xa8>)
 80037e6:	4293      	cmp	r3, r2
 80037e8:	d007      	beq.n	80037fa <TIM_OC5_SetConfig+0x66>
 80037ea:	687b      	ldr	r3, [r7, #4]
 80037ec:	4a14      	ldr	r2, [pc, #80]	; (8003840 <TIM_OC5_SetConfig+0xac>)
 80037ee:	4293      	cmp	r3, r2
 80037f0:	d003      	beq.n	80037fa <TIM_OC5_SetConfig+0x66>
 80037f2:	687b      	ldr	r3, [r7, #4]
 80037f4:	4a13      	ldr	r2, [pc, #76]	; (8003844 <TIM_OC5_SetConfig+0xb0>)
 80037f6:	4293      	cmp	r3, r2
 80037f8:	d109      	bne.n	800380e <TIM_OC5_SetConfig+0x7a>
  {
    /* Reset the Output Compare IDLE State */
    tmpcr2 &= ~TIM_CR2_OIS5;
 80037fa:	697b      	ldr	r3, [r7, #20]
 80037fc:	4a0c      	ldr	r2, [pc, #48]	; (8003830 <TIM_OC5_SetConfig+0x9c>)
 80037fe:	4013      	ands	r3, r2
 8003800:	617b      	str	r3, [r7, #20]
    /* Set the Output Idle state */
    tmpcr2 |= (OC_Config->OCIdleState << 8U);
 8003802:	683b      	ldr	r3, [r7, #0]
 8003804:	695b      	ldr	r3, [r3, #20]
 8003806:	021b      	lsls	r3, r3, #8
 8003808:	697a      	ldr	r2, [r7, #20]
 800380a:	4313      	orrs	r3, r2
 800380c:	617b      	str	r3, [r7, #20]
  }
  /* Write to TIMx CR2 */
  TIMx->CR2 = tmpcr2;
 800380e:	687b      	ldr	r3, [r7, #4]
 8003810:	697a      	ldr	r2, [r7, #20]
 8003812:	605a      	str	r2, [r3, #4]

  /* Write to TIMx CCMR3 */
  TIMx->CCMR3 = tmpccmrx;
 8003814:	687b      	ldr	r3, [r7, #4]
 8003816:	68fa      	ldr	r2, [r7, #12]
 8003818:	655a      	str	r2, [r3, #84]	; 0x54

  /* Set the Capture Compare Register value */
  TIMx->CCR5 = OC_Config->Pulse;
 800381a:	683b      	ldr	r3, [r7, #0]
 800381c:	685a      	ldr	r2, [r3, #4]
 800381e:	687b      	ldr	r3, [r7, #4]
 8003820:	659a      	str	r2, [r3, #88]	; 0x58

  /* Write to TIMx CCER */
  TIMx->CCER = tmpccer;
 8003822:	687b      	ldr	r3, [r7, #4]
 8003824:	693a      	ldr	r2, [r7, #16]
 8003826:	621a      	str	r2, [r3, #32]
}
 8003828:	46c0      	nop			; (mov r8, r8)
 800382a:	46bd      	mov	sp, r7
 800382c:	b006      	add	sp, #24
 800382e:	bd80      	pop	{r7, pc}
 8003830:	fffeffff 	.word	0xfffeffff
 8003834:	fffeff8f 	.word	0xfffeff8f
 8003838:	fffdffff 	.word	0xfffdffff
 800383c:	40012c00 	.word	0x40012c00
 8003840:	40014400 	.word	0x40014400
 8003844:	40014800 	.word	0x40014800

08003848 <TIM_OC6_SetConfig>:
  * @param  OC_Config The output configuration structure
  * @retval None
  */
static void TIM_OC6_SetConfig(TIM_TypeDef *TIMx,
                              const TIM_OC_InitTypeDef *OC_Config)
{
 8003848:	b580      	push	{r7, lr}
 800384a:	b086      	sub	sp, #24
 800384c:	af00      	add	r7, sp, #0
 800384e:	6078      	str	r0, [r7, #4]
 8003850:	6039      	str	r1, [r7, #0]
  uint32_t tmpccmrx;
  uint32_t tmpccer;
  uint32_t tmpcr2;

  /* Get the TIMx CCER register value */
  tmpccer = TIMx->CCER;
 8003852:	687b      	ldr	r3, [r7, #4]
 8003854:	6a1b      	ldr	r3, [r3, #32]
 8003856:	613b      	str	r3, [r7, #16]

  /* Disable the output: Reset the CCxE Bit */
  TIMx->CCER &= ~TIM_CCER_CC6E;
 8003858:	687b      	ldr	r3, [r7, #4]
 800385a:	6a1b      	ldr	r3, [r3, #32]
 800385c:	4a22      	ldr	r2, [pc, #136]	; (80038e8 <TIM_OC6_SetConfig+0xa0>)
 800385e:	401a      	ands	r2, r3
 8003860:	687b      	ldr	r3, [r7, #4]
 8003862:	621a      	str	r2, [r3, #32]

  /* Get the TIMx CR2 register value */
  tmpcr2 =  TIMx->CR2;
 8003864:	687b      	ldr	r3, [r7, #4]
 8003866:	685b      	ldr	r3, [r3, #4]
 8003868:	617b      	str	r3, [r7, #20]
  /* Get the TIMx CCMR1 register value */
  tmpccmrx = TIMx->CCMR3;
 800386a:	687b      	ldr	r3, [r7, #4]
 800386c:	6d5b      	ldr	r3, [r3, #84]	; 0x54
 800386e:	60fb      	str	r3, [r7, #12]

  /* Reset the Output Compare Mode Bits */
  tmpccmrx &= ~(TIM_CCMR3_OC6M);
 8003870:	68fb      	ldr	r3, [r7, #12]
 8003872:	4a1e      	ldr	r2, [pc, #120]	; (80038ec <TIM_OC6_SetConfig+0xa4>)
 8003874:	4013      	ands	r3, r2
 8003876:	60fb      	str	r3, [r7, #12]
  /* Select the Output Compare Mode */
  tmpccmrx |= (OC_Config->OCMode << 8U);
 8003878:	683b      	ldr	r3, [r7, #0]
 800387a:	681b      	ldr	r3, [r3, #0]
 800387c:	021b      	lsls	r3, r3, #8
 800387e:	68fa      	ldr	r2, [r7, #12]
 8003880:	4313      	orrs	r3, r2
 8003882:	60fb      	str	r3, [r7, #12]

  /* Reset the Output Polarity level */
  tmpccer &= (uint32_t)~TIM_CCER_CC6P;
 8003884:	693b      	ldr	r3, [r7, #16]
 8003886:	4a1a      	ldr	r2, [pc, #104]	; (80038f0 <TIM_OC6_SetConfig+0xa8>)
 8003888:	4013      	ands	r3, r2
 800388a:	613b      	str	r3, [r7, #16]
  /* Set the Output Compare Polarity */
  tmpccer |= (OC_Config->OCPolarity << 20U);
 800388c:	683b      	ldr	r3, [r7, #0]
 800388e:	689b      	ldr	r3, [r3, #8]
 8003890:	051b      	lsls	r3, r3, #20
 8003892:	693a      	ldr	r2, [r7, #16]
 8003894:	4313      	orrs	r3, r2
 8003896:	613b      	str	r3, [r7, #16]

  if (IS_TIM_BREAK_INSTANCE(TIMx))
 8003898:	687b      	ldr	r3, [r7, #4]
 800389a:	4a16      	ldr	r2, [pc, #88]	; (80038f4 <TIM_OC6_SetConfig+0xac>)
 800389c:	4293      	cmp	r3, r2
 800389e:	d007      	beq.n	80038b0 <TIM_OC6_SetConfig+0x68>
 80038a0:	687b      	ldr	r3, [r7, #4]
 80038a2:	4a15      	ldr	r2, [pc, #84]	; (80038f8 <TIM_OC6_SetConfig+0xb0>)
 80038a4:	4293      	cmp	r3, r2
 80038a6:	d003      	beq.n	80038b0 <TIM_OC6_SetConfig+0x68>
 80038a8:	687b      	ldr	r3, [r7, #4]
 80038aa:	4a14      	ldr	r2, [pc, #80]	; (80038fc <TIM_OC6_SetConfig+0xb4>)
 80038ac:	4293      	cmp	r3, r2
 80038ae:	d109      	bne.n	80038c4 <TIM_OC6_SetConfig+0x7c>
  {
    /* Reset the Output Compare IDLE State */
    tmpcr2 &= ~TIM_CR2_OIS6;
 80038b0:	697b      	ldr	r3, [r7, #20]
 80038b2:	4a13      	ldr	r2, [pc, #76]	; (8003900 <TIM_OC6_SetConfig+0xb8>)
 80038b4:	4013      	ands	r3, r2
 80038b6:	617b      	str	r3, [r7, #20]
    /* Set the Output Idle state */
    tmpcr2 |= (OC_Config->OCIdleState << 10U);
 80038b8:	683b      	ldr	r3, [r7, #0]
 80038ba:	695b      	ldr	r3, [r3, #20]
 80038bc:	029b      	lsls	r3, r3, #10
 80038be:	697a      	ldr	r2, [r7, #20]
 80038c0:	4313      	orrs	r3, r2
 80038c2:	617b      	str	r3, [r7, #20]
  }

  /* Write to TIMx CR2 */
  TIMx->CR2 = tmpcr2;
 80038c4:	687b      	ldr	r3, [r7, #4]
 80038c6:	697a      	ldr	r2, [r7, #20]
 80038c8:	605a      	str	r2, [r3, #4]

  /* Write to TIMx CCMR3 */
  TIMx->CCMR3 = tmpccmrx;
 80038ca:	687b      	ldr	r3, [r7, #4]
 80038cc:	68fa      	ldr	r2, [r7, #12]
 80038ce:	655a      	str	r2, [r3, #84]	; 0x54

  /* Set the Capture Compare Register value */
  TIMx->CCR6 = OC_Config->Pulse;
 80038d0:	683b      	ldr	r3, [r7, #0]
 80038d2:	685a      	ldr	r2, [r3, #4]
 80038d4:	687b      	ldr	r3, [r7, #4]
 80038d6:	65da      	str	r2, [r3, #92]	; 0x5c

  /* Write to TIMx CCER */
  TIMx->CCER = tmpccer;
 80038d8:	687b      	ldr	r3, [r7, #4]
 80038da:	693a      	ldr	r2, [r7, #16]
 80038dc:	621a      	str	r2, [r3, #32]
}
 80038de:	46c0      	nop			; (mov r8, r8)
 80038e0:	46bd      	mov	sp, r7
 80038e2:	b006      	add	sp, #24
 80038e4:	bd80      	pop	{r7, pc}
 80038e6:	46c0      	nop			; (mov r8, r8)
 80038e8:	ffefffff 	.word	0xffefffff
 80038ec:	feff8fff 	.word	0xfeff8fff
 80038f0:	ffdfffff 	.word	0xffdfffff
 80038f4:	40012c00 	.word	0x40012c00
 80038f8:	40014400 	.word	0x40014400
 80038fc:	40014800 	.word	0x40014800
 8003900:	fffbffff 	.word	0xfffbffff

08003904 <TIM_TI1_ConfigInputStage>:
  * @param  TIM_ICFilter Specifies the Input Capture Filter.
  *          This parameter must be a value between 0x00 and 0x0F.
  * @retval None
  */
static void TIM_TI1_ConfigInputStage(TIM_TypeDef *TIMx, uint32_t TIM_ICPolarity, uint32_t TIM_ICFilter)
{
 8003904:	b580      	push	{r7, lr}
 8003906:	b086      	sub	sp, #24
 8003908:	af00      	add	r7, sp, #0
 800390a:	60f8      	str	r0, [r7, #12]
 800390c:	60b9      	str	r1, [r7, #8]
 800390e:	607a      	str	r2, [r7, #4]
  uint32_t tmpccmr1;
  uint32_t tmpccer;

  /* Disable the Channel 1: Reset the CC1E Bit */
  tmpccer = TIMx->CCER;
 8003910:	68fb      	ldr	r3, [r7, #12]
 8003912:	6a1b      	ldr	r3, [r3, #32]
 8003914:	617b      	str	r3, [r7, #20]
  TIMx->CCER &= ~TIM_CCER_CC1E;
 8003916:	68fb      	ldr	r3, [r7, #12]
 8003918:	6a1b      	ldr	r3, [r3, #32]
 800391a:	2201      	movs	r2, #1
 800391c:	4393      	bics	r3, r2
 800391e:	001a      	movs	r2, r3
 8003920:	68fb      	ldr	r3, [r7, #12]
 8003922:	621a      	str	r2, [r3, #32]
  tmpccmr1 = TIMx->CCMR1;
 8003924:	68fb      	ldr	r3, [r7, #12]
 8003926:	699b      	ldr	r3, [r3, #24]
 8003928:	613b      	str	r3, [r7, #16]

  /* Set the filter */
  tmpccmr1 &= ~TIM_CCMR1_IC1F;
 800392a:	693b      	ldr	r3, [r7, #16]
 800392c:	22f0      	movs	r2, #240	; 0xf0
 800392e:	4393      	bics	r3, r2
 8003930:	613b      	str	r3, [r7, #16]
  tmpccmr1 |= (TIM_ICFilter << 4U);
 8003932:	687b      	ldr	r3, [r7, #4]
 8003934:	011b      	lsls	r3, r3, #4
 8003936:	693a      	ldr	r2, [r7, #16]
 8003938:	4313      	orrs	r3, r2
 800393a:	613b      	str	r3, [r7, #16]

  /* Select the Polarity and set the CC1E Bit */
  tmpccer &= ~(TIM_CCER_CC1P | TIM_CCER_CC1NP);
 800393c:	697b      	ldr	r3, [r7, #20]
 800393e:	220a      	movs	r2, #10
 8003940:	4393      	bics	r3, r2
 8003942:	617b      	str	r3, [r7, #20]
  tmpccer |= TIM_ICPolarity;
 8003944:	697a      	ldr	r2, [r7, #20]
 8003946:	68bb      	ldr	r3, [r7, #8]
 8003948:	4313      	orrs	r3, r2
 800394a:	617b      	str	r3, [r7, #20]

  /* Write to TIMx CCMR1 and CCER registers */
  TIMx->CCMR1 = tmpccmr1;
 800394c:	68fb      	ldr	r3, [r7, #12]
 800394e:	693a      	ldr	r2, [r7, #16]
 8003950:	619a      	str	r2, [r3, #24]
  TIMx->CCER = tmpccer;
 8003952:	68fb      	ldr	r3, [r7, #12]
 8003954:	697a      	ldr	r2, [r7, #20]
 8003956:	621a      	str	r2, [r3, #32]
}
 8003958:	46c0      	nop			; (mov r8, r8)
 800395a:	46bd      	mov	sp, r7
 800395c:	b006      	add	sp, #24
 800395e:	bd80      	pop	{r7, pc}

08003960 <TIM_TI2_ConfigInputStage>:
  * @param  TIM_ICFilter Specifies the Input Capture Filter.
  *          This parameter must be a value between 0x00 and 0x0F.
  * @retval None
  */
static void TIM_TI2_ConfigInputStage(TIM_TypeDef *TIMx, uint32_t TIM_ICPolarity, uint32_t TIM_ICFilter)
{
 8003960:	b580      	push	{r7, lr}
 8003962:	b086      	sub	sp, #24
 8003964:	af00      	add	r7, sp, #0
 8003966:	60f8      	str	r0, [r7, #12]
 8003968:	60b9      	str	r1, [r7, #8]
 800396a:	607a      	str	r2, [r7, #4]
  uint32_t tmpccmr1;
  uint32_t tmpccer;

  /* Disable the Channel 2: Reset the CC2E Bit */
  tmpccer = TIMx->CCER;
 800396c:	68fb      	ldr	r3, [r7, #12]
 800396e:	6a1b      	ldr	r3, [r3, #32]
 8003970:	617b      	str	r3, [r7, #20]
  TIMx->CCER &= ~TIM_CCER_CC2E;
 8003972:	68fb      	ldr	r3, [r7, #12]
 8003974:	6a1b      	ldr	r3, [r3, #32]
 8003976:	2210      	movs	r2, #16
 8003978:	4393      	bics	r3, r2
 800397a:	001a      	movs	r2, r3
 800397c:	68fb      	ldr	r3, [r7, #12]
 800397e:	621a      	str	r2, [r3, #32]
  tmpccmr1 = TIMx->CCMR1;
 8003980:	68fb      	ldr	r3, [r7, #12]
 8003982:	699b      	ldr	r3, [r3, #24]
 8003984:	613b      	str	r3, [r7, #16]

  /* Set the filter */
  tmpccmr1 &= ~TIM_CCMR1_IC2F;
 8003986:	693b      	ldr	r3, [r7, #16]
 8003988:	4a0d      	ldr	r2, [pc, #52]	; (80039c0 <TIM_TI2_ConfigInputStage+0x60>)
 800398a:	4013      	ands	r3, r2
 800398c:	613b      	str	r3, [r7, #16]
  tmpccmr1 |= (TIM_ICFilter << 12U);
 800398e:	687b      	ldr	r3, [r7, #4]
 8003990:	031b      	lsls	r3, r3, #12
 8003992:	693a      	ldr	r2, [r7, #16]
 8003994:	4313      	orrs	r3, r2
 8003996:	613b      	str	r3, [r7, #16]

  /* Select the Polarity and set the CC2E Bit */
  tmpccer &= ~(TIM_CCER_CC2P | TIM_CCER_CC2NP);
 8003998:	697b      	ldr	r3, [r7, #20]
 800399a:	22a0      	movs	r2, #160	; 0xa0
 800399c:	4393      	bics	r3, r2
 800399e:	617b      	str	r3, [r7, #20]
  tmpccer |= (TIM_ICPolarity << 4U);
 80039a0:	68bb      	ldr	r3, [r7, #8]
 80039a2:	011b      	lsls	r3, r3, #4
 80039a4:	697a      	ldr	r2, [r7, #20]
 80039a6:	4313      	orrs	r3, r2
 80039a8:	617b      	str	r3, [r7, #20]

  /* Write to TIMx CCMR1 and CCER registers */
  TIMx->CCMR1 = tmpccmr1 ;
 80039aa:	68fb      	ldr	r3, [r7, #12]
 80039ac:	693a      	ldr	r2, [r7, #16]
 80039ae:	619a      	str	r2, [r3, #24]
  TIMx->CCER = tmpccer;
 80039b0:	68fb      	ldr	r3, [r7, #12]
 80039b2:	697a      	ldr	r2, [r7, #20]
 80039b4:	621a      	str	r2, [r3, #32]
}
 80039b6:	46c0      	nop			; (mov r8, r8)
 80039b8:	46bd      	mov	sp, r7
 80039ba:	b006      	add	sp, #24
 80039bc:	bd80      	pop	{r7, pc}
 80039be:	46c0      	nop			; (mov r8, r8)
 80039c0:	ffff0fff 	.word	0xffff0fff

080039c4 <TIM_ITRx_SetConfig>:
  *            @arg TIM_TS_TI2FP2: Filtered Timer Input 2
  *            @arg TIM_TS_ETRF: External Trigger input
  * @retval None
  */
static void TIM_ITRx_SetConfig(TIM_TypeDef *TIMx, uint32_t InputTriggerSource)
{
 80039c4:	b580      	push	{r7, lr}
 80039c6:	b084      	sub	sp, #16
 80039c8:	af00      	add	r7, sp, #0
 80039ca:	6078      	str	r0, [r7, #4]
 80039cc:	6039      	str	r1, [r7, #0]
  uint32_t tmpsmcr;

  /* Get the TIMx SMCR register value */
  tmpsmcr = TIMx->SMCR;
 80039ce:	687b      	ldr	r3, [r7, #4]
 80039d0:	689b      	ldr	r3, [r3, #8]
 80039d2:	60fb      	str	r3, [r7, #12]
  /* Reset the TS Bits */
  tmpsmcr &= ~TIM_SMCR_TS;
 80039d4:	68fb      	ldr	r3, [r7, #12]
 80039d6:	4a08      	ldr	r2, [pc, #32]	; (80039f8 <TIM_ITRx_SetConfig+0x34>)
 80039d8:	4013      	ands	r3, r2
 80039da:	60fb      	str	r3, [r7, #12]
  /* Set the Input Trigger source and the slave mode*/
  tmpsmcr |= (InputTriggerSource | TIM_SLAVEMODE_EXTERNAL1);
 80039dc:	683a      	ldr	r2, [r7, #0]
 80039de:	68fb      	ldr	r3, [r7, #12]
 80039e0:	4313      	orrs	r3, r2
 80039e2:	2207      	movs	r2, #7
 80039e4:	4313      	orrs	r3, r2
 80039e6:	60fb      	str	r3, [r7, #12]
  /* Write to TIMx SMCR */
  TIMx->SMCR = tmpsmcr;
 80039e8:	687b      	ldr	r3, [r7, #4]
 80039ea:	68fa      	ldr	r2, [r7, #12]
 80039ec:	609a      	str	r2, [r3, #8]
}
 80039ee:	46c0      	nop			; (mov r8, r8)
 80039f0:	46bd      	mov	sp, r7
 80039f2:	b004      	add	sp, #16
 80039f4:	bd80      	pop	{r7, pc}
 80039f6:	46c0      	nop			; (mov r8, r8)
 80039f8:	ffcfff8f 	.word	0xffcfff8f

080039fc <TIM_ETR_SetConfig>:
  *          This parameter must be a value between 0x00 and 0x0F
  * @retval None
  */
void TIM_ETR_SetConfig(TIM_TypeDef *TIMx, uint32_t TIM_ExtTRGPrescaler,
                       uint32_t TIM_ExtTRGPolarity, uint32_t ExtTRGFilter)
{
 80039fc:	b580      	push	{r7, lr}
 80039fe:	b086      	sub	sp, #24
 8003a00:	af00      	add	r7, sp, #0
 8003a02:	60f8      	str	r0, [r7, #12]
 8003a04:	60b9      	str	r1, [r7, #8]
 8003a06:	607a      	str	r2, [r7, #4]
 8003a08:	603b      	str	r3, [r7, #0]
  uint32_t tmpsmcr;

  tmpsmcr = TIMx->SMCR;
 8003a0a:	68fb      	ldr	r3, [r7, #12]
 8003a0c:	689b      	ldr	r3, [r3, #8]
 8003a0e:	617b      	str	r3, [r7, #20]

  /* Reset the ETR Bits */
  tmpsmcr &= ~(TIM_SMCR_ETF | TIM_SMCR_ETPS | TIM_SMCR_ECE | TIM_SMCR_ETP);
 8003a10:	697b      	ldr	r3, [r7, #20]
 8003a12:	4a09      	ldr	r2, [pc, #36]	; (8003a38 <TIM_ETR_SetConfig+0x3c>)
 8003a14:	4013      	ands	r3, r2
 8003a16:	617b      	str	r3, [r7, #20]

  /* Set the Prescaler, the Filter value and the Polarity */
  tmpsmcr |= (uint32_t)(TIM_ExtTRGPrescaler | (TIM_ExtTRGPolarity | (ExtTRGFilter << 8U)));
 8003a18:	683b      	ldr	r3, [r7, #0]
 8003a1a:	021a      	lsls	r2, r3, #8
 8003a1c:	687b      	ldr	r3, [r7, #4]
 8003a1e:	431a      	orrs	r2, r3
 8003a20:	68bb      	ldr	r3, [r7, #8]
 8003a22:	4313      	orrs	r3, r2
 8003a24:	697a      	ldr	r2, [r7, #20]
 8003a26:	4313      	orrs	r3, r2
 8003a28:	617b      	str	r3, [r7, #20]

  /* Write to TIMx SMCR */
  TIMx->SMCR = tmpsmcr;
 8003a2a:	68fb      	ldr	r3, [r7, #12]
 8003a2c:	697a      	ldr	r2, [r7, #20]
 8003a2e:	609a      	str	r2, [r3, #8]
}
 8003a30:	46c0      	nop			; (mov r8, r8)
 8003a32:	46bd      	mov	sp, r7
 8003a34:	b006      	add	sp, #24
 8003a36:	bd80      	pop	{r7, pc}
 8003a38:	ffff00ff 	.word	0xffff00ff

08003a3c <TIM_ResetCallback>:
  * @param  htim pointer to a TIM_HandleTypeDef structure that contains
  *                the configuration information for TIM module.
  * @retval None
  */
void TIM_ResetCallback(TIM_HandleTypeDef *htim)
{
 8003a3c:	b580      	push	{r7, lr}
 8003a3e:	b082      	sub	sp, #8
 8003a40:	af00      	add	r7, sp, #0
 8003a42:	6078      	str	r0, [r7, #4]
  /* Reset the TIM callback to the legacy weak callbacks */
  htim->PeriodElapsedCallback             = HAL_TIM_PeriodElapsedCallback;
 8003a44:	687b      	ldr	r3, [r7, #4]
 8003a46:	2184      	movs	r1, #132	; 0x84
 8003a48:	4a1c      	ldr	r2, [pc, #112]	; (8003abc <TIM_ResetCallback+0x80>)
 8003a4a:	505a      	str	r2, [r3, r1]
  htim->PeriodElapsedHalfCpltCallback     = HAL_TIM_PeriodElapsedHalfCpltCallback;
 8003a4c:	687b      	ldr	r3, [r7, #4]
 8003a4e:	2188      	movs	r1, #136	; 0x88
 8003a50:	4a1b      	ldr	r2, [pc, #108]	; (8003ac0 <TIM_ResetCallback+0x84>)
 8003a52:	505a      	str	r2, [r3, r1]
  htim->TriggerCallback                   = HAL_TIM_TriggerCallback;
 8003a54:	687b      	ldr	r3, [r7, #4]
 8003a56:	218c      	movs	r1, #140	; 0x8c
 8003a58:	4a1a      	ldr	r2, [pc, #104]	; (8003ac4 <TIM_ResetCallback+0x88>)
 8003a5a:	505a      	str	r2, [r3, r1]
  htim->TriggerHalfCpltCallback           = HAL_TIM_TriggerHalfCpltCallback;
 8003a5c:	687b      	ldr	r3, [r7, #4]
 8003a5e:	2190      	movs	r1, #144	; 0x90
 8003a60:	4a19      	ldr	r2, [pc, #100]	; (8003ac8 <TIM_ResetCallback+0x8c>)
 8003a62:	505a      	str	r2, [r3, r1]
  htim->IC_CaptureCallback                = HAL_TIM_IC_CaptureCallback;
 8003a64:	687b      	ldr	r3, [r7, #4]
 8003a66:	2194      	movs	r1, #148	; 0x94
 8003a68:	4a18      	ldr	r2, [pc, #96]	; (8003acc <TIM_ResetCallback+0x90>)
 8003a6a:	505a      	str	r2, [r3, r1]
  htim->IC_CaptureHalfCpltCallback        = HAL_TIM_IC_CaptureHalfCpltCallback;
 8003a6c:	687b      	ldr	r3, [r7, #4]
 8003a6e:	2198      	movs	r1, #152	; 0x98
 8003a70:	4a17      	ldr	r2, [pc, #92]	; (8003ad0 <TIM_ResetCallback+0x94>)
 8003a72:	505a      	str	r2, [r3, r1]
  htim->OC_DelayElapsedCallback           = HAL_TIM_OC_DelayElapsedCallback;
 8003a74:	687b      	ldr	r3, [r7, #4]
 8003a76:	219c      	movs	r1, #156	; 0x9c
 8003a78:	4a16      	ldr	r2, [pc, #88]	; (8003ad4 <TIM_ResetCallback+0x98>)
 8003a7a:	505a      	str	r2, [r3, r1]
  htim->PWM_PulseFinishedCallback         = HAL_TIM_PWM_PulseFinishedCallback;
 8003a7c:	687b      	ldr	r3, [r7, #4]
 8003a7e:	21a0      	movs	r1, #160	; 0xa0
 8003a80:	4a15      	ldr	r2, [pc, #84]	; (8003ad8 <TIM_ResetCallback+0x9c>)
 8003a82:	505a      	str	r2, [r3, r1]
  htim->PWM_PulseFinishedHalfCpltCallback = HAL_TIM_PWM_PulseFinishedHalfCpltCallback;
 8003a84:	687b      	ldr	r3, [r7, #4]
 8003a86:	21a4      	movs	r1, #164	; 0xa4
 8003a88:	4a14      	ldr	r2, [pc, #80]	; (8003adc <TIM_ResetCallback+0xa0>)
 8003a8a:	505a      	str	r2, [r3, r1]
  htim->ErrorCallback                     = HAL_TIM_ErrorCallback;
 8003a8c:	687b      	ldr	r3, [r7, #4]
 8003a8e:	21a8      	movs	r1, #168	; 0xa8
 8003a90:	4a13      	ldr	r2, [pc, #76]	; (8003ae0 <TIM_ResetCallback+0xa4>)
 8003a92:	505a      	str	r2, [r3, r1]
  htim->CommutationCallback               = HAL_TIMEx_CommutCallback;
 8003a94:	687b      	ldr	r3, [r7, #4]
 8003a96:	21ac      	movs	r1, #172	; 0xac
 8003a98:	4a12      	ldr	r2, [pc, #72]	; (8003ae4 <TIM_ResetCallback+0xa8>)
 8003a9a:	505a      	str	r2, [r3, r1]
  htim->CommutationHalfCpltCallback       = HAL_TIMEx_CommutHalfCpltCallback;
 8003a9c:	687b      	ldr	r3, [r7, #4]
 8003a9e:	21b0      	movs	r1, #176	; 0xb0
 8003aa0:	4a11      	ldr	r2, [pc, #68]	; (8003ae8 <TIM_ResetCallback+0xac>)
 8003aa2:	505a      	str	r2, [r3, r1]
  htim->BreakCallback                     = HAL_TIMEx_BreakCallback;
 8003aa4:	687b      	ldr	r3, [r7, #4]
 8003aa6:	21b4      	movs	r1, #180	; 0xb4
 8003aa8:	4a10      	ldr	r2, [pc, #64]	; (8003aec <TIM_ResetCallback+0xb0>)
 8003aaa:	505a      	str	r2, [r3, r1]
  htim->Break2Callback                    = HAL_TIMEx_Break2Callback;
 8003aac:	687b      	ldr	r3, [r7, #4]
 8003aae:	21b8      	movs	r1, #184	; 0xb8
 8003ab0:	4a0f      	ldr	r2, [pc, #60]	; (8003af0 <TIM_ResetCallback+0xb4>)
 8003ab2:	505a      	str	r2, [r3, r1]
}
 8003ab4:	46c0      	nop			; (mov r8, r8)
 8003ab6:	46bd      	mov	sp, r7
 8003ab8:	b002      	add	sp, #8
 8003aba:	bd80      	pop	{r7, pc}
 8003abc:	08003225 	.word	0x08003225
 8003ac0:	08003235 	.word	0x08003235
 8003ac4:	08003295 	.word	0x08003295
 8003ac8:	080032a5 	.word	0x080032a5
 8003acc:	08003255 	.word	0x08003255
 8003ad0:	08003265 	.word	0x08003265
 8003ad4:	08003245 	.word	0x08003245
 8003ad8:	08003275 	.word	0x08003275
 8003adc:	08003285 	.word	0x08003285
 8003ae0:	080032b5 	.word	0x080032b5
 8003ae4:	08003cfd 	.word	0x08003cfd
 8003ae8:	08003d0d 	.word	0x08003d0d
 8003aec:	08003d1d 	.word	0x08003d1d
 8003af0:	08003d2d 	.word	0x08003d2d

08003af4 <HAL_TIMEx_MasterConfigSynchronization>:
  *         mode.
  * @retval HAL status
  */
HAL_StatusTypeDef HAL_TIMEx_MasterConfigSynchronization(TIM_HandleTypeDef *htim,
                                                        const TIM_MasterConfigTypeDef *sMasterConfig)
{
 8003af4:	b580      	push	{r7, lr}
 8003af6:	b084      	sub	sp, #16
 8003af8:	af00      	add	r7, sp, #0
 8003afa:	6078      	str	r0, [r7, #4]
 8003afc:	6039      	str	r1, [r7, #0]
  assert_param(IS_TIM_MASTER_INSTANCE(htim->Instance));
  assert_param(IS_TIM_TRGO_SOURCE(sMasterConfig->MasterOutputTrigger));
  assert_param(IS_TIM_MSM_STATE(sMasterConfig->MasterSlaveMode));

  /* Check input state */
  __HAL_LOCK(htim);
 8003afe:	687b      	ldr	r3, [r7, #4]
 8003b00:	223c      	movs	r2, #60	; 0x3c
 8003b02:	5c9b      	ldrb	r3, [r3, r2]
 8003b04:	2b01      	cmp	r3, #1
 8003b06:	d101      	bne.n	8003b0c <HAL_TIMEx_MasterConfigSynchronization+0x18>
 8003b08:	2302      	movs	r3, #2
 8003b0a:	e050      	b.n	8003bae <HAL_TIMEx_MasterConfigSynchronization+0xba>
 8003b0c:	687b      	ldr	r3, [r7, #4]
 8003b0e:	223c      	movs	r2, #60	; 0x3c
 8003b10:	2101      	movs	r1, #1
 8003b12:	5499      	strb	r1, [r3, r2]

  /* Change the handler state */
  htim->State = HAL_TIM_STATE_BUSY;
 8003b14:	687b      	ldr	r3, [r7, #4]
 8003b16:	223d      	movs	r2, #61	; 0x3d
 8003b18:	2102      	movs	r1, #2
 8003b1a:	5499      	strb	r1, [r3, r2]

  /* Get the TIMx CR2 register value */
  tmpcr2 = htim->Instance->CR2;
 8003b1c:	687b      	ldr	r3, [r7, #4]
 8003b1e:	681b      	ldr	r3, [r3, #0]
 8003b20:	685b      	ldr	r3, [r3, #4]
 8003b22:	60fb      	str	r3, [r7, #12]

  /* Get the TIMx SMCR register value */
  tmpsmcr = htim->Instance->SMCR;
 8003b24:	687b      	ldr	r3, [r7, #4]
 8003b26:	681b      	ldr	r3, [r3, #0]
 8003b28:	689b      	ldr	r3, [r3, #8]
 8003b2a:	60bb      	str	r3, [r7, #8]

  /* If the timer supports ADC synchronization through TRGO2, set the master mode selection 2 */
  if (IS_TIM_TRGO2_INSTANCE(htim->Instance))
 8003b2c:	687b      	ldr	r3, [r7, #4]
 8003b2e:	681b      	ldr	r3, [r3, #0]
 8003b30:	4a21      	ldr	r2, [pc, #132]	; (8003bb8 <HAL_TIMEx_MasterConfigSynchronization+0xc4>)
 8003b32:	4293      	cmp	r3, r2
 8003b34:	d108      	bne.n	8003b48 <HAL_TIMEx_MasterConfigSynchronization+0x54>
  {
    /* Check the parameters */
    assert_param(IS_TIM_TRGO2_SOURCE(sMasterConfig->MasterOutputTrigger2));

    /* Clear the MMS2 bits */
    tmpcr2 &= ~TIM_CR2_MMS2;
 8003b36:	68fb      	ldr	r3, [r7, #12]
 8003b38:	4a20      	ldr	r2, [pc, #128]	; (8003bbc <HAL_TIMEx_MasterConfigSynchronization+0xc8>)
 8003b3a:	4013      	ands	r3, r2
 8003b3c:	60fb      	str	r3, [r7, #12]
    /* Select the TRGO2 source*/
    tmpcr2 |= sMasterConfig->MasterOutputTrigger2;
 8003b3e:	683b      	ldr	r3, [r7, #0]
 8003b40:	685b      	ldr	r3, [r3, #4]
 8003b42:	68fa      	ldr	r2, [r7, #12]
 8003b44:	4313      	orrs	r3, r2
 8003b46:	60fb      	str	r3, [r7, #12]
  }

  /* Reset the MMS Bits */
  tmpcr2 &= ~TIM_CR2_MMS;
 8003b48:	68fb      	ldr	r3, [r7, #12]
 8003b4a:	2270      	movs	r2, #112	; 0x70
 8003b4c:	4393      	bics	r3, r2
 8003b4e:	60fb      	str	r3, [r7, #12]
  /* Select the TRGO source */
  tmpcr2 |=  sMasterConfig->MasterOutputTrigger;
 8003b50:	683b      	ldr	r3, [r7, #0]
 8003b52:	681b      	ldr	r3, [r3, #0]
 8003b54:	68fa      	ldr	r2, [r7, #12]
 8003b56:	4313      	orrs	r3, r2
 8003b58:	60fb      	str	r3, [r7, #12]

  /* Update TIMx CR2 */
  htim->Instance->CR2 = tmpcr2;
 8003b5a:	687b      	ldr	r3, [r7, #4]
 8003b5c:	681b      	ldr	r3, [r3, #0]
 8003b5e:	68fa      	ldr	r2, [r7, #12]
 8003b60:	605a      	str	r2, [r3, #4]

  if (IS_TIM_SLAVE_INSTANCE(htim->Instance))
 8003b62:	687b      	ldr	r3, [r7, #4]
 8003b64:	681b      	ldr	r3, [r3, #0]
 8003b66:	4a14      	ldr	r2, [pc, #80]	; (8003bb8 <HAL_TIMEx_MasterConfigSynchronization+0xc4>)
 8003b68:	4293      	cmp	r3, r2
 8003b6a:	d00a      	beq.n	8003b82 <HAL_TIMEx_MasterConfigSynchronization+0x8e>
 8003b6c:	687b      	ldr	r3, [r7, #4]
 8003b6e:	681a      	ldr	r2, [r3, #0]
 8003b70:	2380      	movs	r3, #128	; 0x80
 8003b72:	05db      	lsls	r3, r3, #23
 8003b74:	429a      	cmp	r2, r3
 8003b76:	d004      	beq.n	8003b82 <HAL_TIMEx_MasterConfigSynchronization+0x8e>
 8003b78:	687b      	ldr	r3, [r7, #4]
 8003b7a:	681b      	ldr	r3, [r3, #0]
 8003b7c:	4a10      	ldr	r2, [pc, #64]	; (8003bc0 <HAL_TIMEx_MasterConfigSynchronization+0xcc>)
 8003b7e:	4293      	cmp	r3, r2
 8003b80:	d10c      	bne.n	8003b9c <HAL_TIMEx_MasterConfigSynchronization+0xa8>
  {
    /* Reset the MSM Bit */
    tmpsmcr &= ~TIM_SMCR_MSM;
 8003b82:	68bb      	ldr	r3, [r7, #8]
 8003b84:	2280      	movs	r2, #128	; 0x80
 8003b86:	4393      	bics	r3, r2
 8003b88:	60bb      	str	r3, [r7, #8]
    /* Set master mode */
    tmpsmcr |= sMasterConfig->MasterSlaveMode;
 8003b8a:	683b      	ldr	r3, [r7, #0]
 8003b8c:	689b      	ldr	r3, [r3, #8]
 8003b8e:	68ba      	ldr	r2, [r7, #8]
 8003b90:	4313      	orrs	r3, r2
 8003b92:	60bb      	str	r3, [r7, #8]

    /* Update TIMx SMCR */
    htim->Instance->SMCR = tmpsmcr;
 8003b94:	687b      	ldr	r3, [r7, #4]
 8003b96:	681b      	ldr	r3, [r3, #0]
 8003b98:	68ba      	ldr	r2, [r7, #8]
 8003b9a:	609a      	str	r2, [r3, #8]
  }

  /* Change the htim state */
  htim->State = HAL_TIM_STATE_READY;
 8003b9c:	687b      	ldr	r3, [r7, #4]
 8003b9e:	223d      	movs	r2, #61	; 0x3d
 8003ba0:	2101      	movs	r1, #1
 8003ba2:	5499      	strb	r1, [r3, r2]

  __HAL_UNLOCK(htim);
 8003ba4:	687b      	ldr	r3, [r7, #4]
 8003ba6:	223c      	movs	r2, #60	; 0x3c
 8003ba8:	2100      	movs	r1, #0
 8003baa:	5499      	strb	r1, [r3, r2]

  return HAL_OK;
 8003bac:	2300      	movs	r3, #0
}
 8003bae:	0018      	movs	r0, r3
 8003bb0:	46bd      	mov	sp, r7
 8003bb2:	b004      	add	sp, #16
 8003bb4:	bd80      	pop	{r7, pc}
 8003bb6:	46c0      	nop			; (mov r8, r8)
 8003bb8:	40012c00 	.word	0x40012c00
 8003bbc:	ff0fffff 	.word	0xff0fffff
 8003bc0:	40000400 	.word	0x40000400

08003bc4 <HAL_TIMEx_ConfigBreakDeadTime>:
  *         interrupt can be enabled by calling the @ref __HAL_TIM_ENABLE_IT macro.
  * @retval HAL status
  */
HAL_StatusTypeDef HAL_TIMEx_ConfigBreakDeadTime(TIM_HandleTypeDef *htim,
                                                const TIM_BreakDeadTimeConfigTypeDef *sBreakDeadTimeConfig)
{
 8003bc4:	b580      	push	{r7, lr}
 8003bc6:	b084      	sub	sp, #16
 8003bc8:	af00      	add	r7, sp, #0
 8003bca:	6078      	str	r0, [r7, #4]
 8003bcc:	6039      	str	r1, [r7, #0]
  /* Keep this variable initialized to 0 as it is used to configure BDTR register */
  uint32_t tmpbdtr = 0U;
 8003bce:	2300      	movs	r3, #0
 8003bd0:	60fb      	str	r3, [r7, #12]
  assert_param(IS_TIM_BREAK_FILTER(sBreakDeadTimeConfig->BreakFilter));
  assert_param(IS_TIM_AUTOMATIC_OUTPUT_STATE(sBreakDeadTimeConfig->AutomaticOutput));
  assert_param(IS_TIM_BREAK_AFMODE(sBreakDeadTimeConfig->BreakAFMode));

  /* Check input state */
  __HAL_LOCK(htim);
 8003bd2:	687b      	ldr	r3, [r7, #4]
 8003bd4:	223c      	movs	r2, #60	; 0x3c
 8003bd6:	5c9b      	ldrb	r3, [r3, r2]
 8003bd8:	2b01      	cmp	r3, #1
 8003bda:	d101      	bne.n	8003be0 <HAL_TIMEx_ConfigBreakDeadTime+0x1c>
 8003bdc:	2302      	movs	r3, #2
 8003bde:	e06f      	b.n	8003cc0 <HAL_TIMEx_ConfigBreakDeadTime+0xfc>
 8003be0:	687b      	ldr	r3, [r7, #4]
 8003be2:	223c      	movs	r2, #60	; 0x3c
 8003be4:	2101      	movs	r1, #1
 8003be6:	5499      	strb	r1, [r3, r2]

  /* Set the Lock level, the Break enable Bit and the Polarity, the OSSR State,
     the OSSI State, the dead time value and the Automatic Output Enable Bit */

  /* Set the BDTR bits */
  MODIFY_REG(tmpbdtr, TIM_BDTR_DTG, sBreakDeadTimeConfig->DeadTime);
 8003be8:	68fb      	ldr	r3, [r7, #12]
 8003bea:	22ff      	movs	r2, #255	; 0xff
 8003bec:	4393      	bics	r3, r2
 8003bee:	001a      	movs	r2, r3
 8003bf0:	683b      	ldr	r3, [r7, #0]
 8003bf2:	68db      	ldr	r3, [r3, #12]
 8003bf4:	4313      	orrs	r3, r2
 8003bf6:	60fb      	str	r3, [r7, #12]
  MODIFY_REG(tmpbdtr, TIM_BDTR_LOCK, sBreakDeadTimeConfig->LockLevel);
 8003bf8:	68fb      	ldr	r3, [r7, #12]
 8003bfa:	4a33      	ldr	r2, [pc, #204]	; (8003cc8 <HAL_TIMEx_ConfigBreakDeadTime+0x104>)
 8003bfc:	401a      	ands	r2, r3
 8003bfe:	683b      	ldr	r3, [r7, #0]
 8003c00:	689b      	ldr	r3, [r3, #8]
 8003c02:	4313      	orrs	r3, r2
 8003c04:	60fb      	str	r3, [r7, #12]
  MODIFY_REG(tmpbdtr, TIM_BDTR_OSSI, sBreakDeadTimeConfig->OffStateIDLEMode);
 8003c06:	68fb      	ldr	r3, [r7, #12]
 8003c08:	4a30      	ldr	r2, [pc, #192]	; (8003ccc <HAL_TIMEx_ConfigBreakDeadTime+0x108>)
 8003c0a:	401a      	ands	r2, r3
 8003c0c:	683b      	ldr	r3, [r7, #0]
 8003c0e:	685b      	ldr	r3, [r3, #4]
 8003c10:	4313      	orrs	r3, r2
 8003c12:	60fb      	str	r3, [r7, #12]
  MODIFY_REG(tmpbdtr, TIM_BDTR_OSSR, sBreakDeadTimeConfig->OffStateRunMode);
 8003c14:	68fb      	ldr	r3, [r7, #12]
 8003c16:	4a2e      	ldr	r2, [pc, #184]	; (8003cd0 <HAL_TIMEx_ConfigBreakDeadTime+0x10c>)
 8003c18:	401a      	ands	r2, r3
 8003c1a:	683b      	ldr	r3, [r7, #0]
 8003c1c:	681b      	ldr	r3, [r3, #0]
 8003c1e:	4313      	orrs	r3, r2
 8003c20:	60fb      	str	r3, [r7, #12]
  MODIFY_REG(tmpbdtr, TIM_BDTR_BKE, sBreakDeadTimeConfig->BreakState);
 8003c22:	68fb      	ldr	r3, [r7, #12]
 8003c24:	4a2b      	ldr	r2, [pc, #172]	; (8003cd4 <HAL_TIMEx_ConfigBreakDeadTime+0x110>)
 8003c26:	401a      	ands	r2, r3
 8003c28:	683b      	ldr	r3, [r7, #0]
 8003c2a:	691b      	ldr	r3, [r3, #16]
 8003c2c:	4313      	orrs	r3, r2
 8003c2e:	60fb      	str	r3, [r7, #12]
  MODIFY_REG(tmpbdtr, TIM_BDTR_BKP, sBreakDeadTimeConfig->BreakPolarity);
 8003c30:	68fb      	ldr	r3, [r7, #12]
 8003c32:	4a29      	ldr	r2, [pc, #164]	; (8003cd8 <HAL_TIMEx_ConfigBreakDeadTime+0x114>)
 8003c34:	401a      	ands	r2, r3
 8003c36:	683b      	ldr	r3, [r7, #0]
 8003c38:	695b      	ldr	r3, [r3, #20]
 8003c3a:	4313      	orrs	r3, r2
 8003c3c:	60fb      	str	r3, [r7, #12]
  MODIFY_REG(tmpbdtr, TIM_BDTR_AOE, sBreakDeadTimeConfig->AutomaticOutput);
 8003c3e:	68fb      	ldr	r3, [r7, #12]
 8003c40:	4a26      	ldr	r2, [pc, #152]	; (8003cdc <HAL_TIMEx_ConfigBreakDeadTime+0x118>)
 8003c42:	401a      	ands	r2, r3
 8003c44:	683b      	ldr	r3, [r7, #0]
 8003c46:	6b1b      	ldr	r3, [r3, #48]	; 0x30
 8003c48:	4313      	orrs	r3, r2
 8003c4a:	60fb      	str	r3, [r7, #12]
  MODIFY_REG(tmpbdtr, TIM_BDTR_BKF, (sBreakDeadTimeConfig->BreakFilter << TIM_BDTR_BKF_Pos));
 8003c4c:	68fb      	ldr	r3, [r7, #12]
 8003c4e:	4a24      	ldr	r2, [pc, #144]	; (8003ce0 <HAL_TIMEx_ConfigBreakDeadTime+0x11c>)
 8003c50:	401a      	ands	r2, r3
 8003c52:	683b      	ldr	r3, [r7, #0]
 8003c54:	699b      	ldr	r3, [r3, #24]
 8003c56:	041b      	lsls	r3, r3, #16
 8003c58:	4313      	orrs	r3, r2
 8003c5a:	60fb      	str	r3, [r7, #12]
  MODIFY_REG(tmpbdtr, TIM_BDTR_BKBID, sBreakDeadTimeConfig->BreakAFMode);
 8003c5c:	68fb      	ldr	r3, [r7, #12]
 8003c5e:	4a21      	ldr	r2, [pc, #132]	; (8003ce4 <HAL_TIMEx_ConfigBreakDeadTime+0x120>)
 8003c60:	401a      	ands	r2, r3
 8003c62:	683b      	ldr	r3, [r7, #0]
 8003c64:	69db      	ldr	r3, [r3, #28]
 8003c66:	4313      	orrs	r3, r2
 8003c68:	60fb      	str	r3, [r7, #12]

  if (IS_TIM_BKIN2_INSTANCE(htim->Instance))
 8003c6a:	687b      	ldr	r3, [r7, #4]
 8003c6c:	681b      	ldr	r3, [r3, #0]
 8003c6e:	4a1e      	ldr	r2, [pc, #120]	; (8003ce8 <HAL_TIMEx_ConfigBreakDeadTime+0x124>)
 8003c70:	4293      	cmp	r3, r2
 8003c72:	d11c      	bne.n	8003cae <HAL_TIMEx_ConfigBreakDeadTime+0xea>
    assert_param(IS_TIM_BREAK2_POLARITY(sBreakDeadTimeConfig->Break2Polarity));
    assert_param(IS_TIM_BREAK_FILTER(sBreakDeadTimeConfig->Break2Filter));
    assert_param(IS_TIM_BREAK2_AFMODE(sBreakDeadTimeConfig->Break2AFMode));

    /* Set the BREAK2 input related BDTR bits */
    MODIFY_REG(tmpbdtr, TIM_BDTR_BK2F, (sBreakDeadTimeConfig->Break2Filter << TIM_BDTR_BK2F_Pos));
 8003c74:	68fb      	ldr	r3, [r7, #12]
 8003c76:	4a1d      	ldr	r2, [pc, #116]	; (8003cec <HAL_TIMEx_ConfigBreakDeadTime+0x128>)
 8003c78:	401a      	ands	r2, r3
 8003c7a:	683b      	ldr	r3, [r7, #0]
 8003c7c:	6a9b      	ldr	r3, [r3, #40]	; 0x28
 8003c7e:	051b      	lsls	r3, r3, #20
 8003c80:	4313      	orrs	r3, r2
 8003c82:	60fb      	str	r3, [r7, #12]
    MODIFY_REG(tmpbdtr, TIM_BDTR_BK2E, sBreakDeadTimeConfig->Break2State);
 8003c84:	68fb      	ldr	r3, [r7, #12]
 8003c86:	4a1a      	ldr	r2, [pc, #104]	; (8003cf0 <HAL_TIMEx_ConfigBreakDeadTime+0x12c>)
 8003c88:	401a      	ands	r2, r3
 8003c8a:	683b      	ldr	r3, [r7, #0]
 8003c8c:	6a1b      	ldr	r3, [r3, #32]
 8003c8e:	4313      	orrs	r3, r2
 8003c90:	60fb      	str	r3, [r7, #12]
    MODIFY_REG(tmpbdtr, TIM_BDTR_BK2P, sBreakDeadTimeConfig->Break2Polarity);
 8003c92:	68fb      	ldr	r3, [r7, #12]
 8003c94:	4a17      	ldr	r2, [pc, #92]	; (8003cf4 <HAL_TIMEx_ConfigBreakDeadTime+0x130>)
 8003c96:	401a      	ands	r2, r3
 8003c98:	683b      	ldr	r3, [r7, #0]
 8003c9a:	6a5b      	ldr	r3, [r3, #36]	; 0x24
 8003c9c:	4313      	orrs	r3, r2
 8003c9e:	60fb      	str	r3, [r7, #12]
    MODIFY_REG(tmpbdtr, TIM_BDTR_BK2BID, sBreakDeadTimeConfig->Break2AFMode);
 8003ca0:	68fb      	ldr	r3, [r7, #12]
 8003ca2:	4a15      	ldr	r2, [pc, #84]	; (8003cf8 <HAL_TIMEx_ConfigBreakDeadTime+0x134>)
 8003ca4:	401a      	ands	r2, r3
 8003ca6:	683b      	ldr	r3, [r7, #0]
 8003ca8:	6adb      	ldr	r3, [r3, #44]	; 0x2c
 8003caa:	4313      	orrs	r3, r2
 8003cac:	60fb      	str	r3, [r7, #12]
  }

  /* Set TIMx_BDTR */
  htim->Instance->BDTR = tmpbdtr;
 8003cae:	687b      	ldr	r3, [r7, #4]
 8003cb0:	681b      	ldr	r3, [r3, #0]
 8003cb2:	68fa      	ldr	r2, [r7, #12]
 8003cb4:	645a      	str	r2, [r3, #68]	; 0x44

  __HAL_UNLOCK(htim);
 8003cb6:	687b      	ldr	r3, [r7, #4]
 8003cb8:	223c      	movs	r2, #60	; 0x3c
 8003cba:	2100      	movs	r1, #0
 8003cbc:	5499      	strb	r1, [r3, r2]

  return HAL_OK;
 8003cbe:	2300      	movs	r3, #0
}
 8003cc0:	0018      	movs	r0, r3
 8003cc2:	46bd      	mov	sp, r7
 8003cc4:	b004      	add	sp, #16
 8003cc6:	bd80      	pop	{r7, pc}
 8003cc8:	fffffcff 	.word	0xfffffcff
 8003ccc:	fffffbff 	.word	0xfffffbff
 8003cd0:	fffff7ff 	.word	0xfffff7ff
 8003cd4:	ffffefff 	.word	0xffffefff
 8003cd8:	ffffdfff 	.word	0xffffdfff
 8003cdc:	ffffbfff 	.word	0xffffbfff
 8003ce0:	fff0ffff 	.word	0xfff0ffff
 8003ce4:	efffffff 	.word	0xefffffff
 8003ce8:	40012c00 	.word	0x40012c00
 8003cec:	ff0fffff 	.word	0xff0fffff
 8003cf0:	feffffff 	.word	0xfeffffff
 8003cf4:	fdffffff 	.word	0xfdffffff
 8003cf8:	dfffffff 	.word	0xdfffffff

08003cfc <HAL_TIMEx_CommutCallback>:
  * @brief  Commutation callback in non-blocking mode
  * @param  htim TIM handle
  * @retval None
  */
__weak void HAL_TIMEx_CommutCallback(TIM_HandleTypeDef *htim)
{
 8003cfc:	b580      	push	{r7, lr}
 8003cfe:	b082      	sub	sp, #8
 8003d00:	af00      	add	r7, sp, #0
 8003d02:	6078      	str	r0, [r7, #4]
  UNUSED(htim);

  /* NOTE : This function should not be modified, when the callback is needed,
            the HAL_TIMEx_CommutCallback could be implemented in the user file
   */
}
 8003d04:	46c0      	nop			; (mov r8, r8)
 8003d06:	46bd      	mov	sp, r7
 8003d08:	b002      	add	sp, #8
 8003d0a:	bd80      	pop	{r7, pc}

08003d0c <HAL_TIMEx_CommutHalfCpltCallback>:
  * @brief  Commutation half complete callback in non-blocking mode
  * @param  htim TIM handle
  * @retval None
  */
__weak void HAL_TIMEx_CommutHalfCpltCallback(TIM_HandleTypeDef *htim)
{
 8003d0c:	b580      	push	{r7, lr}
 8003d0e:	b082      	sub	sp, #8
 8003d10:	af00      	add	r7, sp, #0
 8003d12:	6078      	str	r0, [r7, #4]
  UNUSED(htim);

  /* NOTE : This function should not be modified, when the callback is needed,
            the HAL_TIMEx_CommutHalfCpltCallback could be implemented in the user file
   */
}
 8003d14:	46c0      	nop			; (mov r8, r8)
 8003d16:	46bd      	mov	sp, r7
 8003d18:	b002      	add	sp, #8
 8003d1a:	bd80      	pop	{r7, pc}

08003d1c <HAL_TIMEx_BreakCallback>:
  * @brief  Break detection callback in non-blocking mode
  * @param  htim TIM handle
  * @retval None
  */
__weak void HAL_TIMEx_BreakCallback(TIM_HandleTypeDef *htim)
{
 8003d1c:	b580      	push	{r7, lr}
 8003d1e:	b082      	sub	sp, #8
 8003d20:	af00      	add	r7, sp, #0
 8003d22:	6078      	str	r0, [r7, #4]
  UNUSED(htim);

  /* NOTE : This function should not be modified, when the callback is needed,
            the HAL_TIMEx_BreakCallback could be implemented in the user file
   */
}
 8003d24:	46c0      	nop			; (mov r8, r8)
 8003d26:	46bd      	mov	sp, r7
 8003d28:	b002      	add	sp, #8
 8003d2a:	bd80      	pop	{r7, pc}

08003d2c <HAL_TIMEx_Break2Callback>:
  * @brief  Break2 detection callback in non blocking mode
  * @param  htim: TIM handle
  * @retval None
  */
__weak void HAL_TIMEx_Break2Callback(TIM_HandleTypeDef *htim)
{
 8003d2c:	b580      	push	{r7, lr}
 8003d2e:	b082      	sub	sp, #8
 8003d30:	af00      	add	r7, sp, #0
 8003d32:	6078      	str	r0, [r7, #4]
  UNUSED(htim);

  /* NOTE : This function Should not be modified, when the callback is needed,
            the HAL_TIMEx_Break2Callback could be implemented in the user file
   */
}
 8003d34:	46c0      	nop			; (mov r8, r8)
 8003d36:	46bd      	mov	sp, r7
 8003d38:	b002      	add	sp, #8
 8003d3a:	bd80      	pop	{r7, pc}

08003d3c <_ZN5wibot13InitializableC1Ev>:
enum class InitialableType : uint8_t {
    normal = 0,
    os     = 1,
};

class Initializable : private LinkList {
 8003d3c:	b580      	push	{r7, lr}
 8003d3e:	b082      	sub	sp, #8
 8003d40:	af00      	add	r7, sp, #0
 8003d42:	6078      	str	r0, [r7, #4]
 8003d44:	687b      	ldr	r3, [r7, #4]
 8003d46:	3304      	adds	r3, #4
 8003d48:	0018      	movs	r0, r3
 8003d4a:	f000 fa16 	bl	800417a <_ZN5wibot8LinkListC1Ev>
 8003d4e:	4a05      	ldr	r2, [pc, #20]	; (8003d64 <_ZN5wibot13InitializableC1Ev+0x28>)
 8003d50:	687b      	ldr	r3, [r7, #4]
 8003d52:	601a      	str	r2, [r3, #0]
 8003d54:	687b      	ldr	r3, [r7, #4]
 8003d56:	2200      	movs	r2, #0
 8003d58:	721a      	strb	r2, [r3, #8]
 8003d5a:	687b      	ldr	r3, [r7, #4]
 8003d5c:	0018      	movs	r0, r3
 8003d5e:	46bd      	mov	sp, r7
 8003d60:	b002      	add	sp, #8
 8003d62:	bd80      	pop	{r7, pc}
 8003d64:	08005330 	.word	0x08005330

08003d68 <_DoInit>:
      if (pRTTCBInit->acID[0] != 'S') {                                                      \
        _DoInit();                                                                           \
      }                                                                                      \
    } while (0)

static void _DoInit(void) {
 8003d68:	b580      	push	{r7, lr}
 8003d6a:	b082      	sub	sp, #8
 8003d6c:	af00      	add	r7, sp, #0
  static const char _aInitStr[] = "\0\0\0\0\0\0TTR REGGES";  // Init complete ID string to make sure that things also work if RTT is linked to a no-init memory area
  unsigned i;
  //
  // Initialize control block
  //
  p                     = (volatile SEGGER_RTT_CB*)((uintptr_t)&_SEGGER_RTT + SEGGER_RTT_UNCACHED_OFF);  // Access control block uncached so that nothing in the cache ever becomes dirty and all changes are visible in HW directly
 8003d6e:	4b25      	ldr	r3, [pc, #148]	; (8003e04 <_DoInit+0x9c>)
 8003d70:	603b      	str	r3, [r7, #0]
  memset((SEGGER_RTT_CB*)p, 0, sizeof(_SEGGER_RTT));         // Make sure that the RTT CB is always zero initialized.
 8003d72:	683b      	ldr	r3, [r7, #0]
 8003d74:	22a8      	movs	r2, #168	; 0xa8
 8003d76:	2100      	movs	r1, #0
 8003d78:	0018      	movs	r0, r3
 8003d7a:	f000 fbe5 	bl	8004548 <memset>
  p->MaxNumUpBuffers    = SEGGER_RTT_MAX_NUM_UP_BUFFERS;
 8003d7e:	683b      	ldr	r3, [r7, #0]
 8003d80:	2203      	movs	r2, #3
 8003d82:	611a      	str	r2, [r3, #16]
  p->MaxNumDownBuffers  = SEGGER_RTT_MAX_NUM_DOWN_BUFFERS;
 8003d84:	683b      	ldr	r3, [r7, #0]
 8003d86:	2203      	movs	r2, #3
 8003d88:	615a      	str	r2, [r3, #20]
  //
  // Initialize up buffer 0
  //
  p->aUp[0].sName         = "Terminal";
 8003d8a:	683b      	ldr	r3, [r7, #0]
 8003d8c:	4a1e      	ldr	r2, [pc, #120]	; (8003e08 <_DoInit+0xa0>)
 8003d8e:	619a      	str	r2, [r3, #24]
  p->aUp[0].pBuffer       = _acUpBuffer;
 8003d90:	683b      	ldr	r3, [r7, #0]
 8003d92:	4a1e      	ldr	r2, [pc, #120]	; (8003e0c <_DoInit+0xa4>)
 8003d94:	61da      	str	r2, [r3, #28]
  p->aUp[0].SizeOfBuffer  = BUFFER_SIZE_UP;
 8003d96:	683b      	ldr	r3, [r7, #0]
 8003d98:	2280      	movs	r2, #128	; 0x80
 8003d9a:	00d2      	lsls	r2, r2, #3
 8003d9c:	621a      	str	r2, [r3, #32]
  p->aUp[0].RdOff         = 0u;
 8003d9e:	683b      	ldr	r3, [r7, #0]
 8003da0:	2200      	movs	r2, #0
 8003da2:	629a      	str	r2, [r3, #40]	; 0x28
  p->aUp[0].WrOff         = 0u;
 8003da4:	683b      	ldr	r3, [r7, #0]
 8003da6:	2200      	movs	r2, #0
 8003da8:	625a      	str	r2, [r3, #36]	; 0x24
  p->aUp[0].Flags         = SEGGER_RTT_MODE_DEFAULT;
 8003daa:	683b      	ldr	r3, [r7, #0]
 8003dac:	2200      	movs	r2, #0
 8003dae:	62da      	str	r2, [r3, #44]	; 0x2c
  //
  // Initialize down buffer 0
  //
  p->aDown[0].sName         = "Terminal";
 8003db0:	683b      	ldr	r3, [r7, #0]
 8003db2:	4a15      	ldr	r2, [pc, #84]	; (8003e08 <_DoInit+0xa0>)
 8003db4:	661a      	str	r2, [r3, #96]	; 0x60
  p->aDown[0].pBuffer       = _acDownBuffer;
 8003db6:	683b      	ldr	r3, [r7, #0]
 8003db8:	4a15      	ldr	r2, [pc, #84]	; (8003e10 <_DoInit+0xa8>)
 8003dba:	665a      	str	r2, [r3, #100]	; 0x64
  p->aDown[0].SizeOfBuffer  = BUFFER_SIZE_DOWN;
 8003dbc:	683b      	ldr	r3, [r7, #0]
 8003dbe:	2210      	movs	r2, #16
 8003dc0:	669a      	str	r2, [r3, #104]	; 0x68
  p->aDown[0].RdOff         = 0u;
 8003dc2:	683b      	ldr	r3, [r7, #0]
 8003dc4:	2200      	movs	r2, #0
 8003dc6:	671a      	str	r2, [r3, #112]	; 0x70
  p->aDown[0].WrOff         = 0u;
 8003dc8:	683b      	ldr	r3, [r7, #0]
 8003dca:	2200      	movs	r2, #0
 8003dcc:	66da      	str	r2, [r3, #108]	; 0x6c
  p->aDown[0].Flags         = SEGGER_RTT_MODE_DEFAULT;
 8003dce:	683b      	ldr	r3, [r7, #0]
 8003dd0:	2200      	movs	r2, #0
 8003dd2:	675a      	str	r2, [r3, #116]	; 0x74
  // Finish initialization of the control block.
  // Copy Id string backwards to make sure that "SEGGER RTT" is not found in initializer memory (usually flash),
  // as this would cause J-Link to "find" the control block at a wrong address.
  //
  RTT__DMB();                       // Force order of memory accesses for cores that may perform out-of-order memory accesses
  for (i = 0; i < sizeof(_aInitStr) - 1; ++i) {
 8003dd4:	2300      	movs	r3, #0
 8003dd6:	607b      	str	r3, [r7, #4]
 8003dd8:	e00c      	b.n	8003df4 <_DoInit+0x8c>
    p->acID[i] = _aInitStr[sizeof(_aInitStr) - 2 - i];  // Skip terminating \0 at the end of the array
 8003dda:	687b      	ldr	r3, [r7, #4]
 8003ddc:	220f      	movs	r2, #15
 8003dde:	1ad3      	subs	r3, r2, r3
 8003de0:	4a0c      	ldr	r2, [pc, #48]	; (8003e14 <_DoInit+0xac>)
 8003de2:	5cd1      	ldrb	r1, [r2, r3]
 8003de4:	683a      	ldr	r2, [r7, #0]
 8003de6:	687b      	ldr	r3, [r7, #4]
 8003de8:	18d3      	adds	r3, r2, r3
 8003dea:	1c0a      	adds	r2, r1, #0
 8003dec:	701a      	strb	r2, [r3, #0]
  for (i = 0; i < sizeof(_aInitStr) - 1; ++i) {
 8003dee:	687b      	ldr	r3, [r7, #4]
 8003df0:	3301      	adds	r3, #1
 8003df2:	607b      	str	r3, [r7, #4]
 8003df4:	687b      	ldr	r3, [r7, #4]
 8003df6:	2b0f      	cmp	r3, #15
 8003df8:	d9ef      	bls.n	8003dda <_DoInit+0x72>
  }
  RTT__DMB();                       // Force order of memory accesses for cores that may perform out-of-order memory accesses
}
 8003dfa:	46c0      	nop			; (mov r8, r8)
 8003dfc:	46c0      	nop			; (mov r8, r8)
 8003dfe:	46bd      	mov	sp, r7
 8003e00:	b002      	add	sp, #8
 8003e02:	bd80      	pop	{r7, pc}
 8003e04:	20000230 	.word	0x20000230
 8003e08:	080051e8 	.word	0x080051e8
 8003e0c:	200002d8 	.word	0x200002d8
 8003e10:	200006d8 	.word	0x200006d8
 8003e14:	08005334 	.word	0x08005334

08003e18 <_WriteBlocking>:
*    NumBytes     Number of bytes to be stored in the SEGGER RTT control block.
*
*  Return value
*    >= 0 - Number of bytes written into buffer.
*/
static unsigned _WriteBlocking(SEGGER_RTT_BUFFER_UP* pRing, const char* pBuffer, unsigned NumBytes) {
 8003e18:	b580      	push	{r7, lr}
 8003e1a:	b08a      	sub	sp, #40	; 0x28
 8003e1c:	af00      	add	r7, sp, #0
 8003e1e:	60f8      	str	r0, [r7, #12]
 8003e20:	60b9      	str	r1, [r7, #8]
 8003e22:	607a      	str	r2, [r7, #4]
  unsigned WrOff;
  volatile char* pDst;
  //
  // Write data to buffer and handle wrap-around if necessary
  //
  NumBytesWritten = 0u;
 8003e24:	2300      	movs	r3, #0
 8003e26:	623b      	str	r3, [r7, #32]
  WrOff = pRing->WrOff;
 8003e28:	68fb      	ldr	r3, [r7, #12]
 8003e2a:	68db      	ldr	r3, [r3, #12]
 8003e2c:	61fb      	str	r3, [r7, #28]
  do {
    RdOff = pRing->RdOff;                         // May be changed by host (debug probe) in the meantime
 8003e2e:	68fb      	ldr	r3, [r7, #12]
 8003e30:	691b      	ldr	r3, [r3, #16]
 8003e32:	61bb      	str	r3, [r7, #24]
    if (RdOff > WrOff) {
 8003e34:	69ba      	ldr	r2, [r7, #24]
 8003e36:	69fb      	ldr	r3, [r7, #28]
 8003e38:	429a      	cmp	r2, r3
 8003e3a:	d905      	bls.n	8003e48 <_WriteBlocking+0x30>
      NumBytesToWrite = RdOff - WrOff - 1u;
 8003e3c:	69ba      	ldr	r2, [r7, #24]
 8003e3e:	69fb      	ldr	r3, [r7, #28]
 8003e40:	1ad3      	subs	r3, r2, r3
 8003e42:	3b01      	subs	r3, #1
 8003e44:	627b      	str	r3, [r7, #36]	; 0x24
 8003e46:	e007      	b.n	8003e58 <_WriteBlocking+0x40>
    } else {
      NumBytesToWrite = pRing->SizeOfBuffer - (WrOff - RdOff + 1u);
 8003e48:	68fb      	ldr	r3, [r7, #12]
 8003e4a:	689a      	ldr	r2, [r3, #8]
 8003e4c:	69b9      	ldr	r1, [r7, #24]
 8003e4e:	69fb      	ldr	r3, [r7, #28]
 8003e50:	1acb      	subs	r3, r1, r3
 8003e52:	18d3      	adds	r3, r2, r3
 8003e54:	3b01      	subs	r3, #1
 8003e56:	627b      	str	r3, [r7, #36]	; 0x24
    }
    NumBytesToWrite = MIN(NumBytesToWrite, (pRing->SizeOfBuffer - WrOff));      // Number of bytes that can be written until buffer wrap-around
 8003e58:	68fb      	ldr	r3, [r7, #12]
 8003e5a:	689a      	ldr	r2, [r3, #8]
 8003e5c:	69fb      	ldr	r3, [r7, #28]
 8003e5e:	1ad2      	subs	r2, r2, r3
 8003e60:	6a7b      	ldr	r3, [r7, #36]	; 0x24
 8003e62:	4293      	cmp	r3, r2
 8003e64:	d900      	bls.n	8003e68 <_WriteBlocking+0x50>
 8003e66:	0013      	movs	r3, r2
 8003e68:	627b      	str	r3, [r7, #36]	; 0x24
    NumBytesToWrite = MIN(NumBytesToWrite, NumBytes);
 8003e6a:	6a7a      	ldr	r2, [r7, #36]	; 0x24
 8003e6c:	687b      	ldr	r3, [r7, #4]
 8003e6e:	4293      	cmp	r3, r2
 8003e70:	d900      	bls.n	8003e74 <_WriteBlocking+0x5c>
 8003e72:	0013      	movs	r3, r2
 8003e74:	627b      	str	r3, [r7, #36]	; 0x24
    pDst = (pRing->pBuffer + WrOff) + SEGGER_RTT_UNCACHED_OFF;
 8003e76:	68fb      	ldr	r3, [r7, #12]
 8003e78:	685a      	ldr	r2, [r3, #4]
 8003e7a:	69fb      	ldr	r3, [r7, #28]
 8003e7c:	18d3      	adds	r3, r2, r3
 8003e7e:	617b      	str	r3, [r7, #20]
    WrOff           += NumBytesToWrite;
    while (NumBytesToWrite--) {
      *pDst++ = *pBuffer++;
    };
#else
    SEGGER_RTT_MEMCPY((void*)pDst, pBuffer, NumBytesToWrite);
 8003e80:	6a7a      	ldr	r2, [r7, #36]	; 0x24
 8003e82:	68b9      	ldr	r1, [r7, #8]
 8003e84:	697b      	ldr	r3, [r7, #20]
 8003e86:	0018      	movs	r0, r3
 8003e88:	f000 fbcd 	bl	8004626 <memcpy>
    NumBytesWritten += NumBytesToWrite;
 8003e8c:	6a3a      	ldr	r2, [r7, #32]
 8003e8e:	6a7b      	ldr	r3, [r7, #36]	; 0x24
 8003e90:	18d3      	adds	r3, r2, r3
 8003e92:	623b      	str	r3, [r7, #32]
    pBuffer         += NumBytesToWrite;
 8003e94:	68ba      	ldr	r2, [r7, #8]
 8003e96:	6a7b      	ldr	r3, [r7, #36]	; 0x24
 8003e98:	18d3      	adds	r3, r2, r3
 8003e9a:	60bb      	str	r3, [r7, #8]
    NumBytes        -= NumBytesToWrite;
 8003e9c:	687a      	ldr	r2, [r7, #4]
 8003e9e:	6a7b      	ldr	r3, [r7, #36]	; 0x24
 8003ea0:	1ad3      	subs	r3, r2, r3
 8003ea2:	607b      	str	r3, [r7, #4]
    WrOff           += NumBytesToWrite;
 8003ea4:	69fa      	ldr	r2, [r7, #28]
 8003ea6:	6a7b      	ldr	r3, [r7, #36]	; 0x24
 8003ea8:	18d3      	adds	r3, r2, r3
 8003eaa:	61fb      	str	r3, [r7, #28]
#endif
    if (WrOff == pRing->SizeOfBuffer) {
 8003eac:	68fb      	ldr	r3, [r7, #12]
 8003eae:	689b      	ldr	r3, [r3, #8]
 8003eb0:	69fa      	ldr	r2, [r7, #28]
 8003eb2:	429a      	cmp	r2, r3
 8003eb4:	d101      	bne.n	8003eba <_WriteBlocking+0xa2>
      WrOff = 0u;
 8003eb6:	2300      	movs	r3, #0
 8003eb8:	61fb      	str	r3, [r7, #28]
    }
    RTT__DMB();                     // Force data write to be complete before writing the <WrOff>, in case CPU is allowed to change the order of memory accesses
    pRing->WrOff = WrOff;
 8003eba:	68fb      	ldr	r3, [r7, #12]
 8003ebc:	69fa      	ldr	r2, [r7, #28]
 8003ebe:	60da      	str	r2, [r3, #12]
  } while (NumBytes);
 8003ec0:	687b      	ldr	r3, [r7, #4]
 8003ec2:	2b00      	cmp	r3, #0
 8003ec4:	d1b3      	bne.n	8003e2e <_WriteBlocking+0x16>
  return NumBytesWritten;
 8003ec6:	6a3b      	ldr	r3, [r7, #32]
}
 8003ec8:	0018      	movs	r0, r3
 8003eca:	46bd      	mov	sp, r7
 8003ecc:	b00a      	add	sp, #40	; 0x28
 8003ece:	bd80      	pop	{r7, pc}

08003ed0 <_WriteNoCheck>:
*    NumBytes     Number of bytes to be stored in the SEGGER RTT control block.
*
*  Notes
*    (1) If there might not be enough space in the "Up"-buffer, call _WriteBlocking
*/
static void _WriteNoCheck(SEGGER_RTT_BUFFER_UP* pRing, const char* pData, unsigned NumBytes) {
 8003ed0:	b580      	push	{r7, lr}
 8003ed2:	b088      	sub	sp, #32
 8003ed4:	af00      	add	r7, sp, #0
 8003ed6:	60f8      	str	r0, [r7, #12]
 8003ed8:	60b9      	str	r1, [r7, #8]
 8003eda:	607a      	str	r2, [r7, #4]
  unsigned NumBytesAtOnce;
  unsigned WrOff;
  unsigned Rem;
  volatile char* pDst;

  WrOff = pRing->WrOff;
 8003edc:	68fb      	ldr	r3, [r7, #12]
 8003ede:	68db      	ldr	r3, [r3, #12]
 8003ee0:	61fb      	str	r3, [r7, #28]
  Rem = pRing->SizeOfBuffer - WrOff;
 8003ee2:	68fb      	ldr	r3, [r7, #12]
 8003ee4:	689a      	ldr	r2, [r3, #8]
 8003ee6:	69fb      	ldr	r3, [r7, #28]
 8003ee8:	1ad3      	subs	r3, r2, r3
 8003eea:	61bb      	str	r3, [r7, #24]
  if (Rem > NumBytes) {
 8003eec:	69ba      	ldr	r2, [r7, #24]
 8003eee:	687b      	ldr	r3, [r7, #4]
 8003ef0:	429a      	cmp	r2, r3
 8003ef2:	d910      	bls.n	8003f16 <_WriteNoCheck+0x46>
    //
    // All data fits before wrap around
    //
    pDst = (pRing->pBuffer + WrOff) + SEGGER_RTT_UNCACHED_OFF;
 8003ef4:	68fb      	ldr	r3, [r7, #12]
 8003ef6:	685a      	ldr	r2, [r3, #4]
 8003ef8:	69fb      	ldr	r3, [r7, #28]
 8003efa:	18d3      	adds	r3, r2, r3
 8003efc:	613b      	str	r3, [r7, #16]
      *pDst++ = *pData++;
    };
    RTT__DMB();                     // Force data write to be complete before writing the <WrOff>, in case CPU is allowed to change the order of memory accesses
    pRing->WrOff = WrOff;
#else
    SEGGER_RTT_MEMCPY((void*)pDst, pData, NumBytes);
 8003efe:	687a      	ldr	r2, [r7, #4]
 8003f00:	68b9      	ldr	r1, [r7, #8]
 8003f02:	693b      	ldr	r3, [r7, #16]
 8003f04:	0018      	movs	r0, r3
 8003f06:	f000 fb8e 	bl	8004626 <memcpy>
    RTT__DMB();                     // Force data write to be complete before writing the <WrOff>, in case CPU is allowed to change the order of memory accesses
    pRing->WrOff = WrOff + NumBytes;
 8003f0a:	69fa      	ldr	r2, [r7, #28]
 8003f0c:	687b      	ldr	r3, [r7, #4]
 8003f0e:	18d2      	adds	r2, r2, r3
 8003f10:	68fb      	ldr	r3, [r7, #12]
 8003f12:	60da      	str	r2, [r3, #12]
    SEGGER_RTT_MEMCPY((void*)pDst, pData + Rem, NumBytesAtOnce);
    RTT__DMB();                     // Force data write to be complete before writing the <WrOff>, in case CPU is allowed to change the order of memory accesses
    pRing->WrOff = NumBytesAtOnce;
#endif
  }
}
 8003f14:	e01e      	b.n	8003f54 <_WriteNoCheck+0x84>
    NumBytesAtOnce = Rem;
 8003f16:	69bb      	ldr	r3, [r7, #24]
 8003f18:	617b      	str	r3, [r7, #20]
    pDst = (pRing->pBuffer + WrOff) + SEGGER_RTT_UNCACHED_OFF;
 8003f1a:	68fb      	ldr	r3, [r7, #12]
 8003f1c:	685a      	ldr	r2, [r3, #4]
 8003f1e:	69fb      	ldr	r3, [r7, #28]
 8003f20:	18d3      	adds	r3, r2, r3
 8003f22:	613b      	str	r3, [r7, #16]
    SEGGER_RTT_MEMCPY((void*)pDst, pData, NumBytesAtOnce);
 8003f24:	697a      	ldr	r2, [r7, #20]
 8003f26:	68b9      	ldr	r1, [r7, #8]
 8003f28:	693b      	ldr	r3, [r7, #16]
 8003f2a:	0018      	movs	r0, r3
 8003f2c:	f000 fb7b 	bl	8004626 <memcpy>
    NumBytesAtOnce = NumBytes - Rem;
 8003f30:	687a      	ldr	r2, [r7, #4]
 8003f32:	69bb      	ldr	r3, [r7, #24]
 8003f34:	1ad3      	subs	r3, r2, r3
 8003f36:	617b      	str	r3, [r7, #20]
    pDst = pRing->pBuffer + SEGGER_RTT_UNCACHED_OFF;
 8003f38:	68fb      	ldr	r3, [r7, #12]
 8003f3a:	685b      	ldr	r3, [r3, #4]
 8003f3c:	613b      	str	r3, [r7, #16]
    SEGGER_RTT_MEMCPY((void*)pDst, pData + Rem, NumBytesAtOnce);
 8003f3e:	68ba      	ldr	r2, [r7, #8]
 8003f40:	69bb      	ldr	r3, [r7, #24]
 8003f42:	18d1      	adds	r1, r2, r3
 8003f44:	697a      	ldr	r2, [r7, #20]
 8003f46:	693b      	ldr	r3, [r7, #16]
 8003f48:	0018      	movs	r0, r3
 8003f4a:	f000 fb6c 	bl	8004626 <memcpy>
    pRing->WrOff = NumBytesAtOnce;
 8003f4e:	68fb      	ldr	r3, [r7, #12]
 8003f50:	697a      	ldr	r2, [r7, #20]
 8003f52:	60da      	str	r2, [r3, #12]
}
 8003f54:	46c0      	nop			; (mov r8, r8)
 8003f56:	46bd      	mov	sp, r7
 8003f58:	b008      	add	sp, #32
 8003f5a:	bd80      	pop	{r7, pc}

08003f5c <_GetAvailWriteSpace>:
*    pRing        Ring buffer to check.
*
*  Return value
*    Number of bytes that are free in the buffer.
*/
static unsigned _GetAvailWriteSpace(SEGGER_RTT_BUFFER_UP* pRing) {
 8003f5c:	b580      	push	{r7, lr}
 8003f5e:	b086      	sub	sp, #24
 8003f60:	af00      	add	r7, sp, #0
 8003f62:	6078      	str	r0, [r7, #4]
  unsigned r;
  //
  // Avoid warnings regarding volatile access order.  It's not a problem
  // in this case, but dampen compiler enthusiasm.
  //
  RdOff = pRing->RdOff;
 8003f64:	687b      	ldr	r3, [r7, #4]
 8003f66:	691b      	ldr	r3, [r3, #16]
 8003f68:	613b      	str	r3, [r7, #16]
  WrOff = pRing->WrOff;
 8003f6a:	687b      	ldr	r3, [r7, #4]
 8003f6c:	68db      	ldr	r3, [r3, #12]
 8003f6e:	60fb      	str	r3, [r7, #12]
  if (RdOff <= WrOff) {
 8003f70:	693a      	ldr	r2, [r7, #16]
 8003f72:	68fb      	ldr	r3, [r7, #12]
 8003f74:	429a      	cmp	r2, r3
 8003f76:	d808      	bhi.n	8003f8a <_GetAvailWriteSpace+0x2e>
    r = pRing->SizeOfBuffer - 1u - WrOff + RdOff;
 8003f78:	687b      	ldr	r3, [r7, #4]
 8003f7a:	689a      	ldr	r2, [r3, #8]
 8003f7c:	68fb      	ldr	r3, [r7, #12]
 8003f7e:	1ad2      	subs	r2, r2, r3
 8003f80:	693b      	ldr	r3, [r7, #16]
 8003f82:	18d3      	adds	r3, r2, r3
 8003f84:	3b01      	subs	r3, #1
 8003f86:	617b      	str	r3, [r7, #20]
 8003f88:	e004      	b.n	8003f94 <_GetAvailWriteSpace+0x38>
  } else {
    r = RdOff - WrOff - 1u;
 8003f8a:	693a      	ldr	r2, [r7, #16]
 8003f8c:	68fb      	ldr	r3, [r7, #12]
 8003f8e:	1ad3      	subs	r3, r2, r3
 8003f90:	3b01      	subs	r3, #1
 8003f92:	617b      	str	r3, [r7, #20]
  }
  return r;
 8003f94:	697b      	ldr	r3, [r7, #20]
}
 8003f96:	0018      	movs	r0, r3
 8003f98:	46bd      	mov	sp, r7
 8003f9a:	b006      	add	sp, #24
 8003f9c:	bd80      	pop	{r7, pc}
	...

08003fa0 <SEGGER_RTT_WriteNoLock>:
*    (1) Data is stored according to buffer flags.
*    (2) For performance reasons this function does not call Init()
*        and may only be called after RTT has been initialized.
*        Either by calling SEGGER_RTT_Init() or calling another RTT API function first.
*/
unsigned SEGGER_RTT_WriteNoLock(unsigned BufferIndex, const void* pBuffer, unsigned NumBytes) {
 8003fa0:	b580      	push	{r7, lr}
 8003fa2:	b088      	sub	sp, #32
 8003fa4:	af00      	add	r7, sp, #0
 8003fa6:	60f8      	str	r0, [r7, #12]
 8003fa8:	60b9      	str	r1, [r7, #8]
 8003faa:	607a      	str	r2, [r7, #4]
  const char*           pData;
  SEGGER_RTT_BUFFER_UP* pRing;
  //
  // Get "to-host" ring buffer.
  //
  pData = (const char *)pBuffer;
 8003fac:	68bb      	ldr	r3, [r7, #8]
 8003fae:	61bb      	str	r3, [r7, #24]
  pRing = (SEGGER_RTT_BUFFER_UP*)((uintptr_t)&_SEGGER_RTT.aUp[BufferIndex] + SEGGER_RTT_UNCACHED_OFF);  // Access uncached to make sure we see changes made by the J-Link side and all of our changes go into HW directly
 8003fb0:	68fb      	ldr	r3, [r7, #12]
 8003fb2:	1c5a      	adds	r2, r3, #1
 8003fb4:	0013      	movs	r3, r2
 8003fb6:	005b      	lsls	r3, r3, #1
 8003fb8:	189b      	adds	r3, r3, r2
 8003fba:	00db      	lsls	r3, r3, #3
 8003fbc:	4a23      	ldr	r2, [pc, #140]	; (800404c <SEGGER_RTT_WriteNoLock+0xac>)
 8003fbe:	189b      	adds	r3, r3, r2
 8003fc0:	617b      	str	r3, [r7, #20]
  //
  // How we output depends upon the mode...
  //
  switch (pRing->Flags) {
 8003fc2:	697b      	ldr	r3, [r7, #20]
 8003fc4:	695b      	ldr	r3, [r3, #20]
 8003fc6:	2b02      	cmp	r3, #2
 8003fc8:	d02e      	beq.n	8004028 <SEGGER_RTT_WriteNoLock+0x88>
 8003fca:	d836      	bhi.n	800403a <SEGGER_RTT_WriteNoLock+0x9a>
 8003fcc:	2b00      	cmp	r3, #0
 8003fce:	d002      	beq.n	8003fd6 <SEGGER_RTT_WriteNoLock+0x36>
 8003fd0:	2b01      	cmp	r3, #1
 8003fd2:	d016      	beq.n	8004002 <SEGGER_RTT_WriteNoLock+0x62>
 8003fd4:	e031      	b.n	800403a <SEGGER_RTT_WriteNoLock+0x9a>
  case SEGGER_RTT_MODE_NO_BLOCK_SKIP:
    //
    // If we are in skip mode and there is no space for the whole
    // of this output, don't bother.
    //
    Avail = _GetAvailWriteSpace(pRing);
 8003fd6:	697b      	ldr	r3, [r7, #20]
 8003fd8:	0018      	movs	r0, r3
 8003fda:	f7ff ffbf 	bl	8003f5c <_GetAvailWriteSpace>
 8003fde:	0003      	movs	r3, r0
 8003fe0:	613b      	str	r3, [r7, #16]
    if (Avail < NumBytes) {
 8003fe2:	693a      	ldr	r2, [r7, #16]
 8003fe4:	687b      	ldr	r3, [r7, #4]
 8003fe6:	429a      	cmp	r2, r3
 8003fe8:	d202      	bcs.n	8003ff0 <SEGGER_RTT_WriteNoLock+0x50>
      Status = 0u;
 8003fea:	2300      	movs	r3, #0
 8003fec:	61fb      	str	r3, [r7, #28]
    } else {
      Status = NumBytes;
      _WriteNoCheck(pRing, pData, NumBytes);
    }
    break;
 8003fee:	e027      	b.n	8004040 <SEGGER_RTT_WriteNoLock+0xa0>
      Status = NumBytes;
 8003ff0:	687b      	ldr	r3, [r7, #4]
 8003ff2:	61fb      	str	r3, [r7, #28]
      _WriteNoCheck(pRing, pData, NumBytes);
 8003ff4:	687a      	ldr	r2, [r7, #4]
 8003ff6:	69b9      	ldr	r1, [r7, #24]
 8003ff8:	697b      	ldr	r3, [r7, #20]
 8003ffa:	0018      	movs	r0, r3
 8003ffc:	f7ff ff68 	bl	8003ed0 <_WriteNoCheck>
    break;
 8004000:	e01e      	b.n	8004040 <SEGGER_RTT_WriteNoLock+0xa0>
  case SEGGER_RTT_MODE_NO_BLOCK_TRIM:
    //
    // If we are in trim mode, trim to what we can output without blocking.
    //
    Avail = _GetAvailWriteSpace(pRing);
 8004002:	697b      	ldr	r3, [r7, #20]
 8004004:	0018      	movs	r0, r3
 8004006:	f7ff ffa9 	bl	8003f5c <_GetAvailWriteSpace>
 800400a:	0003      	movs	r3, r0
 800400c:	613b      	str	r3, [r7, #16]
    Status = Avail < NumBytes ? Avail : NumBytes;
 800400e:	693a      	ldr	r2, [r7, #16]
 8004010:	687b      	ldr	r3, [r7, #4]
 8004012:	4293      	cmp	r3, r2
 8004014:	d900      	bls.n	8004018 <SEGGER_RTT_WriteNoLock+0x78>
 8004016:	0013      	movs	r3, r2
 8004018:	61fb      	str	r3, [r7, #28]
    _WriteNoCheck(pRing, pData, Status);
 800401a:	69fa      	ldr	r2, [r7, #28]
 800401c:	69b9      	ldr	r1, [r7, #24]
 800401e:	697b      	ldr	r3, [r7, #20]
 8004020:	0018      	movs	r0, r3
 8004022:	f7ff ff55 	bl	8003ed0 <_WriteNoCheck>
    break;
 8004026:	e00b      	b.n	8004040 <SEGGER_RTT_WriteNoLock+0xa0>
  case SEGGER_RTT_MODE_BLOCK_IF_FIFO_FULL:
    //
    // If we are in blocking mode, output everything.
    //
    Status = _WriteBlocking(pRing, pData, NumBytes);
 8004028:	687a      	ldr	r2, [r7, #4]
 800402a:	69b9      	ldr	r1, [r7, #24]
 800402c:	697b      	ldr	r3, [r7, #20]
 800402e:	0018      	movs	r0, r3
 8004030:	f7ff fef2 	bl	8003e18 <_WriteBlocking>
 8004034:	0003      	movs	r3, r0
 8004036:	61fb      	str	r3, [r7, #28]
    break;
 8004038:	e002      	b.n	8004040 <SEGGER_RTT_WriteNoLock+0xa0>
  default:
    Status = 0u;
 800403a:	2300      	movs	r3, #0
 800403c:	61fb      	str	r3, [r7, #28]
    break;
 800403e:	46c0      	nop			; (mov r8, r8)
  }
  //
  // Finish up.
  //
  return Status;
 8004040:	69fb      	ldr	r3, [r7, #28]
}
 8004042:	0018      	movs	r0, r3
 8004044:	46bd      	mov	sp, r7
 8004046:	b008      	add	sp, #32
 8004048:	bd80      	pop	{r7, pc}
 800404a:	46c0      	nop			; (mov r8, r8)
 800404c:	20000230 	.word	0x20000230

08004050 <SEGGER_RTT_Write>:
*    Number of bytes which have been stored in the "Up"-buffer.
*
*  Notes
*    (1) Data is stored according to buffer flags.
*/
unsigned SEGGER_RTT_Write(unsigned BufferIndex, const void* pBuffer, unsigned NumBytes) {
 8004050:	b580      	push	{r7, lr}
 8004052:	b088      	sub	sp, #32
 8004054:	af00      	add	r7, sp, #0
 8004056:	60f8      	str	r0, [r7, #12]
 8004058:	60b9      	str	r1, [r7, #8]
 800405a:	607a      	str	r2, [r7, #4]
  unsigned Status;

  INIT();
 800405c:	4b0f      	ldr	r3, [pc, #60]	; (800409c <SEGGER_RTT_Write+0x4c>)
 800405e:	61fb      	str	r3, [r7, #28]
 8004060:	69fb      	ldr	r3, [r7, #28]
 8004062:	781b      	ldrb	r3, [r3, #0]
 8004064:	b2db      	uxtb	r3, r3
 8004066:	2b53      	cmp	r3, #83	; 0x53
 8004068:	d001      	beq.n	800406e <SEGGER_RTT_Write+0x1e>
 800406a:	f7ff fe7d 	bl	8003d68 <_DoInit>
  SEGGER_RTT_LOCK();
 800406e:	f3ef 8310 	mrs	r3, PRIMASK
 8004072:	2101      	movs	r1, #1
 8004074:	f381 8810 	msr	PRIMASK, r1
 8004078:	61bb      	str	r3, [r7, #24]
  Status = SEGGER_RTT_WriteNoLock(BufferIndex, pBuffer, NumBytes);  // Call the non-locking write function
 800407a:	687a      	ldr	r2, [r7, #4]
 800407c:	68b9      	ldr	r1, [r7, #8]
 800407e:	68fb      	ldr	r3, [r7, #12]
 8004080:	0018      	movs	r0, r3
 8004082:	f7ff ff8d 	bl	8003fa0 <SEGGER_RTT_WriteNoLock>
 8004086:	0003      	movs	r3, r0
 8004088:	617b      	str	r3, [r7, #20]
  SEGGER_RTT_UNLOCK();
 800408a:	69bb      	ldr	r3, [r7, #24]
 800408c:	f383 8810 	msr	PRIMASK, r3
  return Status;
 8004090:	697b      	ldr	r3, [r7, #20]
}
 8004092:	0018      	movs	r0, r3
 8004094:	46bd      	mov	sp, r7
 8004096:	b008      	add	sp, #32
 8004098:	bd80      	pop	{r7, pc}
 800409a:	46c0      	nop			; (mov r8, r8)
 800409c:	20000230 	.word	0x20000230

080040a0 <_write_r>:
*   Low-level reentrant write function.
*   libc subroutines will use this system routine for output to all files,
*   including stdout.
*   Write data via RTT.
*/
_ssize_t _write_r(struct _reent *r, int file, const void *ptr, size_t len) {
 80040a0:	b580      	push	{r7, lr}
 80040a2:	b084      	sub	sp, #16
 80040a4:	af00      	add	r7, sp, #0
 80040a6:	60f8      	str	r0, [r7, #12]
 80040a8:	60b9      	str	r1, [r7, #8]
 80040aa:	607a      	str	r2, [r7, #4]
 80040ac:	603b      	str	r3, [r7, #0]
  (void) file;  /* Not used, avoid warning */
  (void) r;     /* Not used, avoid warning */
  SEGGER_RTT_Write(0, ptr, len);
 80040ae:	683a      	ldr	r2, [r7, #0]
 80040b0:	687b      	ldr	r3, [r7, #4]
 80040b2:	0019      	movs	r1, r3
 80040b4:	2000      	movs	r0, #0
 80040b6:	f7ff ffcb 	bl	8004050 <SEGGER_RTT_Write>
  return len;
 80040ba:	683b      	ldr	r3, [r7, #0]
}
 80040bc:	0018      	movs	r0, r3
 80040be:	46bd      	mov	sp, r7
 80040c0:	b004      	add	sp, #16
 80040c2:	bd80      	pop	{r7, pc}

080040c4 <_ZN5wibot11InitializerC1Ev>:

namespace wibot {

using namespace std;

Initializer::Initializer()
 80040c4:	b580      	push	{r7, lr}
 80040c6:	b082      	sub	sp, #8
 80040c8:	af00      	add	r7, sp, #0
 80040ca:	6078      	str	r0, [r7, #4]
    : _initialStage(InitialStage::kUninitialed){
 80040cc:	687b      	ldr	r3, [r7, #4]
 80040ce:	2200      	movs	r2, #0
 80040d0:	605a      	str	r2, [r3, #4]

      };
 80040d2:	687b      	ldr	r3, [r7, #4]
 80040d4:	0018      	movs	r0, r3
 80040d6:	46bd      	mov	sp, r7
 80040d8:	b002      	add	sp, #8
 80040da:	bd80      	pop	{r7, pc}

080040dc <_ZN5wibot11Initializer11getInstanceEv>:

Initializer& Initializer::getInstance() {
 80040dc:	b580      	push	{r7, lr}
 80040de:	af00      	add	r7, sp, #0
    static Initializer instance;
 80040e0:	4b0a      	ldr	r3, [pc, #40]	; (800410c <_ZN5wibot11Initializer11getInstanceEv+0x30>)
 80040e2:	0018      	movs	r0, r3
 80040e4:	f000 f900 	bl	80042e8 <__cxa_guard_acquire>
 80040e8:	0003      	movs	r3, r0
 80040ea:	1e5a      	subs	r2, r3, #1
 80040ec:	4193      	sbcs	r3, r2
 80040ee:	b2db      	uxtb	r3, r3
 80040f0:	2b00      	cmp	r3, #0
 80040f2:	d007      	beq.n	8004104 <_ZN5wibot11Initializer11getInstanceEv+0x28>
 80040f4:	4b06      	ldr	r3, [pc, #24]	; (8004110 <_ZN5wibot11Initializer11getInstanceEv+0x34>)
 80040f6:	0018      	movs	r0, r3
 80040f8:	f7ff ffe4 	bl	80040c4 <_ZN5wibot11InitializerC1Ev>
 80040fc:	4b03      	ldr	r3, [pc, #12]	; (800410c <_ZN5wibot11Initializer11getInstanceEv+0x30>)
 80040fe:	0018      	movs	r0, r3
 8004100:	f000 f8ff 	bl	8004302 <__cxa_guard_release>
    return instance;
 8004104:	4b02      	ldr	r3, [pc, #8]	; (8004110 <_ZN5wibot11Initializer11getInstanceEv+0x34>)
}
 8004106:	0018      	movs	r0, r3
 8004108:	46bd      	mov	sp, r7
 800410a:	bd80      	pop	{r7, pc}
 800410c:	200006f0 	.word	0x200006f0
 8004110:	200006e8 	.word	0x200006e8

08004114 <_ZN5wibot11Initializer21registerInitialObjectEPNS_13InitializableE>:

void Initializer::registerInitialObject(Initializable* initObj) {
 8004114:	b580      	push	{r7, lr}
 8004116:	b082      	sub	sp, #8
 8004118:	af00      	add	r7, sp, #0
 800411a:	6078      	str	r0, [r7, #4]
 800411c:	6039      	str	r1, [r7, #0]
    if (_initialStage == InitialStage::kInitialied) {
 800411e:	687b      	ldr	r3, [r7, #4]
 8004120:	685b      	ldr	r3, [r3, #4]
 8004122:	2b02      	cmp	r3, #2
 8004124:	d106      	bne.n	8004134 <_ZN5wibot11Initializer21registerInitialObjectEPNS_13InitializableE+0x20>
        initObj->_init();
 8004126:	683b      	ldr	r3, [r7, #0]
 8004128:	681b      	ldr	r3, [r3, #0]
 800412a:	681b      	ldr	r3, [r3, #0]
 800412c:	683a      	ldr	r2, [r7, #0]
 800412e:	0010      	movs	r0, r2
 8004130:	4798      	blx	r3
            _head          = initObj;
        } else {
            _head->append(initObj);
        }
    }
}
 8004132:	e01e      	b.n	8004172 <_ZN5wibot11Initializer21registerInitialObjectEPNS_13InitializableE+0x5e>
    } else if (_initialStage == InitialStage::kInitialing) {
 8004134:	687b      	ldr	r3, [r7, #4]
 8004136:	685b      	ldr	r3, [r3, #4]
 8004138:	2b01      	cmp	r3, #1
 800413a:	d101      	bne.n	8004140 <_ZN5wibot11Initializer21registerInitialObjectEPNS_13InitializableE+0x2c>
        ASSERT(false, "Can not register initial object in initialing.");
 800413c:	46c0      	nop			; (mov r8, r8)
 800413e:	e7fd      	b.n	800413c <_ZN5wibot11Initializer21registerInitialObjectEPNS_13InitializableE+0x28>
        if (_head == nullptr) {
 8004140:	687b      	ldr	r3, [r7, #4]
 8004142:	681b      	ldr	r3, [r3, #0]
 8004144:	2b00      	cmp	r3, #0
 8004146:	d106      	bne.n	8004156 <_ZN5wibot11Initializer21registerInitialObjectEPNS_13InitializableE+0x42>
            initObj->_next = nullptr;
 8004148:	683b      	ldr	r3, [r7, #0]
 800414a:	2200      	movs	r2, #0
 800414c:	605a      	str	r2, [r3, #4]
            _head          = initObj;
 800414e:	687b      	ldr	r3, [r7, #4]
 8004150:	683a      	ldr	r2, [r7, #0]
 8004152:	601a      	str	r2, [r3, #0]
}
 8004154:	e00d      	b.n	8004172 <_ZN5wibot11Initializer21registerInitialObjectEPNS_13InitializableE+0x5e>
            _head->append(initObj);
 8004156:	687b      	ldr	r3, [r7, #4]
 8004158:	681b      	ldr	r3, [r3, #0]
 800415a:	1d1a      	adds	r2, r3, #4
 800415c:	683b      	ldr	r3, [r7, #0]
 800415e:	2b00      	cmp	r3, #0
 8004160:	d002      	beq.n	8004168 <_ZN5wibot11Initializer21registerInitialObjectEPNS_13InitializableE+0x54>
 8004162:	683b      	ldr	r3, [r7, #0]
 8004164:	3304      	adds	r3, #4
 8004166:	e000      	b.n	800416a <_ZN5wibot11Initializer21registerInitialObjectEPNS_13InitializableE+0x56>
 8004168:	2300      	movs	r3, #0
 800416a:	0019      	movs	r1, r3
 800416c:	0010      	movs	r0, r2
 800416e:	f000 f810 	bl	8004192 <_ZN5wibot8LinkList6appendEPS0_>
}
 8004172:	46c0      	nop			; (mov r8, r8)
 8004174:	46bd      	mov	sp, r7
 8004176:	b002      	add	sp, #8
 8004178:	bd80      	pop	{r7, pc}

0800417a <_ZN5wibot8LinkListC1Ev>:
    uint32_t tmp;
    tmp = (((uint32_t)Value & 0xF0U) >> 4U) * 10U;
    return (uint8_t)(tmp + ((uint32_t)Value & 0x0FU));
};

LinkList::LinkList() {
 800417a:	b580      	push	{r7, lr}
 800417c:	b082      	sub	sp, #8
 800417e:	af00      	add	r7, sp, #0
 8004180:	6078      	str	r0, [r7, #4]
    _next = nullptr;
 8004182:	687b      	ldr	r3, [r7, #4]
 8004184:	2200      	movs	r2, #0
 8004186:	601a      	str	r2, [r3, #0]
};
 8004188:	687b      	ldr	r3, [r7, #4]
 800418a:	0018      	movs	r0, r3
 800418c:	46bd      	mov	sp, r7
 800418e:	b002      	add	sp, #8
 8004190:	bd80      	pop	{r7, pc}

08004192 <_ZN5wibot8LinkList6appendEPS0_>:

LinkList* LinkList::append(LinkList* node) {
 8004192:	b580      	push	{r7, lr}
 8004194:	b084      	sub	sp, #16
 8004196:	af00      	add	r7, sp, #0
 8004198:	6078      	str	r0, [r7, #4]
 800419a:	6039      	str	r1, [r7, #0]
    LinkList* p = this;
 800419c:	687b      	ldr	r3, [r7, #4]
 800419e:	60fb      	str	r3, [r7, #12]
    while ((p->_next != nullptr) && (p != node)) {
 80041a0:	e002      	b.n	80041a8 <_ZN5wibot8LinkList6appendEPS0_+0x16>
        p = p->_next;
 80041a2:	68fb      	ldr	r3, [r7, #12]
 80041a4:	681b      	ldr	r3, [r3, #0]
 80041a6:	60fb      	str	r3, [r7, #12]
    while ((p->_next != nullptr) && (p != node)) {
 80041a8:	68fb      	ldr	r3, [r7, #12]
 80041aa:	681b      	ldr	r3, [r3, #0]
 80041ac:	2b00      	cmp	r3, #0
 80041ae:	d003      	beq.n	80041b8 <_ZN5wibot8LinkList6appendEPS0_+0x26>
 80041b0:	68fa      	ldr	r2, [r7, #12]
 80041b2:	683b      	ldr	r3, [r7, #0]
 80041b4:	429a      	cmp	r2, r3
 80041b6:	d1f4      	bne.n	80041a2 <_ZN5wibot8LinkList6appendEPS0_+0x10>
    }
    if (p == node) {
 80041b8:	68fa      	ldr	r2, [r7, #12]
 80041ba:	683b      	ldr	r3, [r7, #0]
 80041bc:	429a      	cmp	r2, r3
 80041be:	d101      	bne.n	80041c4 <_ZN5wibot8LinkList6appendEPS0_+0x32>
        return nullptr;
 80041c0:	2300      	movs	r3, #0
 80041c2:	e006      	b.n	80041d2 <_ZN5wibot8LinkList6appendEPS0_+0x40>
    }
    p->_next    = node;
 80041c4:	68fb      	ldr	r3, [r7, #12]
 80041c6:	683a      	ldr	r2, [r7, #0]
 80041c8:	601a      	str	r2, [r3, #0]
    node->_next = nullptr;
 80041ca:	683b      	ldr	r3, [r7, #0]
 80041cc:	2200      	movs	r2, #0
 80041ce:	601a      	str	r2, [r3, #0]
    return node;
 80041d0:	683b      	ldr	r3, [r7, #0]
};
 80041d2:	0018      	movs	r0, r3
 80041d4:	46bd      	mov	sp, r7
 80041d6:	b004      	add	sp, #16
 80041d8:	bd80      	pop	{r7, pc}
	...

080041dc <_ZN5wibot12AppFrameworkC1EPKcS2_>:
    app_->onRun();
}

namespace wibot {

AppFramework::AppFramework(const char* name, const char* version) : _name(name), _version(version) {
 80041dc:	b580      	push	{r7, lr}
 80041de:	b084      	sub	sp, #16
 80041e0:	af00      	add	r7, sp, #0
 80041e2:	60f8      	str	r0, [r7, #12]
 80041e4:	60b9      	str	r1, [r7, #8]
 80041e6:	607a      	str	r2, [r7, #4]
 80041e8:	68fb      	ldr	r3, [r7, #12]
 80041ea:	0018      	movs	r0, r3
 80041ec:	f7ff fda6 	bl	8003d3c <_ZN5wibot13InitializableC1Ev>
 80041f0:	4a0a      	ldr	r2, [pc, #40]	; (800421c <_ZN5wibot12AppFrameworkC1EPKcS2_+0x40>)
 80041f2:	68fb      	ldr	r3, [r7, #12]
 80041f4:	601a      	str	r2, [r3, #0]
 80041f6:	68fb      	ldr	r3, [r7, #12]
 80041f8:	68ba      	ldr	r2, [r7, #8]
 80041fa:	60da      	str	r2, [r3, #12]
 80041fc:	68fb      	ldr	r3, [r7, #12]
 80041fe:	687a      	ldr	r2, [r7, #4]
 8004200:	611a      	str	r2, [r3, #16]
    Initializer::getInstance().registerInitialObject(this);
 8004202:	f7ff ff6b 	bl	80040dc <_ZN5wibot11Initializer11getInstanceEv>
 8004206:	0002      	movs	r2, r0
 8004208:	68fb      	ldr	r3, [r7, #12]
 800420a:	0019      	movs	r1, r3
 800420c:	0010      	movs	r0, r2
 800420e:	f7ff ff81 	bl	8004114 <_ZN5wibot11Initializer21registerInitialObjectEPNS_13InitializableE>
}
 8004212:	68fb      	ldr	r3, [r7, #12]
 8004214:	0018      	movs	r0, r3
 8004216:	46bd      	mov	sp, r7
 8004218:	b004      	add	sp, #16
 800421a:	bd80      	pop	{r7, pc}
 800421c:	08005350 	.word	0x08005350

08004220 <_ZN5wibot12AppFramework5_initEv>:

void AppFramework::_init() {
 8004220:	b580      	push	{r7, lr}
 8004222:	b082      	sub	sp, #8
 8004224:	af00      	add	r7, sp, #0
 8004226:	6078      	str	r0, [r7, #4]
    ASSERT(app_ == nullptr, "No more than one App.");
 8004228:	4b0a      	ldr	r3, [pc, #40]	; (8004254 <_ZN5wibot12AppFramework5_initEv+0x34>)
 800422a:	681b      	ldr	r3, [r3, #0]
 800422c:	2b00      	cmp	r3, #0
 800422e:	d001      	beq.n	8004234 <_ZN5wibot12AppFramework5_initEv+0x14>
 8004230:	46c0      	nop			; (mov r8, r8)
 8004232:	e7fd      	b.n	8004230 <_ZN5wibot12AppFramework5_initEv+0x10>
    app_ = this;
 8004234:	4b07      	ldr	r3, [pc, #28]	; (8004254 <_ZN5wibot12AppFramework5_initEv+0x34>)
 8004236:	687a      	ldr	r2, [r7, #4]
 8004238:	601a      	str	r2, [r3, #0]
    LOG_I("App name: %s, version: %s", _name, _version);
 800423a:	4b07      	ldr	r3, [pc, #28]	; (8004258 <_ZN5wibot12AppFramework5_initEv+0x38>)
 800423c:	6819      	ldr	r1, [r3, #0]
 800423e:	687b      	ldr	r3, [r7, #4]
 8004240:	68da      	ldr	r2, [r3, #12]
 8004242:	687b      	ldr	r3, [r7, #4]
 8004244:	691b      	ldr	r3, [r3, #16]
 8004246:	4805      	ldr	r0, [pc, #20]	; (800425c <_ZN5wibot12AppFramework5_initEv+0x3c>)
 8004248:	f000 f922 	bl	8004490 <iprintf>
}
 800424c:	46c0      	nop			; (mov r8, r8)
 800424e:	46bd      	mov	sp, r7
 8004250:	b002      	add	sp, #8
 8004252:	bd80      	pop	{r7, pc}
 8004254:	200006f4 	.word	0x200006f4
 8004258:	2000000c 	.word	0x2000000c
 800425c:	080051f8 	.word	0x080051f8

08004260 <_ZN3AppC1Ev>:

using namespace wibot;

class App : public AppFramework {
   public:
    App() : AppFramework(APP_NAME, APP_VERSION) {
 8004260:	b580      	push	{r7, lr}
 8004262:	b082      	sub	sp, #8
 8004264:	af00      	add	r7, sp, #0
 8004266:	6078      	str	r0, [r7, #4]
 8004268:	687b      	ldr	r3, [r7, #4]
 800426a:	4a06      	ldr	r2, [pc, #24]	; (8004284 <_ZN3AppC1Ev+0x24>)
 800426c:	4906      	ldr	r1, [pc, #24]	; (8004288 <_ZN3AppC1Ev+0x28>)
 800426e:	0018      	movs	r0, r3
 8004270:	f7ff ffb4 	bl	80041dc <_ZN5wibot12AppFrameworkC1EPKcS2_>
 8004274:	4a05      	ldr	r2, [pc, #20]	; (800428c <_ZN3AppC1Ev+0x2c>)
 8004276:	687b      	ldr	r3, [r7, #4]
 8004278:	601a      	str	r2, [r3, #0]
    }
 800427a:	687b      	ldr	r3, [r7, #4]
 800427c:	0018      	movs	r0, r3
 800427e:	46bd      	mov	sp, r7
 8004280:	b002      	add	sp, #8
 8004282:	bd80      	pop	{r7, pc}
 8004284:	0800521c 	.word	0x0800521c
 8004288:	08005220 	.word	0x08005220
 800428c:	08005360 	.word	0x08005360

08004290 <_ZN3App5onRunEv>:
    void onRun() override {
 8004290:	b580      	push	{r7, lr}
 8004292:	b082      	sub	sp, #8
 8004294:	af00      	add	r7, sp, #0
 8004296:	6078      	str	r0, [r7, #4]
    }
 8004298:	46c0      	nop			; (mov r8, r8)
 800429a:	46bd      	mov	sp, r7
 800429c:	b002      	add	sp, #8
 800429e:	bd80      	pop	{r7, pc}

080042a0 <_Z41__static_initialization_and_destruction_0ii>:

   private:
    uint32_t error_tick;
};

App app;
 80042a0:	b580      	push	{r7, lr}
 80042a2:	b082      	sub	sp, #8
 80042a4:	af00      	add	r7, sp, #0
 80042a6:	6078      	str	r0, [r7, #4]
 80042a8:	6039      	str	r1, [r7, #0]
 80042aa:	687b      	ldr	r3, [r7, #4]
 80042ac:	2b01      	cmp	r3, #1
 80042ae:	d107      	bne.n	80042c0 <_Z41__static_initialization_and_destruction_0ii+0x20>
 80042b0:	683b      	ldr	r3, [r7, #0]
 80042b2:	4a05      	ldr	r2, [pc, #20]	; (80042c8 <_Z41__static_initialization_and_destruction_0ii+0x28>)
 80042b4:	4293      	cmp	r3, r2
 80042b6:	d103      	bne.n	80042c0 <_Z41__static_initialization_and_destruction_0ii+0x20>
 80042b8:	4b04      	ldr	r3, [pc, #16]	; (80042cc <_Z41__static_initialization_and_destruction_0ii+0x2c>)
 80042ba:	0018      	movs	r0, r3
 80042bc:	f7ff ffd0 	bl	8004260 <_ZN3AppC1Ev>
 80042c0:	46c0      	nop			; (mov r8, r8)
 80042c2:	46bd      	mov	sp, r7
 80042c4:	b002      	add	sp, #8
 80042c6:	bd80      	pop	{r7, pc}
 80042c8:	0000ffff 	.word	0x0000ffff
 80042cc:	200006f8 	.word	0x200006f8

080042d0 <_GLOBAL__sub_I_app>:
 80042d0:	b580      	push	{r7, lr}
 80042d2:	af00      	add	r7, sp, #0
 80042d4:	4b03      	ldr	r3, [pc, #12]	; (80042e4 <_GLOBAL__sub_I_app+0x14>)
 80042d6:	0019      	movs	r1, r3
 80042d8:	2001      	movs	r0, #1
 80042da:	f7ff ffe1 	bl	80042a0 <_Z41__static_initialization_and_destruction_0ii>
 80042de:	46bd      	mov	sp, r7
 80042e0:	bd80      	pop	{r7, pc}
 80042e2:	46c0      	nop			; (mov r8, r8)
 80042e4:	0000ffff 	.word	0x0000ffff

080042e8 <__cxa_guard_acquire>:
 80042e8:	2301      	movs	r3, #1
 80042ea:	6802      	ldr	r2, [r0, #0]
 80042ec:	421a      	tst	r2, r3
 80042ee:	d106      	bne.n	80042fe <__cxa_guard_acquire+0x16>
 80042f0:	7842      	ldrb	r2, [r0, #1]
 80042f2:	2a00      	cmp	r2, #0
 80042f4:	d000      	beq.n	80042f8 <__cxa_guard_acquire+0x10>
 80042f6:	deff      	udf	#255	; 0xff
 80042f8:	7043      	strb	r3, [r0, #1]
 80042fa:	0018      	movs	r0, r3
 80042fc:	4770      	bx	lr
 80042fe:	2000      	movs	r0, #0
 8004300:	e7fc      	b.n	80042fc <__cxa_guard_acquire+0x14>

08004302 <__cxa_guard_release>:
 8004302:	2301      	movs	r3, #1
 8004304:	6003      	str	r3, [r0, #0]
 8004306:	4770      	bx	lr

08004308 <std>:
 8004308:	2300      	movs	r3, #0
 800430a:	b510      	push	{r4, lr}
 800430c:	0004      	movs	r4, r0
 800430e:	6003      	str	r3, [r0, #0]
 8004310:	6043      	str	r3, [r0, #4]
 8004312:	6083      	str	r3, [r0, #8]
 8004314:	8181      	strh	r1, [r0, #12]
 8004316:	6643      	str	r3, [r0, #100]	; 0x64
 8004318:	81c2      	strh	r2, [r0, #14]
 800431a:	6103      	str	r3, [r0, #16]
 800431c:	6143      	str	r3, [r0, #20]
 800431e:	6183      	str	r3, [r0, #24]
 8004320:	0019      	movs	r1, r3
 8004322:	2208      	movs	r2, #8
 8004324:	305c      	adds	r0, #92	; 0x5c
 8004326:	f000 f90f 	bl	8004548 <memset>
 800432a:	4b0b      	ldr	r3, [pc, #44]	; (8004358 <std+0x50>)
 800432c:	6224      	str	r4, [r4, #32]
 800432e:	6263      	str	r3, [r4, #36]	; 0x24
 8004330:	4b0a      	ldr	r3, [pc, #40]	; (800435c <std+0x54>)
 8004332:	62a3      	str	r3, [r4, #40]	; 0x28
 8004334:	4b0a      	ldr	r3, [pc, #40]	; (8004360 <std+0x58>)
 8004336:	62e3      	str	r3, [r4, #44]	; 0x2c
 8004338:	4b0a      	ldr	r3, [pc, #40]	; (8004364 <std+0x5c>)
 800433a:	6323      	str	r3, [r4, #48]	; 0x30
 800433c:	4b0a      	ldr	r3, [pc, #40]	; (8004368 <std+0x60>)
 800433e:	429c      	cmp	r4, r3
 8004340:	d005      	beq.n	800434e <std+0x46>
 8004342:	4b0a      	ldr	r3, [pc, #40]	; (800436c <std+0x64>)
 8004344:	429c      	cmp	r4, r3
 8004346:	d002      	beq.n	800434e <std+0x46>
 8004348:	4b09      	ldr	r3, [pc, #36]	; (8004370 <std+0x68>)
 800434a:	429c      	cmp	r4, r3
 800434c:	d103      	bne.n	8004356 <std+0x4e>
 800434e:	0020      	movs	r0, r4
 8004350:	3058      	adds	r0, #88	; 0x58
 8004352:	f000 f965 	bl	8004620 <__retarget_lock_init_recursive>
 8004356:	bd10      	pop	{r4, pc}
 8004358:	080044b1 	.word	0x080044b1
 800435c:	080044d9 	.word	0x080044d9
 8004360:	08004511 	.word	0x08004511
 8004364:	0800453d 	.word	0x0800453d
 8004368:	20000710 	.word	0x20000710
 800436c:	20000778 	.word	0x20000778
 8004370:	200007e0 	.word	0x200007e0

08004374 <stdio_exit_handler>:
 8004374:	b510      	push	{r4, lr}
 8004376:	4a03      	ldr	r2, [pc, #12]	; (8004384 <stdio_exit_handler+0x10>)
 8004378:	4903      	ldr	r1, [pc, #12]	; (8004388 <stdio_exit_handler+0x14>)
 800437a:	4804      	ldr	r0, [pc, #16]	; (800438c <stdio_exit_handler+0x18>)
 800437c:	f000 f86c 	bl	8004458 <_fwalk_sglue>
 8004380:	bd10      	pop	{r4, pc}
 8004382:	46c0      	nop			; (mov r8, r8)
 8004384:	20000010 	.word	0x20000010
 8004388:	08004edd 	.word	0x08004edd
 800438c:	20000020 	.word	0x20000020

08004390 <cleanup_stdio>:
 8004390:	6841      	ldr	r1, [r0, #4]
 8004392:	4b0b      	ldr	r3, [pc, #44]	; (80043c0 <cleanup_stdio+0x30>)
 8004394:	b510      	push	{r4, lr}
 8004396:	0004      	movs	r4, r0
 8004398:	4299      	cmp	r1, r3
 800439a:	d001      	beq.n	80043a0 <cleanup_stdio+0x10>
 800439c:	f000 fd9e 	bl	8004edc <_fflush_r>
 80043a0:	68a1      	ldr	r1, [r4, #8]
 80043a2:	4b08      	ldr	r3, [pc, #32]	; (80043c4 <cleanup_stdio+0x34>)
 80043a4:	4299      	cmp	r1, r3
 80043a6:	d002      	beq.n	80043ae <cleanup_stdio+0x1e>
 80043a8:	0020      	movs	r0, r4
 80043aa:	f000 fd97 	bl	8004edc <_fflush_r>
 80043ae:	68e1      	ldr	r1, [r4, #12]
 80043b0:	4b05      	ldr	r3, [pc, #20]	; (80043c8 <cleanup_stdio+0x38>)
 80043b2:	4299      	cmp	r1, r3
 80043b4:	d002      	beq.n	80043bc <cleanup_stdio+0x2c>
 80043b6:	0020      	movs	r0, r4
 80043b8:	f000 fd90 	bl	8004edc <_fflush_r>
 80043bc:	bd10      	pop	{r4, pc}
 80043be:	46c0      	nop			; (mov r8, r8)
 80043c0:	20000710 	.word	0x20000710
 80043c4:	20000778 	.word	0x20000778
 80043c8:	200007e0 	.word	0x200007e0

080043cc <global_stdio_init.part.0>:
 80043cc:	b510      	push	{r4, lr}
 80043ce:	4b09      	ldr	r3, [pc, #36]	; (80043f4 <global_stdio_init.part.0+0x28>)
 80043d0:	4a09      	ldr	r2, [pc, #36]	; (80043f8 <global_stdio_init.part.0+0x2c>)
 80043d2:	2104      	movs	r1, #4
 80043d4:	601a      	str	r2, [r3, #0]
 80043d6:	4809      	ldr	r0, [pc, #36]	; (80043fc <global_stdio_init.part.0+0x30>)
 80043d8:	2200      	movs	r2, #0
 80043da:	f7ff ff95 	bl	8004308 <std>
 80043de:	2201      	movs	r2, #1
 80043e0:	2109      	movs	r1, #9
 80043e2:	4807      	ldr	r0, [pc, #28]	; (8004400 <global_stdio_init.part.0+0x34>)
 80043e4:	f7ff ff90 	bl	8004308 <std>
 80043e8:	2202      	movs	r2, #2
 80043ea:	2112      	movs	r1, #18
 80043ec:	4805      	ldr	r0, [pc, #20]	; (8004404 <global_stdio_init.part.0+0x38>)
 80043ee:	f7ff ff8b 	bl	8004308 <std>
 80043f2:	bd10      	pop	{r4, pc}
 80043f4:	20000848 	.word	0x20000848
 80043f8:	08004375 	.word	0x08004375
 80043fc:	20000710 	.word	0x20000710
 8004400:	20000778 	.word	0x20000778
 8004404:	200007e0 	.word	0x200007e0

08004408 <__sfp_lock_acquire>:
 8004408:	b510      	push	{r4, lr}
 800440a:	4802      	ldr	r0, [pc, #8]	; (8004414 <__sfp_lock_acquire+0xc>)
 800440c:	f000 f909 	bl	8004622 <__retarget_lock_acquire_recursive>
 8004410:	bd10      	pop	{r4, pc}
 8004412:	46c0      	nop			; (mov r8, r8)
 8004414:	20000851 	.word	0x20000851

08004418 <__sfp_lock_release>:
 8004418:	b510      	push	{r4, lr}
 800441a:	4802      	ldr	r0, [pc, #8]	; (8004424 <__sfp_lock_release+0xc>)
 800441c:	f000 f902 	bl	8004624 <__retarget_lock_release_recursive>
 8004420:	bd10      	pop	{r4, pc}
 8004422:	46c0      	nop			; (mov r8, r8)
 8004424:	20000851 	.word	0x20000851

08004428 <__sinit>:
 8004428:	b510      	push	{r4, lr}
 800442a:	0004      	movs	r4, r0
 800442c:	f7ff ffec 	bl	8004408 <__sfp_lock_acquire>
 8004430:	6a23      	ldr	r3, [r4, #32]
 8004432:	2b00      	cmp	r3, #0
 8004434:	d002      	beq.n	800443c <__sinit+0x14>
 8004436:	f7ff ffef 	bl	8004418 <__sfp_lock_release>
 800443a:	bd10      	pop	{r4, pc}
 800443c:	4b04      	ldr	r3, [pc, #16]	; (8004450 <__sinit+0x28>)
 800443e:	6223      	str	r3, [r4, #32]
 8004440:	4b04      	ldr	r3, [pc, #16]	; (8004454 <__sinit+0x2c>)
 8004442:	681b      	ldr	r3, [r3, #0]
 8004444:	2b00      	cmp	r3, #0
 8004446:	d1f6      	bne.n	8004436 <__sinit+0xe>
 8004448:	f7ff ffc0 	bl	80043cc <global_stdio_init.part.0>
 800444c:	e7f3      	b.n	8004436 <__sinit+0xe>
 800444e:	46c0      	nop			; (mov r8, r8)
 8004450:	08004391 	.word	0x08004391
 8004454:	20000848 	.word	0x20000848

08004458 <_fwalk_sglue>:
 8004458:	b5f7      	push	{r0, r1, r2, r4, r5, r6, r7, lr}
 800445a:	0014      	movs	r4, r2
 800445c:	2600      	movs	r6, #0
 800445e:	9000      	str	r0, [sp, #0]
 8004460:	9101      	str	r1, [sp, #4]
 8004462:	68a5      	ldr	r5, [r4, #8]
 8004464:	6867      	ldr	r7, [r4, #4]
 8004466:	3f01      	subs	r7, #1
 8004468:	d504      	bpl.n	8004474 <_fwalk_sglue+0x1c>
 800446a:	6824      	ldr	r4, [r4, #0]
 800446c:	2c00      	cmp	r4, #0
 800446e:	d1f8      	bne.n	8004462 <_fwalk_sglue+0xa>
 8004470:	0030      	movs	r0, r6
 8004472:	bdfe      	pop	{r1, r2, r3, r4, r5, r6, r7, pc}
 8004474:	89ab      	ldrh	r3, [r5, #12]
 8004476:	2b01      	cmp	r3, #1
 8004478:	d908      	bls.n	800448c <_fwalk_sglue+0x34>
 800447a:	220e      	movs	r2, #14
 800447c:	5eab      	ldrsh	r3, [r5, r2]
 800447e:	3301      	adds	r3, #1
 8004480:	d004      	beq.n	800448c <_fwalk_sglue+0x34>
 8004482:	0029      	movs	r1, r5
 8004484:	9800      	ldr	r0, [sp, #0]
 8004486:	9b01      	ldr	r3, [sp, #4]
 8004488:	4798      	blx	r3
 800448a:	4306      	orrs	r6, r0
 800448c:	3568      	adds	r5, #104	; 0x68
 800448e:	e7ea      	b.n	8004466 <_fwalk_sglue+0xe>

08004490 <iprintf>:
 8004490:	b40f      	push	{r0, r1, r2, r3}
 8004492:	b507      	push	{r0, r1, r2, lr}
 8004494:	4905      	ldr	r1, [pc, #20]	; (80044ac <iprintf+0x1c>)
 8004496:	ab04      	add	r3, sp, #16
 8004498:	6808      	ldr	r0, [r1, #0]
 800449a:	cb04      	ldmia	r3!, {r2}
 800449c:	6881      	ldr	r1, [r0, #8]
 800449e:	9301      	str	r3, [sp, #4]
 80044a0:	f000 f9e8 	bl	8004874 <_vfiprintf_r>
 80044a4:	b003      	add	sp, #12
 80044a6:	bc08      	pop	{r3}
 80044a8:	b004      	add	sp, #16
 80044aa:	4718      	bx	r3
 80044ac:	2000001c 	.word	0x2000001c

080044b0 <__sread>:
 80044b0:	b570      	push	{r4, r5, r6, lr}
 80044b2:	000c      	movs	r4, r1
 80044b4:	250e      	movs	r5, #14
 80044b6:	5f49      	ldrsh	r1, [r1, r5]
 80044b8:	f000 f874 	bl	80045a4 <_read_r>
 80044bc:	2800      	cmp	r0, #0
 80044be:	db03      	blt.n	80044c8 <__sread+0x18>
 80044c0:	6d63      	ldr	r3, [r4, #84]	; 0x54
 80044c2:	181b      	adds	r3, r3, r0
 80044c4:	6563      	str	r3, [r4, #84]	; 0x54
 80044c6:	bd70      	pop	{r4, r5, r6, pc}
 80044c8:	89a3      	ldrh	r3, [r4, #12]
 80044ca:	4a02      	ldr	r2, [pc, #8]	; (80044d4 <__sread+0x24>)
 80044cc:	4013      	ands	r3, r2
 80044ce:	81a3      	strh	r3, [r4, #12]
 80044d0:	e7f9      	b.n	80044c6 <__sread+0x16>
 80044d2:	46c0      	nop			; (mov r8, r8)
 80044d4:	ffffefff 	.word	0xffffefff

080044d8 <__swrite>:
 80044d8:	b5f8      	push	{r3, r4, r5, r6, r7, lr}
 80044da:	001f      	movs	r7, r3
 80044dc:	898b      	ldrh	r3, [r1, #12]
 80044de:	0005      	movs	r5, r0
 80044e0:	000c      	movs	r4, r1
 80044e2:	0016      	movs	r6, r2
 80044e4:	05db      	lsls	r3, r3, #23
 80044e6:	d505      	bpl.n	80044f4 <__swrite+0x1c>
 80044e8:	230e      	movs	r3, #14
 80044ea:	5ec9      	ldrsh	r1, [r1, r3]
 80044ec:	2200      	movs	r2, #0
 80044ee:	2302      	movs	r3, #2
 80044f0:	f000 f844 	bl	800457c <_lseek_r>
 80044f4:	89a3      	ldrh	r3, [r4, #12]
 80044f6:	4a05      	ldr	r2, [pc, #20]	; (800450c <__swrite+0x34>)
 80044f8:	0028      	movs	r0, r5
 80044fa:	4013      	ands	r3, r2
 80044fc:	81a3      	strh	r3, [r4, #12]
 80044fe:	0032      	movs	r2, r6
 8004500:	230e      	movs	r3, #14
 8004502:	5ee1      	ldrsh	r1, [r4, r3]
 8004504:	003b      	movs	r3, r7
 8004506:	f7ff fdcb 	bl	80040a0 <_write_r>
 800450a:	bdf8      	pop	{r3, r4, r5, r6, r7, pc}
 800450c:	ffffefff 	.word	0xffffefff

08004510 <__sseek>:
 8004510:	b570      	push	{r4, r5, r6, lr}
 8004512:	000c      	movs	r4, r1
 8004514:	250e      	movs	r5, #14
 8004516:	5f49      	ldrsh	r1, [r1, r5]
 8004518:	f000 f830 	bl	800457c <_lseek_r>
 800451c:	89a3      	ldrh	r3, [r4, #12]
 800451e:	1c42      	adds	r2, r0, #1
 8004520:	d103      	bne.n	800452a <__sseek+0x1a>
 8004522:	4a05      	ldr	r2, [pc, #20]	; (8004538 <__sseek+0x28>)
 8004524:	4013      	ands	r3, r2
 8004526:	81a3      	strh	r3, [r4, #12]
 8004528:	bd70      	pop	{r4, r5, r6, pc}
 800452a:	2280      	movs	r2, #128	; 0x80
 800452c:	0152      	lsls	r2, r2, #5
 800452e:	4313      	orrs	r3, r2
 8004530:	81a3      	strh	r3, [r4, #12]
 8004532:	6560      	str	r0, [r4, #84]	; 0x54
 8004534:	e7f8      	b.n	8004528 <__sseek+0x18>
 8004536:	46c0      	nop			; (mov r8, r8)
 8004538:	ffffefff 	.word	0xffffefff

0800453c <__sclose>:
 800453c:	b510      	push	{r4, lr}
 800453e:	230e      	movs	r3, #14
 8004540:	5ec9      	ldrsh	r1, [r1, r3]
 8004542:	f000 f809 	bl	8004558 <_close_r>
 8004546:	bd10      	pop	{r4, pc}

08004548 <memset>:
 8004548:	0003      	movs	r3, r0
 800454a:	1882      	adds	r2, r0, r2
 800454c:	4293      	cmp	r3, r2
 800454e:	d100      	bne.n	8004552 <memset+0xa>
 8004550:	4770      	bx	lr
 8004552:	7019      	strb	r1, [r3, #0]
 8004554:	3301      	adds	r3, #1
 8004556:	e7f9      	b.n	800454c <memset+0x4>

08004558 <_close_r>:
 8004558:	2300      	movs	r3, #0
 800455a:	b570      	push	{r4, r5, r6, lr}
 800455c:	4d06      	ldr	r5, [pc, #24]	; (8004578 <_close_r+0x20>)
 800455e:	0004      	movs	r4, r0
 8004560:	0008      	movs	r0, r1
 8004562:	602b      	str	r3, [r5, #0]
 8004564:	f7fc f947 	bl	80007f6 <_close>
 8004568:	1c43      	adds	r3, r0, #1
 800456a:	d103      	bne.n	8004574 <_close_r+0x1c>
 800456c:	682b      	ldr	r3, [r5, #0]
 800456e:	2b00      	cmp	r3, #0
 8004570:	d000      	beq.n	8004574 <_close_r+0x1c>
 8004572:	6023      	str	r3, [r4, #0]
 8004574:	bd70      	pop	{r4, r5, r6, pc}
 8004576:	46c0      	nop			; (mov r8, r8)
 8004578:	2000084c 	.word	0x2000084c

0800457c <_lseek_r>:
 800457c:	b570      	push	{r4, r5, r6, lr}
 800457e:	0004      	movs	r4, r0
 8004580:	0008      	movs	r0, r1
 8004582:	0011      	movs	r1, r2
 8004584:	001a      	movs	r2, r3
 8004586:	2300      	movs	r3, #0
 8004588:	4d05      	ldr	r5, [pc, #20]	; (80045a0 <_lseek_r+0x24>)
 800458a:	602b      	str	r3, [r5, #0]
 800458c:	f7fc f954 	bl	8000838 <_lseek>
 8004590:	1c43      	adds	r3, r0, #1
 8004592:	d103      	bne.n	800459c <_lseek_r+0x20>
 8004594:	682b      	ldr	r3, [r5, #0]
 8004596:	2b00      	cmp	r3, #0
 8004598:	d000      	beq.n	800459c <_lseek_r+0x20>
 800459a:	6023      	str	r3, [r4, #0]
 800459c:	bd70      	pop	{r4, r5, r6, pc}
 800459e:	46c0      	nop			; (mov r8, r8)
 80045a0:	2000084c 	.word	0x2000084c

080045a4 <_read_r>:
 80045a4:	b570      	push	{r4, r5, r6, lr}
 80045a6:	0004      	movs	r4, r0
 80045a8:	0008      	movs	r0, r1
 80045aa:	0011      	movs	r1, r2
 80045ac:	001a      	movs	r2, r3
 80045ae:	2300      	movs	r3, #0
 80045b0:	4d05      	ldr	r5, [pc, #20]	; (80045c8 <_read_r+0x24>)
 80045b2:	602b      	str	r3, [r5, #0]
 80045b4:	f7fc f902 	bl	80007bc <_read>
 80045b8:	1c43      	adds	r3, r0, #1
 80045ba:	d103      	bne.n	80045c4 <_read_r+0x20>
 80045bc:	682b      	ldr	r3, [r5, #0]
 80045be:	2b00      	cmp	r3, #0
 80045c0:	d000      	beq.n	80045c4 <_read_r+0x20>
 80045c2:	6023      	str	r3, [r4, #0]
 80045c4:	bd70      	pop	{r4, r5, r6, pc}
 80045c6:	46c0      	nop			; (mov r8, r8)
 80045c8:	2000084c 	.word	0x2000084c

080045cc <__errno>:
 80045cc:	4b01      	ldr	r3, [pc, #4]	; (80045d4 <__errno+0x8>)
 80045ce:	6818      	ldr	r0, [r3, #0]
 80045d0:	4770      	bx	lr
 80045d2:	46c0      	nop			; (mov r8, r8)
 80045d4:	2000001c 	.word	0x2000001c

080045d8 <__libc_init_array>:
 80045d8:	b570      	push	{r4, r5, r6, lr}
 80045da:	2600      	movs	r6, #0
 80045dc:	4c0c      	ldr	r4, [pc, #48]	; (8004610 <__libc_init_array+0x38>)
 80045de:	4d0d      	ldr	r5, [pc, #52]	; (8004614 <__libc_init_array+0x3c>)
 80045e0:	1b64      	subs	r4, r4, r5
 80045e2:	10a4      	asrs	r4, r4, #2
 80045e4:	42a6      	cmp	r6, r4
 80045e6:	d109      	bne.n	80045fc <__libc_init_array+0x24>
 80045e8:	2600      	movs	r6, #0
 80045ea:	f000 fdf1 	bl	80051d0 <_init>
 80045ee:	4c0a      	ldr	r4, [pc, #40]	; (8004618 <__libc_init_array+0x40>)
 80045f0:	4d0a      	ldr	r5, [pc, #40]	; (800461c <__libc_init_array+0x44>)
 80045f2:	1b64      	subs	r4, r4, r5
 80045f4:	10a4      	asrs	r4, r4, #2
 80045f6:	42a6      	cmp	r6, r4
 80045f8:	d105      	bne.n	8004606 <__libc_init_array+0x2e>
 80045fa:	bd70      	pop	{r4, r5, r6, pc}
 80045fc:	00b3      	lsls	r3, r6, #2
 80045fe:	58eb      	ldr	r3, [r5, r3]
 8004600:	4798      	blx	r3
 8004602:	3601      	adds	r6, #1
 8004604:	e7ee      	b.n	80045e4 <__libc_init_array+0xc>
 8004606:	00b3      	lsls	r3, r6, #2
 8004608:	58eb      	ldr	r3, [r5, r3]
 800460a:	4798      	blx	r3
 800460c:	3601      	adds	r6, #1
 800460e:	e7f2      	b.n	80045f6 <__libc_init_array+0x1e>
 8004610:	0800539c 	.word	0x0800539c
 8004614:	0800539c 	.word	0x0800539c
 8004618:	080053a4 	.word	0x080053a4
 800461c:	0800539c 	.word	0x0800539c

08004620 <__retarget_lock_init_recursive>:
 8004620:	4770      	bx	lr

08004622 <__retarget_lock_acquire_recursive>:
 8004622:	4770      	bx	lr

08004624 <__retarget_lock_release_recursive>:
 8004624:	4770      	bx	lr

08004626 <memcpy>:
 8004626:	2300      	movs	r3, #0
 8004628:	b510      	push	{r4, lr}
 800462a:	429a      	cmp	r2, r3
 800462c:	d100      	bne.n	8004630 <memcpy+0xa>
 800462e:	bd10      	pop	{r4, pc}
 8004630:	5ccc      	ldrb	r4, [r1, r3]
 8004632:	54c4      	strb	r4, [r0, r3]
 8004634:	3301      	adds	r3, #1
 8004636:	e7f8      	b.n	800462a <memcpy+0x4>

08004638 <_free_r>:
 8004638:	b570      	push	{r4, r5, r6, lr}
 800463a:	0005      	movs	r5, r0
 800463c:	1e0c      	subs	r4, r1, #0
 800463e:	d010      	beq.n	8004662 <_free_r+0x2a>
 8004640:	3c04      	subs	r4, #4
 8004642:	6823      	ldr	r3, [r4, #0]
 8004644:	2b00      	cmp	r3, #0
 8004646:	da00      	bge.n	800464a <_free_r+0x12>
 8004648:	18e4      	adds	r4, r4, r3
 800464a:	0028      	movs	r0, r5
 800464c:	f000 f8da 	bl	8004804 <__malloc_lock>
 8004650:	4a1d      	ldr	r2, [pc, #116]	; (80046c8 <_free_r+0x90>)
 8004652:	6813      	ldr	r3, [r2, #0]
 8004654:	2b00      	cmp	r3, #0
 8004656:	d105      	bne.n	8004664 <_free_r+0x2c>
 8004658:	6063      	str	r3, [r4, #4]
 800465a:	6014      	str	r4, [r2, #0]
 800465c:	0028      	movs	r0, r5
 800465e:	f000 f8d9 	bl	8004814 <__malloc_unlock>
 8004662:	bd70      	pop	{r4, r5, r6, pc}
 8004664:	42a3      	cmp	r3, r4
 8004666:	d908      	bls.n	800467a <_free_r+0x42>
 8004668:	6820      	ldr	r0, [r4, #0]
 800466a:	1821      	adds	r1, r4, r0
 800466c:	428b      	cmp	r3, r1
 800466e:	d1f3      	bne.n	8004658 <_free_r+0x20>
 8004670:	6819      	ldr	r1, [r3, #0]
 8004672:	685b      	ldr	r3, [r3, #4]
 8004674:	1809      	adds	r1, r1, r0
 8004676:	6021      	str	r1, [r4, #0]
 8004678:	e7ee      	b.n	8004658 <_free_r+0x20>
 800467a:	001a      	movs	r2, r3
 800467c:	685b      	ldr	r3, [r3, #4]
 800467e:	2b00      	cmp	r3, #0
 8004680:	d001      	beq.n	8004686 <_free_r+0x4e>
 8004682:	42a3      	cmp	r3, r4
 8004684:	d9f9      	bls.n	800467a <_free_r+0x42>
 8004686:	6811      	ldr	r1, [r2, #0]
 8004688:	1850      	adds	r0, r2, r1
 800468a:	42a0      	cmp	r0, r4
 800468c:	d10b      	bne.n	80046a6 <_free_r+0x6e>
 800468e:	6820      	ldr	r0, [r4, #0]
 8004690:	1809      	adds	r1, r1, r0
 8004692:	1850      	adds	r0, r2, r1
 8004694:	6011      	str	r1, [r2, #0]
 8004696:	4283      	cmp	r3, r0
 8004698:	d1e0      	bne.n	800465c <_free_r+0x24>
 800469a:	6818      	ldr	r0, [r3, #0]
 800469c:	685b      	ldr	r3, [r3, #4]
 800469e:	1841      	adds	r1, r0, r1
 80046a0:	6011      	str	r1, [r2, #0]
 80046a2:	6053      	str	r3, [r2, #4]
 80046a4:	e7da      	b.n	800465c <_free_r+0x24>
 80046a6:	42a0      	cmp	r0, r4
 80046a8:	d902      	bls.n	80046b0 <_free_r+0x78>
 80046aa:	230c      	movs	r3, #12
 80046ac:	602b      	str	r3, [r5, #0]
 80046ae:	e7d5      	b.n	800465c <_free_r+0x24>
 80046b0:	6820      	ldr	r0, [r4, #0]
 80046b2:	1821      	adds	r1, r4, r0
 80046b4:	428b      	cmp	r3, r1
 80046b6:	d103      	bne.n	80046c0 <_free_r+0x88>
 80046b8:	6819      	ldr	r1, [r3, #0]
 80046ba:	685b      	ldr	r3, [r3, #4]
 80046bc:	1809      	adds	r1, r1, r0
 80046be:	6021      	str	r1, [r4, #0]
 80046c0:	6063      	str	r3, [r4, #4]
 80046c2:	6054      	str	r4, [r2, #4]
 80046c4:	e7ca      	b.n	800465c <_free_r+0x24>
 80046c6:	46c0      	nop			; (mov r8, r8)
 80046c8:	20000858 	.word	0x20000858

080046cc <sbrk_aligned>:
 80046cc:	b570      	push	{r4, r5, r6, lr}
 80046ce:	4e0f      	ldr	r6, [pc, #60]	; (800470c <sbrk_aligned+0x40>)
 80046d0:	000d      	movs	r5, r1
 80046d2:	6831      	ldr	r1, [r6, #0]
 80046d4:	0004      	movs	r4, r0
 80046d6:	2900      	cmp	r1, #0
 80046d8:	d102      	bne.n	80046e0 <sbrk_aligned+0x14>
 80046da:	f000 fccb 	bl	8005074 <_sbrk_r>
 80046de:	6030      	str	r0, [r6, #0]
 80046e0:	0029      	movs	r1, r5
 80046e2:	0020      	movs	r0, r4
 80046e4:	f000 fcc6 	bl	8005074 <_sbrk_r>
 80046e8:	1c43      	adds	r3, r0, #1
 80046ea:	d103      	bne.n	80046f4 <sbrk_aligned+0x28>
 80046ec:	2501      	movs	r5, #1
 80046ee:	426d      	negs	r5, r5
 80046f0:	0028      	movs	r0, r5
 80046f2:	bd70      	pop	{r4, r5, r6, pc}
 80046f4:	2303      	movs	r3, #3
 80046f6:	1cc5      	adds	r5, r0, #3
 80046f8:	439d      	bics	r5, r3
 80046fa:	42a8      	cmp	r0, r5
 80046fc:	d0f8      	beq.n	80046f0 <sbrk_aligned+0x24>
 80046fe:	1a29      	subs	r1, r5, r0
 8004700:	0020      	movs	r0, r4
 8004702:	f000 fcb7 	bl	8005074 <_sbrk_r>
 8004706:	3001      	adds	r0, #1
 8004708:	d1f2      	bne.n	80046f0 <sbrk_aligned+0x24>
 800470a:	e7ef      	b.n	80046ec <sbrk_aligned+0x20>
 800470c:	20000854 	.word	0x20000854

08004710 <_malloc_r>:
 8004710:	2303      	movs	r3, #3
 8004712:	b5f7      	push	{r0, r1, r2, r4, r5, r6, r7, lr}
 8004714:	1ccd      	adds	r5, r1, #3
 8004716:	439d      	bics	r5, r3
 8004718:	3508      	adds	r5, #8
 800471a:	0006      	movs	r6, r0
 800471c:	2d0c      	cmp	r5, #12
 800471e:	d234      	bcs.n	800478a <_malloc_r+0x7a>
 8004720:	250c      	movs	r5, #12
 8004722:	42a9      	cmp	r1, r5
 8004724:	d833      	bhi.n	800478e <_malloc_r+0x7e>
 8004726:	0030      	movs	r0, r6
 8004728:	f000 f86c 	bl	8004804 <__malloc_lock>
 800472c:	4f34      	ldr	r7, [pc, #208]	; (8004800 <_malloc_r+0xf0>)
 800472e:	683b      	ldr	r3, [r7, #0]
 8004730:	001c      	movs	r4, r3
 8004732:	2c00      	cmp	r4, #0
 8004734:	d12f      	bne.n	8004796 <_malloc_r+0x86>
 8004736:	0029      	movs	r1, r5
 8004738:	0030      	movs	r0, r6
 800473a:	f7ff ffc7 	bl	80046cc <sbrk_aligned>
 800473e:	0004      	movs	r4, r0
 8004740:	1c43      	adds	r3, r0, #1
 8004742:	d158      	bne.n	80047f6 <_malloc_r+0xe6>
 8004744:	683c      	ldr	r4, [r7, #0]
 8004746:	0021      	movs	r1, r4
 8004748:	2900      	cmp	r1, #0
 800474a:	d149      	bne.n	80047e0 <_malloc_r+0xd0>
 800474c:	2c00      	cmp	r4, #0
 800474e:	d04c      	beq.n	80047ea <_malloc_r+0xda>
 8004750:	6823      	ldr	r3, [r4, #0]
 8004752:	0030      	movs	r0, r6
 8004754:	18e3      	adds	r3, r4, r3
 8004756:	9301      	str	r3, [sp, #4]
 8004758:	f000 fc8c 	bl	8005074 <_sbrk_r>
 800475c:	9b01      	ldr	r3, [sp, #4]
 800475e:	4283      	cmp	r3, r0
 8004760:	d143      	bne.n	80047ea <_malloc_r+0xda>
 8004762:	6823      	ldr	r3, [r4, #0]
 8004764:	0030      	movs	r0, r6
 8004766:	1aed      	subs	r5, r5, r3
 8004768:	0029      	movs	r1, r5
 800476a:	f7ff ffaf 	bl	80046cc <sbrk_aligned>
 800476e:	3001      	adds	r0, #1
 8004770:	d03b      	beq.n	80047ea <_malloc_r+0xda>
 8004772:	6823      	ldr	r3, [r4, #0]
 8004774:	195b      	adds	r3, r3, r5
 8004776:	6023      	str	r3, [r4, #0]
 8004778:	683b      	ldr	r3, [r7, #0]
 800477a:	2b00      	cmp	r3, #0
 800477c:	d03d      	beq.n	80047fa <_malloc_r+0xea>
 800477e:	685a      	ldr	r2, [r3, #4]
 8004780:	42a2      	cmp	r2, r4
 8004782:	d130      	bne.n	80047e6 <_malloc_r+0xd6>
 8004784:	2200      	movs	r2, #0
 8004786:	605a      	str	r2, [r3, #4]
 8004788:	e012      	b.n	80047b0 <_malloc_r+0xa0>
 800478a:	2d00      	cmp	r5, #0
 800478c:	dac9      	bge.n	8004722 <_malloc_r+0x12>
 800478e:	230c      	movs	r3, #12
 8004790:	6033      	str	r3, [r6, #0]
 8004792:	2000      	movs	r0, #0
 8004794:	bdfe      	pop	{r1, r2, r3, r4, r5, r6, r7, pc}
 8004796:	6821      	ldr	r1, [r4, #0]
 8004798:	1b49      	subs	r1, r1, r5
 800479a:	d41e      	bmi.n	80047da <_malloc_r+0xca>
 800479c:	290b      	cmp	r1, #11
 800479e:	d917      	bls.n	80047d0 <_malloc_r+0xc0>
 80047a0:	1962      	adds	r2, r4, r5
 80047a2:	6025      	str	r5, [r4, #0]
 80047a4:	42a3      	cmp	r3, r4
 80047a6:	d111      	bne.n	80047cc <_malloc_r+0xbc>
 80047a8:	603a      	str	r2, [r7, #0]
 80047aa:	6863      	ldr	r3, [r4, #4]
 80047ac:	6011      	str	r1, [r2, #0]
 80047ae:	6053      	str	r3, [r2, #4]
 80047b0:	0030      	movs	r0, r6
 80047b2:	f000 f82f 	bl	8004814 <__malloc_unlock>
 80047b6:	0020      	movs	r0, r4
 80047b8:	2207      	movs	r2, #7
 80047ba:	300b      	adds	r0, #11
 80047bc:	1d23      	adds	r3, r4, #4
 80047be:	4390      	bics	r0, r2
 80047c0:	1ac2      	subs	r2, r0, r3
 80047c2:	4298      	cmp	r0, r3
 80047c4:	d0e6      	beq.n	8004794 <_malloc_r+0x84>
 80047c6:	1a1b      	subs	r3, r3, r0
 80047c8:	50a3      	str	r3, [r4, r2]
 80047ca:	e7e3      	b.n	8004794 <_malloc_r+0x84>
 80047cc:	605a      	str	r2, [r3, #4]
 80047ce:	e7ec      	b.n	80047aa <_malloc_r+0x9a>
 80047d0:	6862      	ldr	r2, [r4, #4]
 80047d2:	42a3      	cmp	r3, r4
 80047d4:	d1d7      	bne.n	8004786 <_malloc_r+0x76>
 80047d6:	603a      	str	r2, [r7, #0]
 80047d8:	e7ea      	b.n	80047b0 <_malloc_r+0xa0>
 80047da:	0023      	movs	r3, r4
 80047dc:	6864      	ldr	r4, [r4, #4]
 80047de:	e7a8      	b.n	8004732 <_malloc_r+0x22>
 80047e0:	000c      	movs	r4, r1
 80047e2:	6849      	ldr	r1, [r1, #4]
 80047e4:	e7b0      	b.n	8004748 <_malloc_r+0x38>
 80047e6:	0013      	movs	r3, r2
 80047e8:	e7c7      	b.n	800477a <_malloc_r+0x6a>
 80047ea:	230c      	movs	r3, #12
 80047ec:	0030      	movs	r0, r6
 80047ee:	6033      	str	r3, [r6, #0]
 80047f0:	f000 f810 	bl	8004814 <__malloc_unlock>
 80047f4:	e7cd      	b.n	8004792 <_malloc_r+0x82>
 80047f6:	6005      	str	r5, [r0, #0]
 80047f8:	e7da      	b.n	80047b0 <_malloc_r+0xa0>
 80047fa:	605b      	str	r3, [r3, #4]
 80047fc:	deff      	udf	#255	; 0xff
 80047fe:	46c0      	nop			; (mov r8, r8)
 8004800:	20000858 	.word	0x20000858

08004804 <__malloc_lock>:
 8004804:	b510      	push	{r4, lr}
 8004806:	4802      	ldr	r0, [pc, #8]	; (8004810 <__malloc_lock+0xc>)
 8004808:	f7ff ff0b 	bl	8004622 <__retarget_lock_acquire_recursive>
 800480c:	bd10      	pop	{r4, pc}
 800480e:	46c0      	nop			; (mov r8, r8)
 8004810:	20000850 	.word	0x20000850

08004814 <__malloc_unlock>:
 8004814:	b510      	push	{r4, lr}
 8004816:	4802      	ldr	r0, [pc, #8]	; (8004820 <__malloc_unlock+0xc>)
 8004818:	f7ff ff04 	bl	8004624 <__retarget_lock_release_recursive>
 800481c:	bd10      	pop	{r4, pc}
 800481e:	46c0      	nop			; (mov r8, r8)
 8004820:	20000850 	.word	0x20000850

08004824 <__sfputc_r>:
 8004824:	6893      	ldr	r3, [r2, #8]
 8004826:	b510      	push	{r4, lr}
 8004828:	3b01      	subs	r3, #1
 800482a:	6093      	str	r3, [r2, #8]
 800482c:	2b00      	cmp	r3, #0
 800482e:	da04      	bge.n	800483a <__sfputc_r+0x16>
 8004830:	6994      	ldr	r4, [r2, #24]
 8004832:	42a3      	cmp	r3, r4
 8004834:	db07      	blt.n	8004846 <__sfputc_r+0x22>
 8004836:	290a      	cmp	r1, #10
 8004838:	d005      	beq.n	8004846 <__sfputc_r+0x22>
 800483a:	6813      	ldr	r3, [r2, #0]
 800483c:	1c58      	adds	r0, r3, #1
 800483e:	6010      	str	r0, [r2, #0]
 8004840:	7019      	strb	r1, [r3, #0]
 8004842:	0008      	movs	r0, r1
 8004844:	bd10      	pop	{r4, pc}
 8004846:	f000 fb74 	bl	8004f32 <__swbuf_r>
 800484a:	0001      	movs	r1, r0
 800484c:	e7f9      	b.n	8004842 <__sfputc_r+0x1e>

0800484e <__sfputs_r>:
 800484e:	b5f8      	push	{r3, r4, r5, r6, r7, lr}
 8004850:	0006      	movs	r6, r0
 8004852:	000f      	movs	r7, r1
 8004854:	0014      	movs	r4, r2
 8004856:	18d5      	adds	r5, r2, r3
 8004858:	42ac      	cmp	r4, r5
 800485a:	d101      	bne.n	8004860 <__sfputs_r+0x12>
 800485c:	2000      	movs	r0, #0
 800485e:	e007      	b.n	8004870 <__sfputs_r+0x22>
 8004860:	7821      	ldrb	r1, [r4, #0]
 8004862:	003a      	movs	r2, r7
 8004864:	0030      	movs	r0, r6
 8004866:	f7ff ffdd 	bl	8004824 <__sfputc_r>
 800486a:	3401      	adds	r4, #1
 800486c:	1c43      	adds	r3, r0, #1
 800486e:	d1f3      	bne.n	8004858 <__sfputs_r+0xa>
 8004870:	bdf8      	pop	{r3, r4, r5, r6, r7, pc}
	...

08004874 <_vfiprintf_r>:
 8004874:	b5f0      	push	{r4, r5, r6, r7, lr}
 8004876:	b0a1      	sub	sp, #132	; 0x84
 8004878:	000f      	movs	r7, r1
 800487a:	0015      	movs	r5, r2
 800487c:	001e      	movs	r6, r3
 800487e:	9003      	str	r0, [sp, #12]
 8004880:	2800      	cmp	r0, #0
 8004882:	d004      	beq.n	800488e <_vfiprintf_r+0x1a>
 8004884:	6a03      	ldr	r3, [r0, #32]
 8004886:	2b00      	cmp	r3, #0
 8004888:	d101      	bne.n	800488e <_vfiprintf_r+0x1a>
 800488a:	f7ff fdcd 	bl	8004428 <__sinit>
 800488e:	6e7b      	ldr	r3, [r7, #100]	; 0x64
 8004890:	07db      	lsls	r3, r3, #31
 8004892:	d405      	bmi.n	80048a0 <_vfiprintf_r+0x2c>
 8004894:	89bb      	ldrh	r3, [r7, #12]
 8004896:	059b      	lsls	r3, r3, #22
 8004898:	d402      	bmi.n	80048a0 <_vfiprintf_r+0x2c>
 800489a:	6db8      	ldr	r0, [r7, #88]	; 0x58
 800489c:	f7ff fec1 	bl	8004622 <__retarget_lock_acquire_recursive>
 80048a0:	89bb      	ldrh	r3, [r7, #12]
 80048a2:	071b      	lsls	r3, r3, #28
 80048a4:	d502      	bpl.n	80048ac <_vfiprintf_r+0x38>
 80048a6:	693b      	ldr	r3, [r7, #16]
 80048a8:	2b00      	cmp	r3, #0
 80048aa:	d113      	bne.n	80048d4 <_vfiprintf_r+0x60>
 80048ac:	0039      	movs	r1, r7
 80048ae:	9803      	ldr	r0, [sp, #12]
 80048b0:	f000 fb82 	bl	8004fb8 <__swsetup_r>
 80048b4:	2800      	cmp	r0, #0
 80048b6:	d00d      	beq.n	80048d4 <_vfiprintf_r+0x60>
 80048b8:	6e7b      	ldr	r3, [r7, #100]	; 0x64
 80048ba:	07db      	lsls	r3, r3, #31
 80048bc:	d503      	bpl.n	80048c6 <_vfiprintf_r+0x52>
 80048be:	2001      	movs	r0, #1
 80048c0:	4240      	negs	r0, r0
 80048c2:	b021      	add	sp, #132	; 0x84
 80048c4:	bdf0      	pop	{r4, r5, r6, r7, pc}
 80048c6:	89bb      	ldrh	r3, [r7, #12]
 80048c8:	059b      	lsls	r3, r3, #22
 80048ca:	d4f8      	bmi.n	80048be <_vfiprintf_r+0x4a>
 80048cc:	6db8      	ldr	r0, [r7, #88]	; 0x58
 80048ce:	f7ff fea9 	bl	8004624 <__retarget_lock_release_recursive>
 80048d2:	e7f4      	b.n	80048be <_vfiprintf_r+0x4a>
 80048d4:	2300      	movs	r3, #0
 80048d6:	ac08      	add	r4, sp, #32
 80048d8:	6163      	str	r3, [r4, #20]
 80048da:	3320      	adds	r3, #32
 80048dc:	7663      	strb	r3, [r4, #25]
 80048de:	3310      	adds	r3, #16
 80048e0:	76a3      	strb	r3, [r4, #26]
 80048e2:	9607      	str	r6, [sp, #28]
 80048e4:	002e      	movs	r6, r5
 80048e6:	7833      	ldrb	r3, [r6, #0]
 80048e8:	2b00      	cmp	r3, #0
 80048ea:	d001      	beq.n	80048f0 <_vfiprintf_r+0x7c>
 80048ec:	2b25      	cmp	r3, #37	; 0x25
 80048ee:	d148      	bne.n	8004982 <_vfiprintf_r+0x10e>
 80048f0:	1b73      	subs	r3, r6, r5
 80048f2:	9305      	str	r3, [sp, #20]
 80048f4:	42ae      	cmp	r6, r5
 80048f6:	d00b      	beq.n	8004910 <_vfiprintf_r+0x9c>
 80048f8:	002a      	movs	r2, r5
 80048fa:	0039      	movs	r1, r7
 80048fc:	9803      	ldr	r0, [sp, #12]
 80048fe:	f7ff ffa6 	bl	800484e <__sfputs_r>
 8004902:	3001      	adds	r0, #1
 8004904:	d100      	bne.n	8004908 <_vfiprintf_r+0x94>
 8004906:	e0ae      	b.n	8004a66 <_vfiprintf_r+0x1f2>
 8004908:	6963      	ldr	r3, [r4, #20]
 800490a:	9a05      	ldr	r2, [sp, #20]
 800490c:	189b      	adds	r3, r3, r2
 800490e:	6163      	str	r3, [r4, #20]
 8004910:	7833      	ldrb	r3, [r6, #0]
 8004912:	2b00      	cmp	r3, #0
 8004914:	d100      	bne.n	8004918 <_vfiprintf_r+0xa4>
 8004916:	e0a6      	b.n	8004a66 <_vfiprintf_r+0x1f2>
 8004918:	2201      	movs	r2, #1
 800491a:	2300      	movs	r3, #0
 800491c:	4252      	negs	r2, r2
 800491e:	6062      	str	r2, [r4, #4]
 8004920:	a904      	add	r1, sp, #16
 8004922:	3254      	adds	r2, #84	; 0x54
 8004924:	1852      	adds	r2, r2, r1
 8004926:	1c75      	adds	r5, r6, #1
 8004928:	6023      	str	r3, [r4, #0]
 800492a:	60e3      	str	r3, [r4, #12]
 800492c:	60a3      	str	r3, [r4, #8]
 800492e:	7013      	strb	r3, [r2, #0]
 8004930:	65a3      	str	r3, [r4, #88]	; 0x58
 8004932:	4b59      	ldr	r3, [pc, #356]	; (8004a98 <_vfiprintf_r+0x224>)
 8004934:	2205      	movs	r2, #5
 8004936:	0018      	movs	r0, r3
 8004938:	7829      	ldrb	r1, [r5, #0]
 800493a:	9305      	str	r3, [sp, #20]
 800493c:	f000 fbac 	bl	8005098 <memchr>
 8004940:	1c6e      	adds	r6, r5, #1
 8004942:	2800      	cmp	r0, #0
 8004944:	d11f      	bne.n	8004986 <_vfiprintf_r+0x112>
 8004946:	6822      	ldr	r2, [r4, #0]
 8004948:	06d3      	lsls	r3, r2, #27
 800494a:	d504      	bpl.n	8004956 <_vfiprintf_r+0xe2>
 800494c:	2353      	movs	r3, #83	; 0x53
 800494e:	a904      	add	r1, sp, #16
 8004950:	185b      	adds	r3, r3, r1
 8004952:	2120      	movs	r1, #32
 8004954:	7019      	strb	r1, [r3, #0]
 8004956:	0713      	lsls	r3, r2, #28
 8004958:	d504      	bpl.n	8004964 <_vfiprintf_r+0xf0>
 800495a:	2353      	movs	r3, #83	; 0x53
 800495c:	a904      	add	r1, sp, #16
 800495e:	185b      	adds	r3, r3, r1
 8004960:	212b      	movs	r1, #43	; 0x2b
 8004962:	7019      	strb	r1, [r3, #0]
 8004964:	782b      	ldrb	r3, [r5, #0]
 8004966:	2b2a      	cmp	r3, #42	; 0x2a
 8004968:	d016      	beq.n	8004998 <_vfiprintf_r+0x124>
 800496a:	002e      	movs	r6, r5
 800496c:	2100      	movs	r1, #0
 800496e:	200a      	movs	r0, #10
 8004970:	68e3      	ldr	r3, [r4, #12]
 8004972:	7832      	ldrb	r2, [r6, #0]
 8004974:	1c75      	adds	r5, r6, #1
 8004976:	3a30      	subs	r2, #48	; 0x30
 8004978:	2a09      	cmp	r2, #9
 800497a:	d950      	bls.n	8004a1e <_vfiprintf_r+0x1aa>
 800497c:	2900      	cmp	r1, #0
 800497e:	d111      	bne.n	80049a4 <_vfiprintf_r+0x130>
 8004980:	e017      	b.n	80049b2 <_vfiprintf_r+0x13e>
 8004982:	3601      	adds	r6, #1
 8004984:	e7af      	b.n	80048e6 <_vfiprintf_r+0x72>
 8004986:	9b05      	ldr	r3, [sp, #20]
 8004988:	6822      	ldr	r2, [r4, #0]
 800498a:	1ac0      	subs	r0, r0, r3
 800498c:	2301      	movs	r3, #1
 800498e:	4083      	lsls	r3, r0
 8004990:	4313      	orrs	r3, r2
 8004992:	0035      	movs	r5, r6
 8004994:	6023      	str	r3, [r4, #0]
 8004996:	e7cc      	b.n	8004932 <_vfiprintf_r+0xbe>
 8004998:	9b07      	ldr	r3, [sp, #28]
 800499a:	1d19      	adds	r1, r3, #4
 800499c:	681b      	ldr	r3, [r3, #0]
 800499e:	9107      	str	r1, [sp, #28]
 80049a0:	2b00      	cmp	r3, #0
 80049a2:	db01      	blt.n	80049a8 <_vfiprintf_r+0x134>
 80049a4:	930b      	str	r3, [sp, #44]	; 0x2c
 80049a6:	e004      	b.n	80049b2 <_vfiprintf_r+0x13e>
 80049a8:	425b      	negs	r3, r3
 80049aa:	60e3      	str	r3, [r4, #12]
 80049ac:	2302      	movs	r3, #2
 80049ae:	4313      	orrs	r3, r2
 80049b0:	6023      	str	r3, [r4, #0]
 80049b2:	7833      	ldrb	r3, [r6, #0]
 80049b4:	2b2e      	cmp	r3, #46	; 0x2e
 80049b6:	d10c      	bne.n	80049d2 <_vfiprintf_r+0x15e>
 80049b8:	7873      	ldrb	r3, [r6, #1]
 80049ba:	2b2a      	cmp	r3, #42	; 0x2a
 80049bc:	d134      	bne.n	8004a28 <_vfiprintf_r+0x1b4>
 80049be:	9b07      	ldr	r3, [sp, #28]
 80049c0:	3602      	adds	r6, #2
 80049c2:	1d1a      	adds	r2, r3, #4
 80049c4:	681b      	ldr	r3, [r3, #0]
 80049c6:	9207      	str	r2, [sp, #28]
 80049c8:	2b00      	cmp	r3, #0
 80049ca:	da01      	bge.n	80049d0 <_vfiprintf_r+0x15c>
 80049cc:	2301      	movs	r3, #1
 80049ce:	425b      	negs	r3, r3
 80049d0:	9309      	str	r3, [sp, #36]	; 0x24
 80049d2:	4d32      	ldr	r5, [pc, #200]	; (8004a9c <_vfiprintf_r+0x228>)
 80049d4:	2203      	movs	r2, #3
 80049d6:	0028      	movs	r0, r5
 80049d8:	7831      	ldrb	r1, [r6, #0]
 80049da:	f000 fb5d 	bl	8005098 <memchr>
 80049de:	2800      	cmp	r0, #0
 80049e0:	d006      	beq.n	80049f0 <_vfiprintf_r+0x17c>
 80049e2:	2340      	movs	r3, #64	; 0x40
 80049e4:	1b40      	subs	r0, r0, r5
 80049e6:	4083      	lsls	r3, r0
 80049e8:	6822      	ldr	r2, [r4, #0]
 80049ea:	3601      	adds	r6, #1
 80049ec:	4313      	orrs	r3, r2
 80049ee:	6023      	str	r3, [r4, #0]
 80049f0:	7831      	ldrb	r1, [r6, #0]
 80049f2:	2206      	movs	r2, #6
 80049f4:	482a      	ldr	r0, [pc, #168]	; (8004aa0 <_vfiprintf_r+0x22c>)
 80049f6:	1c75      	adds	r5, r6, #1
 80049f8:	7621      	strb	r1, [r4, #24]
 80049fa:	f000 fb4d 	bl	8005098 <memchr>
 80049fe:	2800      	cmp	r0, #0
 8004a00:	d040      	beq.n	8004a84 <_vfiprintf_r+0x210>
 8004a02:	4b28      	ldr	r3, [pc, #160]	; (8004aa4 <_vfiprintf_r+0x230>)
 8004a04:	2b00      	cmp	r3, #0
 8004a06:	d122      	bne.n	8004a4e <_vfiprintf_r+0x1da>
 8004a08:	2207      	movs	r2, #7
 8004a0a:	9b07      	ldr	r3, [sp, #28]
 8004a0c:	3307      	adds	r3, #7
 8004a0e:	4393      	bics	r3, r2
 8004a10:	3308      	adds	r3, #8
 8004a12:	9307      	str	r3, [sp, #28]
 8004a14:	6963      	ldr	r3, [r4, #20]
 8004a16:	9a04      	ldr	r2, [sp, #16]
 8004a18:	189b      	adds	r3, r3, r2
 8004a1a:	6163      	str	r3, [r4, #20]
 8004a1c:	e762      	b.n	80048e4 <_vfiprintf_r+0x70>
 8004a1e:	4343      	muls	r3, r0
 8004a20:	002e      	movs	r6, r5
 8004a22:	2101      	movs	r1, #1
 8004a24:	189b      	adds	r3, r3, r2
 8004a26:	e7a4      	b.n	8004972 <_vfiprintf_r+0xfe>
 8004a28:	2300      	movs	r3, #0
 8004a2a:	200a      	movs	r0, #10
 8004a2c:	0019      	movs	r1, r3
 8004a2e:	3601      	adds	r6, #1
 8004a30:	6063      	str	r3, [r4, #4]
 8004a32:	7832      	ldrb	r2, [r6, #0]
 8004a34:	1c75      	adds	r5, r6, #1
 8004a36:	3a30      	subs	r2, #48	; 0x30
 8004a38:	2a09      	cmp	r2, #9
 8004a3a:	d903      	bls.n	8004a44 <_vfiprintf_r+0x1d0>
 8004a3c:	2b00      	cmp	r3, #0
 8004a3e:	d0c8      	beq.n	80049d2 <_vfiprintf_r+0x15e>
 8004a40:	9109      	str	r1, [sp, #36]	; 0x24
 8004a42:	e7c6      	b.n	80049d2 <_vfiprintf_r+0x15e>
 8004a44:	4341      	muls	r1, r0
 8004a46:	002e      	movs	r6, r5
 8004a48:	2301      	movs	r3, #1
 8004a4a:	1889      	adds	r1, r1, r2
 8004a4c:	e7f1      	b.n	8004a32 <_vfiprintf_r+0x1be>
 8004a4e:	aa07      	add	r2, sp, #28
 8004a50:	9200      	str	r2, [sp, #0]
 8004a52:	0021      	movs	r1, r4
 8004a54:	003a      	movs	r2, r7
 8004a56:	4b14      	ldr	r3, [pc, #80]	; (8004aa8 <_vfiprintf_r+0x234>)
 8004a58:	9803      	ldr	r0, [sp, #12]
 8004a5a:	e000      	b.n	8004a5e <_vfiprintf_r+0x1ea>
 8004a5c:	bf00      	nop
 8004a5e:	9004      	str	r0, [sp, #16]
 8004a60:	9b04      	ldr	r3, [sp, #16]
 8004a62:	3301      	adds	r3, #1
 8004a64:	d1d6      	bne.n	8004a14 <_vfiprintf_r+0x1a0>
 8004a66:	6e7b      	ldr	r3, [r7, #100]	; 0x64
 8004a68:	07db      	lsls	r3, r3, #31
 8004a6a:	d405      	bmi.n	8004a78 <_vfiprintf_r+0x204>
 8004a6c:	89bb      	ldrh	r3, [r7, #12]
 8004a6e:	059b      	lsls	r3, r3, #22
 8004a70:	d402      	bmi.n	8004a78 <_vfiprintf_r+0x204>
 8004a72:	6db8      	ldr	r0, [r7, #88]	; 0x58
 8004a74:	f7ff fdd6 	bl	8004624 <__retarget_lock_release_recursive>
 8004a78:	89bb      	ldrh	r3, [r7, #12]
 8004a7a:	065b      	lsls	r3, r3, #25
 8004a7c:	d500      	bpl.n	8004a80 <_vfiprintf_r+0x20c>
 8004a7e:	e71e      	b.n	80048be <_vfiprintf_r+0x4a>
 8004a80:	980d      	ldr	r0, [sp, #52]	; 0x34
 8004a82:	e71e      	b.n	80048c2 <_vfiprintf_r+0x4e>
 8004a84:	aa07      	add	r2, sp, #28
 8004a86:	9200      	str	r2, [sp, #0]
 8004a88:	0021      	movs	r1, r4
 8004a8a:	003a      	movs	r2, r7
 8004a8c:	4b06      	ldr	r3, [pc, #24]	; (8004aa8 <_vfiprintf_r+0x234>)
 8004a8e:	9803      	ldr	r0, [sp, #12]
 8004a90:	f000 f87c 	bl	8004b8c <_printf_i>
 8004a94:	e7e3      	b.n	8004a5e <_vfiprintf_r+0x1ea>
 8004a96:	46c0      	nop			; (mov r8, r8)
 8004a98:	08005368 	.word	0x08005368
 8004a9c:	0800536e 	.word	0x0800536e
 8004aa0:	08005372 	.word	0x08005372
 8004aa4:	00000000 	.word	0x00000000
 8004aa8:	0800484f 	.word	0x0800484f

08004aac <_printf_common>:
 8004aac:	b5f7      	push	{r0, r1, r2, r4, r5, r6, r7, lr}
 8004aae:	0016      	movs	r6, r2
 8004ab0:	9301      	str	r3, [sp, #4]
 8004ab2:	688a      	ldr	r2, [r1, #8]
 8004ab4:	690b      	ldr	r3, [r1, #16]
 8004ab6:	000c      	movs	r4, r1
 8004ab8:	9000      	str	r0, [sp, #0]
 8004aba:	4293      	cmp	r3, r2
 8004abc:	da00      	bge.n	8004ac0 <_printf_common+0x14>
 8004abe:	0013      	movs	r3, r2
 8004ac0:	0022      	movs	r2, r4
 8004ac2:	6033      	str	r3, [r6, #0]
 8004ac4:	3243      	adds	r2, #67	; 0x43
 8004ac6:	7812      	ldrb	r2, [r2, #0]
 8004ac8:	2a00      	cmp	r2, #0
 8004aca:	d001      	beq.n	8004ad0 <_printf_common+0x24>
 8004acc:	3301      	adds	r3, #1
 8004ace:	6033      	str	r3, [r6, #0]
 8004ad0:	6823      	ldr	r3, [r4, #0]
 8004ad2:	069b      	lsls	r3, r3, #26
 8004ad4:	d502      	bpl.n	8004adc <_printf_common+0x30>
 8004ad6:	6833      	ldr	r3, [r6, #0]
 8004ad8:	3302      	adds	r3, #2
 8004ada:	6033      	str	r3, [r6, #0]
 8004adc:	6822      	ldr	r2, [r4, #0]
 8004ade:	2306      	movs	r3, #6
 8004ae0:	0015      	movs	r5, r2
 8004ae2:	401d      	ands	r5, r3
 8004ae4:	421a      	tst	r2, r3
 8004ae6:	d027      	beq.n	8004b38 <_printf_common+0x8c>
 8004ae8:	0023      	movs	r3, r4
 8004aea:	3343      	adds	r3, #67	; 0x43
 8004aec:	781b      	ldrb	r3, [r3, #0]
 8004aee:	1e5a      	subs	r2, r3, #1
 8004af0:	4193      	sbcs	r3, r2
 8004af2:	6822      	ldr	r2, [r4, #0]
 8004af4:	0692      	lsls	r2, r2, #26
 8004af6:	d430      	bmi.n	8004b5a <_printf_common+0xae>
 8004af8:	0022      	movs	r2, r4
 8004afa:	9901      	ldr	r1, [sp, #4]
 8004afc:	9800      	ldr	r0, [sp, #0]
 8004afe:	9d08      	ldr	r5, [sp, #32]
 8004b00:	3243      	adds	r2, #67	; 0x43
 8004b02:	47a8      	blx	r5
 8004b04:	3001      	adds	r0, #1
 8004b06:	d025      	beq.n	8004b54 <_printf_common+0xa8>
 8004b08:	2206      	movs	r2, #6
 8004b0a:	6823      	ldr	r3, [r4, #0]
 8004b0c:	2500      	movs	r5, #0
 8004b0e:	4013      	ands	r3, r2
 8004b10:	2b04      	cmp	r3, #4
 8004b12:	d105      	bne.n	8004b20 <_printf_common+0x74>
 8004b14:	6833      	ldr	r3, [r6, #0]
 8004b16:	68e5      	ldr	r5, [r4, #12]
 8004b18:	1aed      	subs	r5, r5, r3
 8004b1a:	43eb      	mvns	r3, r5
 8004b1c:	17db      	asrs	r3, r3, #31
 8004b1e:	401d      	ands	r5, r3
 8004b20:	68a3      	ldr	r3, [r4, #8]
 8004b22:	6922      	ldr	r2, [r4, #16]
 8004b24:	4293      	cmp	r3, r2
 8004b26:	dd01      	ble.n	8004b2c <_printf_common+0x80>
 8004b28:	1a9b      	subs	r3, r3, r2
 8004b2a:	18ed      	adds	r5, r5, r3
 8004b2c:	2600      	movs	r6, #0
 8004b2e:	42b5      	cmp	r5, r6
 8004b30:	d120      	bne.n	8004b74 <_printf_common+0xc8>
 8004b32:	2000      	movs	r0, #0
 8004b34:	e010      	b.n	8004b58 <_printf_common+0xac>
 8004b36:	3501      	adds	r5, #1
 8004b38:	68e3      	ldr	r3, [r4, #12]
 8004b3a:	6832      	ldr	r2, [r6, #0]
 8004b3c:	1a9b      	subs	r3, r3, r2
 8004b3e:	42ab      	cmp	r3, r5
 8004b40:	ddd2      	ble.n	8004ae8 <_printf_common+0x3c>
 8004b42:	0022      	movs	r2, r4
 8004b44:	2301      	movs	r3, #1
 8004b46:	9901      	ldr	r1, [sp, #4]
 8004b48:	9800      	ldr	r0, [sp, #0]
 8004b4a:	9f08      	ldr	r7, [sp, #32]
 8004b4c:	3219      	adds	r2, #25
 8004b4e:	47b8      	blx	r7
 8004b50:	3001      	adds	r0, #1
 8004b52:	d1f0      	bne.n	8004b36 <_printf_common+0x8a>
 8004b54:	2001      	movs	r0, #1
 8004b56:	4240      	negs	r0, r0
 8004b58:	bdfe      	pop	{r1, r2, r3, r4, r5, r6, r7, pc}
 8004b5a:	2030      	movs	r0, #48	; 0x30
 8004b5c:	18e1      	adds	r1, r4, r3
 8004b5e:	3143      	adds	r1, #67	; 0x43
 8004b60:	7008      	strb	r0, [r1, #0]
 8004b62:	0021      	movs	r1, r4
 8004b64:	1c5a      	adds	r2, r3, #1
 8004b66:	3145      	adds	r1, #69	; 0x45
 8004b68:	7809      	ldrb	r1, [r1, #0]
 8004b6a:	18a2      	adds	r2, r4, r2
 8004b6c:	3243      	adds	r2, #67	; 0x43
 8004b6e:	3302      	adds	r3, #2
 8004b70:	7011      	strb	r1, [r2, #0]
 8004b72:	e7c1      	b.n	8004af8 <_printf_common+0x4c>
 8004b74:	0022      	movs	r2, r4
 8004b76:	2301      	movs	r3, #1
 8004b78:	9901      	ldr	r1, [sp, #4]
 8004b7a:	9800      	ldr	r0, [sp, #0]
 8004b7c:	9f08      	ldr	r7, [sp, #32]
 8004b7e:	321a      	adds	r2, #26
 8004b80:	47b8      	blx	r7
 8004b82:	3001      	adds	r0, #1
 8004b84:	d0e6      	beq.n	8004b54 <_printf_common+0xa8>
 8004b86:	3601      	adds	r6, #1
 8004b88:	e7d1      	b.n	8004b2e <_printf_common+0x82>
	...

08004b8c <_printf_i>:
 8004b8c:	b5f0      	push	{r4, r5, r6, r7, lr}
 8004b8e:	b08b      	sub	sp, #44	; 0x2c
 8004b90:	9206      	str	r2, [sp, #24]
 8004b92:	000a      	movs	r2, r1
 8004b94:	3243      	adds	r2, #67	; 0x43
 8004b96:	9307      	str	r3, [sp, #28]
 8004b98:	9005      	str	r0, [sp, #20]
 8004b9a:	9204      	str	r2, [sp, #16]
 8004b9c:	7e0a      	ldrb	r2, [r1, #24]
 8004b9e:	000c      	movs	r4, r1
 8004ba0:	9b10      	ldr	r3, [sp, #64]	; 0x40
 8004ba2:	2a78      	cmp	r2, #120	; 0x78
 8004ba4:	d809      	bhi.n	8004bba <_printf_i+0x2e>
 8004ba6:	2a62      	cmp	r2, #98	; 0x62
 8004ba8:	d80b      	bhi.n	8004bc2 <_printf_i+0x36>
 8004baa:	2a00      	cmp	r2, #0
 8004bac:	d100      	bne.n	8004bb0 <_printf_i+0x24>
 8004bae:	e0c8      	b.n	8004d42 <_printf_i+0x1b6>
 8004bb0:	4981      	ldr	r1, [pc, #516]	; (8004db8 <_printf_i+0x22c>)
 8004bb2:	9103      	str	r1, [sp, #12]
 8004bb4:	2a58      	cmp	r2, #88	; 0x58
 8004bb6:	d100      	bne.n	8004bba <_printf_i+0x2e>
 8004bb8:	e09c      	b.n	8004cf4 <_printf_i+0x168>
 8004bba:	0025      	movs	r5, r4
 8004bbc:	3542      	adds	r5, #66	; 0x42
 8004bbe:	702a      	strb	r2, [r5, #0]
 8004bc0:	e022      	b.n	8004c08 <_printf_i+0x7c>
 8004bc2:	0010      	movs	r0, r2
 8004bc4:	3863      	subs	r0, #99	; 0x63
 8004bc6:	2815      	cmp	r0, #21
 8004bc8:	d8f7      	bhi.n	8004bba <_printf_i+0x2e>
 8004bca:	f7fb fb03 	bl	80001d4 <__gnu_thumb1_case_shi>
 8004bce:	0016      	.short	0x0016
 8004bd0:	fff6001f 	.word	0xfff6001f
 8004bd4:	fff6fff6 	.word	0xfff6fff6
 8004bd8:	001ffff6 	.word	0x001ffff6
 8004bdc:	fff6fff6 	.word	0xfff6fff6
 8004be0:	fff6fff6 	.word	0xfff6fff6
 8004be4:	004f00ad 	.word	0x004f00ad
 8004be8:	fff6008c 	.word	0xfff6008c
 8004bec:	00befff6 	.word	0x00befff6
 8004bf0:	004ffff6 	.word	0x004ffff6
 8004bf4:	fff6fff6 	.word	0xfff6fff6
 8004bf8:	0090      	.short	0x0090
 8004bfa:	0025      	movs	r5, r4
 8004bfc:	681a      	ldr	r2, [r3, #0]
 8004bfe:	3542      	adds	r5, #66	; 0x42
 8004c00:	1d11      	adds	r1, r2, #4
 8004c02:	6019      	str	r1, [r3, #0]
 8004c04:	6813      	ldr	r3, [r2, #0]
 8004c06:	702b      	strb	r3, [r5, #0]
 8004c08:	2301      	movs	r3, #1
 8004c0a:	e0ac      	b.n	8004d66 <_printf_i+0x1da>
 8004c0c:	6818      	ldr	r0, [r3, #0]
 8004c0e:	6809      	ldr	r1, [r1, #0]
 8004c10:	1d02      	adds	r2, r0, #4
 8004c12:	060d      	lsls	r5, r1, #24
 8004c14:	d51f      	bpl.n	8004c56 <_printf_i+0xca>
 8004c16:	6806      	ldr	r6, [r0, #0]
 8004c18:	601a      	str	r2, [r3, #0]
 8004c1a:	4a67      	ldr	r2, [pc, #412]	; (8004db8 <_printf_i+0x22c>)
 8004c1c:	270a      	movs	r7, #10
 8004c1e:	6861      	ldr	r1, [r4, #4]
 8004c20:	9203      	str	r2, [sp, #12]
 8004c22:	2e00      	cmp	r6, #0
 8004c24:	da35      	bge.n	8004c92 <_printf_i+0x106>
 8004c26:	0023      	movs	r3, r4
 8004c28:	202d      	movs	r0, #45	; 0x2d
 8004c2a:	3343      	adds	r3, #67	; 0x43
 8004c2c:	7018      	strb	r0, [r3, #0]
 8004c2e:	60a1      	str	r1, [r4, #8]
 8004c30:	2900      	cmp	r1, #0
 8004c32:	da16      	bge.n	8004c62 <_printf_i+0xd6>
 8004c34:	270a      	movs	r7, #10
 8004c36:	4276      	negs	r6, r6
 8004c38:	9203      	str	r2, [sp, #12]
 8004c3a:	9d04      	ldr	r5, [sp, #16]
 8004c3c:	0030      	movs	r0, r6
 8004c3e:	0039      	movs	r1, r7
 8004c40:	f7fb fac2 	bl	80001c8 <__aeabi_uidivmod>
 8004c44:	9b03      	ldr	r3, [sp, #12]
 8004c46:	3d01      	subs	r5, #1
 8004c48:	5c5b      	ldrb	r3, [r3, r1]
 8004c4a:	702b      	strb	r3, [r5, #0]
 8004c4c:	0033      	movs	r3, r6
 8004c4e:	0006      	movs	r6, r0
 8004c50:	429f      	cmp	r7, r3
 8004c52:	d9f3      	bls.n	8004c3c <_printf_i+0xb0>
 8004c54:	e02a      	b.n	8004cac <_printf_i+0x120>
 8004c56:	6806      	ldr	r6, [r0, #0]
 8004c58:	601a      	str	r2, [r3, #0]
 8004c5a:	0649      	lsls	r1, r1, #25
 8004c5c:	d5dd      	bpl.n	8004c1a <_printf_i+0x8e>
 8004c5e:	b236      	sxth	r6, r6
 8004c60:	e7db      	b.n	8004c1a <_printf_i+0x8e>
 8004c62:	2104      	movs	r1, #4
 8004c64:	6823      	ldr	r3, [r4, #0]
 8004c66:	438b      	bics	r3, r1
 8004c68:	6023      	str	r3, [r4, #0]
 8004c6a:	e7e3      	b.n	8004c34 <_printf_i+0xa8>
 8004c6c:	6808      	ldr	r0, [r1, #0]
 8004c6e:	6819      	ldr	r1, [r3, #0]
 8004c70:	c940      	ldmia	r1!, {r6}
 8004c72:	0605      	lsls	r5, r0, #24
 8004c74:	d402      	bmi.n	8004c7c <_printf_i+0xf0>
 8004c76:	0640      	lsls	r0, r0, #25
 8004c78:	d500      	bpl.n	8004c7c <_printf_i+0xf0>
 8004c7a:	b2b6      	uxth	r6, r6
 8004c7c:	6019      	str	r1, [r3, #0]
 8004c7e:	4b4e      	ldr	r3, [pc, #312]	; (8004db8 <_printf_i+0x22c>)
 8004c80:	270a      	movs	r7, #10
 8004c82:	9303      	str	r3, [sp, #12]
 8004c84:	2a6f      	cmp	r2, #111	; 0x6f
 8004c86:	d100      	bne.n	8004c8a <_printf_i+0xfe>
 8004c88:	3f02      	subs	r7, #2
 8004c8a:	0023      	movs	r3, r4
 8004c8c:	2200      	movs	r2, #0
 8004c8e:	3343      	adds	r3, #67	; 0x43
 8004c90:	701a      	strb	r2, [r3, #0]
 8004c92:	6863      	ldr	r3, [r4, #4]
 8004c94:	60a3      	str	r3, [r4, #8]
 8004c96:	2b00      	cmp	r3, #0
 8004c98:	dbcf      	blt.n	8004c3a <_printf_i+0xae>
 8004c9a:	2104      	movs	r1, #4
 8004c9c:	6822      	ldr	r2, [r4, #0]
 8004c9e:	438a      	bics	r2, r1
 8004ca0:	6022      	str	r2, [r4, #0]
 8004ca2:	2e00      	cmp	r6, #0
 8004ca4:	d1c9      	bne.n	8004c3a <_printf_i+0xae>
 8004ca6:	9d04      	ldr	r5, [sp, #16]
 8004ca8:	2b00      	cmp	r3, #0
 8004caa:	d1c6      	bne.n	8004c3a <_printf_i+0xae>
 8004cac:	2f08      	cmp	r7, #8
 8004cae:	d109      	bne.n	8004cc4 <_printf_i+0x138>
 8004cb0:	6823      	ldr	r3, [r4, #0]
 8004cb2:	07db      	lsls	r3, r3, #31
 8004cb4:	d506      	bpl.n	8004cc4 <_printf_i+0x138>
 8004cb6:	6862      	ldr	r2, [r4, #4]
 8004cb8:	6923      	ldr	r3, [r4, #16]
 8004cba:	429a      	cmp	r2, r3
 8004cbc:	dc02      	bgt.n	8004cc4 <_printf_i+0x138>
 8004cbe:	2330      	movs	r3, #48	; 0x30
 8004cc0:	3d01      	subs	r5, #1
 8004cc2:	702b      	strb	r3, [r5, #0]
 8004cc4:	9b04      	ldr	r3, [sp, #16]
 8004cc6:	1b5b      	subs	r3, r3, r5
 8004cc8:	6123      	str	r3, [r4, #16]
 8004cca:	9b07      	ldr	r3, [sp, #28]
 8004ccc:	0021      	movs	r1, r4
 8004cce:	9300      	str	r3, [sp, #0]
 8004cd0:	9805      	ldr	r0, [sp, #20]
 8004cd2:	9b06      	ldr	r3, [sp, #24]
 8004cd4:	aa09      	add	r2, sp, #36	; 0x24
 8004cd6:	f7ff fee9 	bl	8004aac <_printf_common>
 8004cda:	3001      	adds	r0, #1
 8004cdc:	d148      	bne.n	8004d70 <_printf_i+0x1e4>
 8004cde:	2001      	movs	r0, #1
 8004ce0:	4240      	negs	r0, r0
 8004ce2:	b00b      	add	sp, #44	; 0x2c
 8004ce4:	bdf0      	pop	{r4, r5, r6, r7, pc}
 8004ce6:	2220      	movs	r2, #32
 8004ce8:	6809      	ldr	r1, [r1, #0]
 8004cea:	430a      	orrs	r2, r1
 8004cec:	6022      	str	r2, [r4, #0]
 8004cee:	2278      	movs	r2, #120	; 0x78
 8004cf0:	4932      	ldr	r1, [pc, #200]	; (8004dbc <_printf_i+0x230>)
 8004cf2:	9103      	str	r1, [sp, #12]
 8004cf4:	0021      	movs	r1, r4
 8004cf6:	3145      	adds	r1, #69	; 0x45
 8004cf8:	700a      	strb	r2, [r1, #0]
 8004cfa:	6819      	ldr	r1, [r3, #0]
 8004cfc:	6822      	ldr	r2, [r4, #0]
 8004cfe:	c940      	ldmia	r1!, {r6}
 8004d00:	0610      	lsls	r0, r2, #24
 8004d02:	d402      	bmi.n	8004d0a <_printf_i+0x17e>
 8004d04:	0650      	lsls	r0, r2, #25
 8004d06:	d500      	bpl.n	8004d0a <_printf_i+0x17e>
 8004d08:	b2b6      	uxth	r6, r6
 8004d0a:	6019      	str	r1, [r3, #0]
 8004d0c:	07d3      	lsls	r3, r2, #31
 8004d0e:	d502      	bpl.n	8004d16 <_printf_i+0x18a>
 8004d10:	2320      	movs	r3, #32
 8004d12:	4313      	orrs	r3, r2
 8004d14:	6023      	str	r3, [r4, #0]
 8004d16:	2e00      	cmp	r6, #0
 8004d18:	d001      	beq.n	8004d1e <_printf_i+0x192>
 8004d1a:	2710      	movs	r7, #16
 8004d1c:	e7b5      	b.n	8004c8a <_printf_i+0xfe>
 8004d1e:	2220      	movs	r2, #32
 8004d20:	6823      	ldr	r3, [r4, #0]
 8004d22:	4393      	bics	r3, r2
 8004d24:	6023      	str	r3, [r4, #0]
 8004d26:	e7f8      	b.n	8004d1a <_printf_i+0x18e>
 8004d28:	681a      	ldr	r2, [r3, #0]
 8004d2a:	680d      	ldr	r5, [r1, #0]
 8004d2c:	1d10      	adds	r0, r2, #4
 8004d2e:	6949      	ldr	r1, [r1, #20]
 8004d30:	6018      	str	r0, [r3, #0]
 8004d32:	6813      	ldr	r3, [r2, #0]
 8004d34:	062e      	lsls	r6, r5, #24
 8004d36:	d501      	bpl.n	8004d3c <_printf_i+0x1b0>
 8004d38:	6019      	str	r1, [r3, #0]
 8004d3a:	e002      	b.n	8004d42 <_printf_i+0x1b6>
 8004d3c:	066d      	lsls	r5, r5, #25
 8004d3e:	d5fb      	bpl.n	8004d38 <_printf_i+0x1ac>
 8004d40:	8019      	strh	r1, [r3, #0]
 8004d42:	2300      	movs	r3, #0
 8004d44:	9d04      	ldr	r5, [sp, #16]
 8004d46:	6123      	str	r3, [r4, #16]
 8004d48:	e7bf      	b.n	8004cca <_printf_i+0x13e>
 8004d4a:	681a      	ldr	r2, [r3, #0]
 8004d4c:	1d11      	adds	r1, r2, #4
 8004d4e:	6019      	str	r1, [r3, #0]
 8004d50:	6815      	ldr	r5, [r2, #0]
 8004d52:	2100      	movs	r1, #0
 8004d54:	0028      	movs	r0, r5
 8004d56:	6862      	ldr	r2, [r4, #4]
 8004d58:	f000 f99e 	bl	8005098 <memchr>
 8004d5c:	2800      	cmp	r0, #0
 8004d5e:	d001      	beq.n	8004d64 <_printf_i+0x1d8>
 8004d60:	1b40      	subs	r0, r0, r5
 8004d62:	6060      	str	r0, [r4, #4]
 8004d64:	6863      	ldr	r3, [r4, #4]
 8004d66:	6123      	str	r3, [r4, #16]
 8004d68:	2300      	movs	r3, #0
 8004d6a:	9a04      	ldr	r2, [sp, #16]
 8004d6c:	7013      	strb	r3, [r2, #0]
 8004d6e:	e7ac      	b.n	8004cca <_printf_i+0x13e>
 8004d70:	002a      	movs	r2, r5
 8004d72:	6923      	ldr	r3, [r4, #16]
 8004d74:	9906      	ldr	r1, [sp, #24]
 8004d76:	9805      	ldr	r0, [sp, #20]
 8004d78:	9d07      	ldr	r5, [sp, #28]
 8004d7a:	47a8      	blx	r5
 8004d7c:	3001      	adds	r0, #1
 8004d7e:	d0ae      	beq.n	8004cde <_printf_i+0x152>
 8004d80:	6823      	ldr	r3, [r4, #0]
 8004d82:	079b      	lsls	r3, r3, #30
 8004d84:	d415      	bmi.n	8004db2 <_printf_i+0x226>
 8004d86:	9b09      	ldr	r3, [sp, #36]	; 0x24
 8004d88:	68e0      	ldr	r0, [r4, #12]
 8004d8a:	4298      	cmp	r0, r3
 8004d8c:	daa9      	bge.n	8004ce2 <_printf_i+0x156>
 8004d8e:	0018      	movs	r0, r3
 8004d90:	e7a7      	b.n	8004ce2 <_printf_i+0x156>
 8004d92:	0022      	movs	r2, r4
 8004d94:	2301      	movs	r3, #1
 8004d96:	9906      	ldr	r1, [sp, #24]
 8004d98:	9805      	ldr	r0, [sp, #20]
 8004d9a:	9e07      	ldr	r6, [sp, #28]
 8004d9c:	3219      	adds	r2, #25
 8004d9e:	47b0      	blx	r6
 8004da0:	3001      	adds	r0, #1
 8004da2:	d09c      	beq.n	8004cde <_printf_i+0x152>
 8004da4:	3501      	adds	r5, #1
 8004da6:	68e3      	ldr	r3, [r4, #12]
 8004da8:	9a09      	ldr	r2, [sp, #36]	; 0x24
 8004daa:	1a9b      	subs	r3, r3, r2
 8004dac:	42ab      	cmp	r3, r5
 8004dae:	dcf0      	bgt.n	8004d92 <_printf_i+0x206>
 8004db0:	e7e9      	b.n	8004d86 <_printf_i+0x1fa>
 8004db2:	2500      	movs	r5, #0
 8004db4:	e7f7      	b.n	8004da6 <_printf_i+0x21a>
 8004db6:	46c0      	nop			; (mov r8, r8)
 8004db8:	08005379 	.word	0x08005379
 8004dbc:	0800538a 	.word	0x0800538a

08004dc0 <__sflush_r>:
 8004dc0:	b5f7      	push	{r0, r1, r2, r4, r5, r6, r7, lr}
 8004dc2:	220c      	movs	r2, #12
 8004dc4:	5e8b      	ldrsh	r3, [r1, r2]
 8004dc6:	0005      	movs	r5, r0
 8004dc8:	000c      	movs	r4, r1
 8004dca:	071a      	lsls	r2, r3, #28
 8004dcc:	d461      	bmi.n	8004e92 <__sflush_r+0xd2>
 8004dce:	684a      	ldr	r2, [r1, #4]
 8004dd0:	2a00      	cmp	r2, #0
 8004dd2:	dc02      	bgt.n	8004dda <__sflush_r+0x1a>
 8004dd4:	6c0a      	ldr	r2, [r1, #64]	; 0x40
 8004dd6:	2a00      	cmp	r2, #0
 8004dd8:	dd42      	ble.n	8004e60 <__sflush_r+0xa0>
 8004dda:	6ae7      	ldr	r7, [r4, #44]	; 0x2c
 8004ddc:	2f00      	cmp	r7, #0
 8004dde:	d03f      	beq.n	8004e60 <__sflush_r+0xa0>
 8004de0:	2200      	movs	r2, #0
 8004de2:	2080      	movs	r0, #128	; 0x80
 8004de4:	682e      	ldr	r6, [r5, #0]
 8004de6:	602a      	str	r2, [r5, #0]
 8004de8:	001a      	movs	r2, r3
 8004dea:	0140      	lsls	r0, r0, #5
 8004dec:	6a21      	ldr	r1, [r4, #32]
 8004dee:	4002      	ands	r2, r0
 8004df0:	4203      	tst	r3, r0
 8004df2:	d027      	beq.n	8004e44 <__sflush_r+0x84>
 8004df4:	6d62      	ldr	r2, [r4, #84]	; 0x54
 8004df6:	89a3      	ldrh	r3, [r4, #12]
 8004df8:	075b      	lsls	r3, r3, #29
 8004dfa:	d506      	bpl.n	8004e0a <__sflush_r+0x4a>
 8004dfc:	6863      	ldr	r3, [r4, #4]
 8004dfe:	1ad2      	subs	r2, r2, r3
 8004e00:	6b63      	ldr	r3, [r4, #52]	; 0x34
 8004e02:	2b00      	cmp	r3, #0
 8004e04:	d001      	beq.n	8004e0a <__sflush_r+0x4a>
 8004e06:	6c23      	ldr	r3, [r4, #64]	; 0x40
 8004e08:	1ad2      	subs	r2, r2, r3
 8004e0a:	2300      	movs	r3, #0
 8004e0c:	0028      	movs	r0, r5
 8004e0e:	6ae7      	ldr	r7, [r4, #44]	; 0x2c
 8004e10:	6a21      	ldr	r1, [r4, #32]
 8004e12:	47b8      	blx	r7
 8004e14:	1c43      	adds	r3, r0, #1
 8004e16:	d025      	beq.n	8004e64 <__sflush_r+0xa4>
 8004e18:	2300      	movs	r3, #0
 8004e1a:	6063      	str	r3, [r4, #4]
 8004e1c:	6923      	ldr	r3, [r4, #16]
 8004e1e:	6023      	str	r3, [r4, #0]
 8004e20:	89a3      	ldrh	r3, [r4, #12]
 8004e22:	04db      	lsls	r3, r3, #19
 8004e24:	d500      	bpl.n	8004e28 <__sflush_r+0x68>
 8004e26:	6560      	str	r0, [r4, #84]	; 0x54
 8004e28:	6b61      	ldr	r1, [r4, #52]	; 0x34
 8004e2a:	602e      	str	r6, [r5, #0]
 8004e2c:	2900      	cmp	r1, #0
 8004e2e:	d017      	beq.n	8004e60 <__sflush_r+0xa0>
 8004e30:	0023      	movs	r3, r4
 8004e32:	3344      	adds	r3, #68	; 0x44
 8004e34:	4299      	cmp	r1, r3
 8004e36:	d002      	beq.n	8004e3e <__sflush_r+0x7e>
 8004e38:	0028      	movs	r0, r5
 8004e3a:	f7ff fbfd 	bl	8004638 <_free_r>
 8004e3e:	2300      	movs	r3, #0
 8004e40:	6363      	str	r3, [r4, #52]	; 0x34
 8004e42:	e00d      	b.n	8004e60 <__sflush_r+0xa0>
 8004e44:	2301      	movs	r3, #1
 8004e46:	0028      	movs	r0, r5
 8004e48:	47b8      	blx	r7
 8004e4a:	0002      	movs	r2, r0
 8004e4c:	1c43      	adds	r3, r0, #1
 8004e4e:	d1d2      	bne.n	8004df6 <__sflush_r+0x36>
 8004e50:	682b      	ldr	r3, [r5, #0]
 8004e52:	2b00      	cmp	r3, #0
 8004e54:	d0cf      	beq.n	8004df6 <__sflush_r+0x36>
 8004e56:	2b1d      	cmp	r3, #29
 8004e58:	d001      	beq.n	8004e5e <__sflush_r+0x9e>
 8004e5a:	2b16      	cmp	r3, #22
 8004e5c:	d131      	bne.n	8004ec2 <__sflush_r+0x102>
 8004e5e:	602e      	str	r6, [r5, #0]
 8004e60:	2000      	movs	r0, #0
 8004e62:	e035      	b.n	8004ed0 <__sflush_r+0x110>
 8004e64:	682b      	ldr	r3, [r5, #0]
 8004e66:	210c      	movs	r1, #12
 8004e68:	5e62      	ldrsh	r2, [r4, r1]
 8004e6a:	2b00      	cmp	r3, #0
 8004e6c:	d008      	beq.n	8004e80 <__sflush_r+0xc0>
 8004e6e:	2b1d      	cmp	r3, #29
 8004e70:	d001      	beq.n	8004e76 <__sflush_r+0xb6>
 8004e72:	2b16      	cmp	r3, #22
 8004e74:	d10a      	bne.n	8004e8c <__sflush_r+0xcc>
 8004e76:	2300      	movs	r3, #0
 8004e78:	6063      	str	r3, [r4, #4]
 8004e7a:	6923      	ldr	r3, [r4, #16]
 8004e7c:	6023      	str	r3, [r4, #0]
 8004e7e:	e7d3      	b.n	8004e28 <__sflush_r+0x68>
 8004e80:	6063      	str	r3, [r4, #4]
 8004e82:	6923      	ldr	r3, [r4, #16]
 8004e84:	6023      	str	r3, [r4, #0]
 8004e86:	04d2      	lsls	r2, r2, #19
 8004e88:	d4cd      	bmi.n	8004e26 <__sflush_r+0x66>
 8004e8a:	e7cd      	b.n	8004e28 <__sflush_r+0x68>
 8004e8c:	2340      	movs	r3, #64	; 0x40
 8004e8e:	4313      	orrs	r3, r2
 8004e90:	e01b      	b.n	8004eca <__sflush_r+0x10a>
 8004e92:	690e      	ldr	r6, [r1, #16]
 8004e94:	2e00      	cmp	r6, #0
 8004e96:	d0e3      	beq.n	8004e60 <__sflush_r+0xa0>
 8004e98:	680f      	ldr	r7, [r1, #0]
 8004e9a:	600e      	str	r6, [r1, #0]
 8004e9c:	1bba      	subs	r2, r7, r6
 8004e9e:	9201      	str	r2, [sp, #4]
 8004ea0:	2200      	movs	r2, #0
 8004ea2:	079b      	lsls	r3, r3, #30
 8004ea4:	d100      	bne.n	8004ea8 <__sflush_r+0xe8>
 8004ea6:	694a      	ldr	r2, [r1, #20]
 8004ea8:	60a2      	str	r2, [r4, #8]
 8004eaa:	9b01      	ldr	r3, [sp, #4]
 8004eac:	2b00      	cmp	r3, #0
 8004eae:	ddd7      	ble.n	8004e60 <__sflush_r+0xa0>
 8004eb0:	6aa3      	ldr	r3, [r4, #40]	; 0x28
 8004eb2:	0032      	movs	r2, r6
 8004eb4:	001f      	movs	r7, r3
 8004eb6:	0028      	movs	r0, r5
 8004eb8:	9b01      	ldr	r3, [sp, #4]
 8004eba:	6a21      	ldr	r1, [r4, #32]
 8004ebc:	47b8      	blx	r7
 8004ebe:	2800      	cmp	r0, #0
 8004ec0:	dc07      	bgt.n	8004ed2 <__sflush_r+0x112>
 8004ec2:	2340      	movs	r3, #64	; 0x40
 8004ec4:	89a2      	ldrh	r2, [r4, #12]
 8004ec6:	4313      	orrs	r3, r2
 8004ec8:	b21b      	sxth	r3, r3
 8004eca:	2001      	movs	r0, #1
 8004ecc:	81a3      	strh	r3, [r4, #12]
 8004ece:	4240      	negs	r0, r0
 8004ed0:	bdfe      	pop	{r1, r2, r3, r4, r5, r6, r7, pc}
 8004ed2:	9b01      	ldr	r3, [sp, #4]
 8004ed4:	1836      	adds	r6, r6, r0
 8004ed6:	1a1b      	subs	r3, r3, r0
 8004ed8:	9301      	str	r3, [sp, #4]
 8004eda:	e7e6      	b.n	8004eaa <__sflush_r+0xea>

08004edc <_fflush_r>:
 8004edc:	690b      	ldr	r3, [r1, #16]
 8004ede:	b570      	push	{r4, r5, r6, lr}
 8004ee0:	0005      	movs	r5, r0
 8004ee2:	000c      	movs	r4, r1
 8004ee4:	2b00      	cmp	r3, #0
 8004ee6:	d102      	bne.n	8004eee <_fflush_r+0x12>
 8004ee8:	2500      	movs	r5, #0
 8004eea:	0028      	movs	r0, r5
 8004eec:	bd70      	pop	{r4, r5, r6, pc}
 8004eee:	2800      	cmp	r0, #0
 8004ef0:	d004      	beq.n	8004efc <_fflush_r+0x20>
 8004ef2:	6a03      	ldr	r3, [r0, #32]
 8004ef4:	2b00      	cmp	r3, #0
 8004ef6:	d101      	bne.n	8004efc <_fflush_r+0x20>
 8004ef8:	f7ff fa96 	bl	8004428 <__sinit>
 8004efc:	220c      	movs	r2, #12
 8004efe:	5ea3      	ldrsh	r3, [r4, r2]
 8004f00:	2b00      	cmp	r3, #0
 8004f02:	d0f1      	beq.n	8004ee8 <_fflush_r+0xc>
 8004f04:	6e62      	ldr	r2, [r4, #100]	; 0x64
 8004f06:	07d2      	lsls	r2, r2, #31
 8004f08:	d404      	bmi.n	8004f14 <_fflush_r+0x38>
 8004f0a:	059b      	lsls	r3, r3, #22
 8004f0c:	d402      	bmi.n	8004f14 <_fflush_r+0x38>
 8004f0e:	6da0      	ldr	r0, [r4, #88]	; 0x58
 8004f10:	f7ff fb87 	bl	8004622 <__retarget_lock_acquire_recursive>
 8004f14:	0028      	movs	r0, r5
 8004f16:	0021      	movs	r1, r4
 8004f18:	f7ff ff52 	bl	8004dc0 <__sflush_r>
 8004f1c:	6e63      	ldr	r3, [r4, #100]	; 0x64
 8004f1e:	0005      	movs	r5, r0
 8004f20:	07db      	lsls	r3, r3, #31
 8004f22:	d4e2      	bmi.n	8004eea <_fflush_r+0xe>
 8004f24:	89a3      	ldrh	r3, [r4, #12]
 8004f26:	059b      	lsls	r3, r3, #22
 8004f28:	d4df      	bmi.n	8004eea <_fflush_r+0xe>
 8004f2a:	6da0      	ldr	r0, [r4, #88]	; 0x58
 8004f2c:	f7ff fb7a 	bl	8004624 <__retarget_lock_release_recursive>
 8004f30:	e7db      	b.n	8004eea <_fflush_r+0xe>

08004f32 <__swbuf_r>:
 8004f32:	b5f8      	push	{r3, r4, r5, r6, r7, lr}
 8004f34:	0006      	movs	r6, r0
 8004f36:	000d      	movs	r5, r1
 8004f38:	0014      	movs	r4, r2
 8004f3a:	2800      	cmp	r0, #0
 8004f3c:	d004      	beq.n	8004f48 <__swbuf_r+0x16>
 8004f3e:	6a03      	ldr	r3, [r0, #32]
 8004f40:	2b00      	cmp	r3, #0
 8004f42:	d101      	bne.n	8004f48 <__swbuf_r+0x16>
 8004f44:	f7ff fa70 	bl	8004428 <__sinit>
 8004f48:	69a3      	ldr	r3, [r4, #24]
 8004f4a:	60a3      	str	r3, [r4, #8]
 8004f4c:	89a3      	ldrh	r3, [r4, #12]
 8004f4e:	071b      	lsls	r3, r3, #28
 8004f50:	d502      	bpl.n	8004f58 <__swbuf_r+0x26>
 8004f52:	6923      	ldr	r3, [r4, #16]
 8004f54:	2b00      	cmp	r3, #0
 8004f56:	d109      	bne.n	8004f6c <__swbuf_r+0x3a>
 8004f58:	0021      	movs	r1, r4
 8004f5a:	0030      	movs	r0, r6
 8004f5c:	f000 f82c 	bl	8004fb8 <__swsetup_r>
 8004f60:	2800      	cmp	r0, #0
 8004f62:	d003      	beq.n	8004f6c <__swbuf_r+0x3a>
 8004f64:	2501      	movs	r5, #1
 8004f66:	426d      	negs	r5, r5
 8004f68:	0028      	movs	r0, r5
 8004f6a:	bdf8      	pop	{r3, r4, r5, r6, r7, pc}
 8004f6c:	6923      	ldr	r3, [r4, #16]
 8004f6e:	6820      	ldr	r0, [r4, #0]
 8004f70:	b2ef      	uxtb	r7, r5
 8004f72:	1ac0      	subs	r0, r0, r3
 8004f74:	6963      	ldr	r3, [r4, #20]
 8004f76:	b2ed      	uxtb	r5, r5
 8004f78:	4283      	cmp	r3, r0
 8004f7a:	dc05      	bgt.n	8004f88 <__swbuf_r+0x56>
 8004f7c:	0021      	movs	r1, r4
 8004f7e:	0030      	movs	r0, r6
 8004f80:	f7ff ffac 	bl	8004edc <_fflush_r>
 8004f84:	2800      	cmp	r0, #0
 8004f86:	d1ed      	bne.n	8004f64 <__swbuf_r+0x32>
 8004f88:	68a3      	ldr	r3, [r4, #8]
 8004f8a:	3001      	adds	r0, #1
 8004f8c:	3b01      	subs	r3, #1
 8004f8e:	60a3      	str	r3, [r4, #8]
 8004f90:	6823      	ldr	r3, [r4, #0]
 8004f92:	1c5a      	adds	r2, r3, #1
 8004f94:	6022      	str	r2, [r4, #0]
 8004f96:	701f      	strb	r7, [r3, #0]
 8004f98:	6963      	ldr	r3, [r4, #20]
 8004f9a:	4283      	cmp	r3, r0
 8004f9c:	d004      	beq.n	8004fa8 <__swbuf_r+0x76>
 8004f9e:	89a3      	ldrh	r3, [r4, #12]
 8004fa0:	07db      	lsls	r3, r3, #31
 8004fa2:	d5e1      	bpl.n	8004f68 <__swbuf_r+0x36>
 8004fa4:	2d0a      	cmp	r5, #10
 8004fa6:	d1df      	bne.n	8004f68 <__swbuf_r+0x36>
 8004fa8:	0021      	movs	r1, r4
 8004faa:	0030      	movs	r0, r6
 8004fac:	f7ff ff96 	bl	8004edc <_fflush_r>
 8004fb0:	2800      	cmp	r0, #0
 8004fb2:	d0d9      	beq.n	8004f68 <__swbuf_r+0x36>
 8004fb4:	e7d6      	b.n	8004f64 <__swbuf_r+0x32>
	...

08004fb8 <__swsetup_r>:
 8004fb8:	4b2d      	ldr	r3, [pc, #180]	; (8005070 <__swsetup_r+0xb8>)
 8004fba:	b570      	push	{r4, r5, r6, lr}
 8004fbc:	0005      	movs	r5, r0
 8004fbe:	6818      	ldr	r0, [r3, #0]
 8004fc0:	000c      	movs	r4, r1
 8004fc2:	2800      	cmp	r0, #0
 8004fc4:	d004      	beq.n	8004fd0 <__swsetup_r+0x18>
 8004fc6:	6a03      	ldr	r3, [r0, #32]
 8004fc8:	2b00      	cmp	r3, #0
 8004fca:	d101      	bne.n	8004fd0 <__swsetup_r+0x18>
 8004fcc:	f7ff fa2c 	bl	8004428 <__sinit>
 8004fd0:	230c      	movs	r3, #12
 8004fd2:	5ee2      	ldrsh	r2, [r4, r3]
 8004fd4:	0713      	lsls	r3, r2, #28
 8004fd6:	d423      	bmi.n	8005020 <__swsetup_r+0x68>
 8004fd8:	06d3      	lsls	r3, r2, #27
 8004fda:	d407      	bmi.n	8004fec <__swsetup_r+0x34>
 8004fdc:	2309      	movs	r3, #9
 8004fde:	602b      	str	r3, [r5, #0]
 8004fe0:	2340      	movs	r3, #64	; 0x40
 8004fe2:	2001      	movs	r0, #1
 8004fe4:	4313      	orrs	r3, r2
 8004fe6:	81a3      	strh	r3, [r4, #12]
 8004fe8:	4240      	negs	r0, r0
 8004fea:	e03a      	b.n	8005062 <__swsetup_r+0xaa>
 8004fec:	0752      	lsls	r2, r2, #29
 8004fee:	d513      	bpl.n	8005018 <__swsetup_r+0x60>
 8004ff0:	6b61      	ldr	r1, [r4, #52]	; 0x34
 8004ff2:	2900      	cmp	r1, #0
 8004ff4:	d008      	beq.n	8005008 <__swsetup_r+0x50>
 8004ff6:	0023      	movs	r3, r4
 8004ff8:	3344      	adds	r3, #68	; 0x44
 8004ffa:	4299      	cmp	r1, r3
 8004ffc:	d002      	beq.n	8005004 <__swsetup_r+0x4c>
 8004ffe:	0028      	movs	r0, r5
 8005000:	f7ff fb1a 	bl	8004638 <_free_r>
 8005004:	2300      	movs	r3, #0
 8005006:	6363      	str	r3, [r4, #52]	; 0x34
 8005008:	2224      	movs	r2, #36	; 0x24
 800500a:	89a3      	ldrh	r3, [r4, #12]
 800500c:	4393      	bics	r3, r2
 800500e:	81a3      	strh	r3, [r4, #12]
 8005010:	2300      	movs	r3, #0
 8005012:	6063      	str	r3, [r4, #4]
 8005014:	6923      	ldr	r3, [r4, #16]
 8005016:	6023      	str	r3, [r4, #0]
 8005018:	2308      	movs	r3, #8
 800501a:	89a2      	ldrh	r2, [r4, #12]
 800501c:	4313      	orrs	r3, r2
 800501e:	81a3      	strh	r3, [r4, #12]
 8005020:	6923      	ldr	r3, [r4, #16]
 8005022:	2b00      	cmp	r3, #0
 8005024:	d10b      	bne.n	800503e <__swsetup_r+0x86>
 8005026:	21a0      	movs	r1, #160	; 0xa0
 8005028:	2280      	movs	r2, #128	; 0x80
 800502a:	89a3      	ldrh	r3, [r4, #12]
 800502c:	0089      	lsls	r1, r1, #2
 800502e:	0092      	lsls	r2, r2, #2
 8005030:	400b      	ands	r3, r1
 8005032:	4293      	cmp	r3, r2
 8005034:	d003      	beq.n	800503e <__swsetup_r+0x86>
 8005036:	0021      	movs	r1, r4
 8005038:	0028      	movs	r0, r5
 800503a:	f000 f863 	bl	8005104 <__smakebuf_r>
 800503e:	230c      	movs	r3, #12
 8005040:	5ee2      	ldrsh	r2, [r4, r3]
 8005042:	2101      	movs	r1, #1
 8005044:	0013      	movs	r3, r2
 8005046:	400b      	ands	r3, r1
 8005048:	420a      	tst	r2, r1
 800504a:	d00b      	beq.n	8005064 <__swsetup_r+0xac>
 800504c:	2300      	movs	r3, #0
 800504e:	60a3      	str	r3, [r4, #8]
 8005050:	6963      	ldr	r3, [r4, #20]
 8005052:	425b      	negs	r3, r3
 8005054:	61a3      	str	r3, [r4, #24]
 8005056:	2000      	movs	r0, #0
 8005058:	6923      	ldr	r3, [r4, #16]
 800505a:	4283      	cmp	r3, r0
 800505c:	d101      	bne.n	8005062 <__swsetup_r+0xaa>
 800505e:	0613      	lsls	r3, r2, #24
 8005060:	d4be      	bmi.n	8004fe0 <__swsetup_r+0x28>
 8005062:	bd70      	pop	{r4, r5, r6, pc}
 8005064:	0791      	lsls	r1, r2, #30
 8005066:	d400      	bmi.n	800506a <__swsetup_r+0xb2>
 8005068:	6963      	ldr	r3, [r4, #20]
 800506a:	60a3      	str	r3, [r4, #8]
 800506c:	e7f3      	b.n	8005056 <__swsetup_r+0x9e>
 800506e:	46c0      	nop			; (mov r8, r8)
 8005070:	2000001c 	.word	0x2000001c

08005074 <_sbrk_r>:
 8005074:	2300      	movs	r3, #0
 8005076:	b570      	push	{r4, r5, r6, lr}
 8005078:	4d06      	ldr	r5, [pc, #24]	; (8005094 <_sbrk_r+0x20>)
 800507a:	0004      	movs	r4, r0
 800507c:	0008      	movs	r0, r1
 800507e:	602b      	str	r3, [r5, #0]
 8005080:	f7fb fbe6 	bl	8000850 <_sbrk>
 8005084:	1c43      	adds	r3, r0, #1
 8005086:	d103      	bne.n	8005090 <_sbrk_r+0x1c>
 8005088:	682b      	ldr	r3, [r5, #0]
 800508a:	2b00      	cmp	r3, #0
 800508c:	d000      	beq.n	8005090 <_sbrk_r+0x1c>
 800508e:	6023      	str	r3, [r4, #0]
 8005090:	bd70      	pop	{r4, r5, r6, pc}
 8005092:	46c0      	nop			; (mov r8, r8)
 8005094:	2000084c 	.word	0x2000084c

08005098 <memchr>:
 8005098:	b2c9      	uxtb	r1, r1
 800509a:	1882      	adds	r2, r0, r2
 800509c:	4290      	cmp	r0, r2
 800509e:	d101      	bne.n	80050a4 <memchr+0xc>
 80050a0:	2000      	movs	r0, #0
 80050a2:	4770      	bx	lr
 80050a4:	7803      	ldrb	r3, [r0, #0]
 80050a6:	428b      	cmp	r3, r1
 80050a8:	d0fb      	beq.n	80050a2 <memchr+0xa>
 80050aa:	3001      	adds	r0, #1
 80050ac:	e7f6      	b.n	800509c <memchr+0x4>
	...

080050b0 <__swhatbuf_r>:
 80050b0:	b570      	push	{r4, r5, r6, lr}
 80050b2:	000e      	movs	r6, r1
 80050b4:	001d      	movs	r5, r3
 80050b6:	230e      	movs	r3, #14
 80050b8:	5ec9      	ldrsh	r1, [r1, r3]
 80050ba:	0014      	movs	r4, r2
 80050bc:	b096      	sub	sp, #88	; 0x58
 80050be:	2900      	cmp	r1, #0
 80050c0:	da0c      	bge.n	80050dc <__swhatbuf_r+0x2c>
 80050c2:	89b2      	ldrh	r2, [r6, #12]
 80050c4:	2380      	movs	r3, #128	; 0x80
 80050c6:	0011      	movs	r1, r2
 80050c8:	4019      	ands	r1, r3
 80050ca:	421a      	tst	r2, r3
 80050cc:	d114      	bne.n	80050f8 <__swhatbuf_r+0x48>
 80050ce:	2380      	movs	r3, #128	; 0x80
 80050d0:	00db      	lsls	r3, r3, #3
 80050d2:	2000      	movs	r0, #0
 80050d4:	6029      	str	r1, [r5, #0]
 80050d6:	6023      	str	r3, [r4, #0]
 80050d8:	b016      	add	sp, #88	; 0x58
 80050da:	bd70      	pop	{r4, r5, r6, pc}
 80050dc:	466a      	mov	r2, sp
 80050de:	f000 f853 	bl	8005188 <_fstat_r>
 80050e2:	2800      	cmp	r0, #0
 80050e4:	dbed      	blt.n	80050c2 <__swhatbuf_r+0x12>
 80050e6:	23f0      	movs	r3, #240	; 0xf0
 80050e8:	9901      	ldr	r1, [sp, #4]
 80050ea:	021b      	lsls	r3, r3, #8
 80050ec:	4019      	ands	r1, r3
 80050ee:	4b04      	ldr	r3, [pc, #16]	; (8005100 <__swhatbuf_r+0x50>)
 80050f0:	18c9      	adds	r1, r1, r3
 80050f2:	424b      	negs	r3, r1
 80050f4:	4159      	adcs	r1, r3
 80050f6:	e7ea      	b.n	80050ce <__swhatbuf_r+0x1e>
 80050f8:	2100      	movs	r1, #0
 80050fa:	2340      	movs	r3, #64	; 0x40
 80050fc:	e7e9      	b.n	80050d2 <__swhatbuf_r+0x22>
 80050fe:	46c0      	nop			; (mov r8, r8)
 8005100:	ffffe000 	.word	0xffffe000

08005104 <__smakebuf_r>:
 8005104:	b5f0      	push	{r4, r5, r6, r7, lr}
 8005106:	2602      	movs	r6, #2
 8005108:	898b      	ldrh	r3, [r1, #12]
 800510a:	0005      	movs	r5, r0
 800510c:	000c      	movs	r4, r1
 800510e:	b085      	sub	sp, #20
 8005110:	4233      	tst	r3, r6
 8005112:	d007      	beq.n	8005124 <__smakebuf_r+0x20>
 8005114:	0023      	movs	r3, r4
 8005116:	3347      	adds	r3, #71	; 0x47
 8005118:	6023      	str	r3, [r4, #0]
 800511a:	6123      	str	r3, [r4, #16]
 800511c:	2301      	movs	r3, #1
 800511e:	6163      	str	r3, [r4, #20]
 8005120:	b005      	add	sp, #20
 8005122:	bdf0      	pop	{r4, r5, r6, r7, pc}
 8005124:	ab03      	add	r3, sp, #12
 8005126:	aa02      	add	r2, sp, #8
 8005128:	f7ff ffc2 	bl	80050b0 <__swhatbuf_r>
 800512c:	9f02      	ldr	r7, [sp, #8]
 800512e:	9001      	str	r0, [sp, #4]
 8005130:	0039      	movs	r1, r7
 8005132:	0028      	movs	r0, r5
 8005134:	f7ff faec 	bl	8004710 <_malloc_r>
 8005138:	2800      	cmp	r0, #0
 800513a:	d108      	bne.n	800514e <__smakebuf_r+0x4a>
 800513c:	220c      	movs	r2, #12
 800513e:	5ea3      	ldrsh	r3, [r4, r2]
 8005140:	059a      	lsls	r2, r3, #22
 8005142:	d4ed      	bmi.n	8005120 <__smakebuf_r+0x1c>
 8005144:	2203      	movs	r2, #3
 8005146:	4393      	bics	r3, r2
 8005148:	431e      	orrs	r6, r3
 800514a:	81a6      	strh	r6, [r4, #12]
 800514c:	e7e2      	b.n	8005114 <__smakebuf_r+0x10>
 800514e:	2380      	movs	r3, #128	; 0x80
 8005150:	89a2      	ldrh	r2, [r4, #12]
 8005152:	6020      	str	r0, [r4, #0]
 8005154:	4313      	orrs	r3, r2
 8005156:	81a3      	strh	r3, [r4, #12]
 8005158:	9b03      	ldr	r3, [sp, #12]
 800515a:	6120      	str	r0, [r4, #16]
 800515c:	6167      	str	r7, [r4, #20]
 800515e:	2b00      	cmp	r3, #0
 8005160:	d00c      	beq.n	800517c <__smakebuf_r+0x78>
 8005162:	0028      	movs	r0, r5
 8005164:	230e      	movs	r3, #14
 8005166:	5ee1      	ldrsh	r1, [r4, r3]
 8005168:	f000 f820 	bl	80051ac <_isatty_r>
 800516c:	2800      	cmp	r0, #0
 800516e:	d005      	beq.n	800517c <__smakebuf_r+0x78>
 8005170:	2303      	movs	r3, #3
 8005172:	89a2      	ldrh	r2, [r4, #12]
 8005174:	439a      	bics	r2, r3
 8005176:	3b02      	subs	r3, #2
 8005178:	4313      	orrs	r3, r2
 800517a:	81a3      	strh	r3, [r4, #12]
 800517c:	89a3      	ldrh	r3, [r4, #12]
 800517e:	9a01      	ldr	r2, [sp, #4]
 8005180:	4313      	orrs	r3, r2
 8005182:	81a3      	strh	r3, [r4, #12]
 8005184:	e7cc      	b.n	8005120 <__smakebuf_r+0x1c>
	...

08005188 <_fstat_r>:
 8005188:	2300      	movs	r3, #0
 800518a:	b570      	push	{r4, r5, r6, lr}
 800518c:	4d06      	ldr	r5, [pc, #24]	; (80051a8 <_fstat_r+0x20>)
 800518e:	0004      	movs	r4, r0
 8005190:	0008      	movs	r0, r1
 8005192:	0011      	movs	r1, r2
 8005194:	602b      	str	r3, [r5, #0]
 8005196:	f7fb fb38 	bl	800080a <_fstat>
 800519a:	1c43      	adds	r3, r0, #1
 800519c:	d103      	bne.n	80051a6 <_fstat_r+0x1e>
 800519e:	682b      	ldr	r3, [r5, #0]
 80051a0:	2b00      	cmp	r3, #0
 80051a2:	d000      	beq.n	80051a6 <_fstat_r+0x1e>
 80051a4:	6023      	str	r3, [r4, #0]
 80051a6:	bd70      	pop	{r4, r5, r6, pc}
 80051a8:	2000084c 	.word	0x2000084c

080051ac <_isatty_r>:
 80051ac:	2300      	movs	r3, #0
 80051ae:	b570      	push	{r4, r5, r6, lr}
 80051b0:	4d06      	ldr	r5, [pc, #24]	; (80051cc <_isatty_r+0x20>)
 80051b2:	0004      	movs	r4, r0
 80051b4:	0008      	movs	r0, r1
 80051b6:	602b      	str	r3, [r5, #0]
 80051b8:	f7fb fb35 	bl	8000826 <_isatty>
 80051bc:	1c43      	adds	r3, r0, #1
 80051be:	d103      	bne.n	80051c8 <_isatty_r+0x1c>
 80051c0:	682b      	ldr	r3, [r5, #0]
 80051c2:	2b00      	cmp	r3, #0
 80051c4:	d000      	beq.n	80051c8 <_isatty_r+0x1c>
 80051c6:	6023      	str	r3, [r4, #0]
 80051c8:	bd70      	pop	{r4, r5, r6, pc}
 80051ca:	46c0      	nop			; (mov r8, r8)
 80051cc:	2000084c 	.word	0x2000084c

080051d0 <_init>:
 80051d0:	b5f8      	push	{r3, r4, r5, r6, r7, lr}
 80051d2:	46c0      	nop			; (mov r8, r8)
 80051d4:	bcf8      	pop	{r3, r4, r5, r6, r7}
 80051d6:	bc08      	pop	{r3}
 80051d8:	469e      	mov	lr, r3
 80051da:	4770      	bx	lr

080051dc <_fini>:
 80051dc:	b5f8      	push	{r3, r4, r5, r6, r7, lr}
 80051de:	46c0      	nop			; (mov r8, r8)
 80051e0:	bcf8      	pop	{r3, r4, r5, r6, r7}
 80051e2:	bc08      	pop	{r3}
 80051e4:	469e      	mov	lr, r3
 80051e6:	4770      	bx	lr
